0.7629348039627075,0.572742760181427,0.7038018107414246,0.5386180281639099,0.6497865319252014,0.4727705717086792,0.6021748781204224,0.415489137172699,0.5530690550804138,0.3837023377418518,0.6858580708503723,0.3370967209339142,0.6506156325340271,0.24398350715637207,0.6293735504150391,0.18623442947864532,0.6123742461204529,0.13103818893432617,0.729969322681427,0.3160320818424225,0.7112088799476624,0.20677824318408966,0.6982415914535522,0.13699570298194885,0.6850864887237549,0.07270824909210205,0.7749295830726624,0.32567912340164185,0.7740411162376404,0.22605742514133453,0.7734317779541016,0.1597706526517868,0.7687496542930603,0.09738379716873169,0.8178105354309082,0.3569936752319336,0.8351570963859558,0.29037609696388245,0.8475978374481201,0.24581077694892883,0.8565115332603455,0.202231764793396,help
0.7519272565841675,0.5867927670478821,0.6932953596115112,0.5468225479125977,0.6396843791007996,0.47688648104667664,0.5937904119491577,0.4181436002254486,0.5464717149734497,0.3876636028289795,0.6814243197441101,0.34420299530029297,0.6538567543029785,0.24577723443508148,0.6380743980407715,0.18504704535007477,0.62722247838974,0.12780927121639252,0.7253429889678955,0.32776403427124023,0.7092908620834351,0.21699406206607819,0.6997687220573425,0.14580026268959045,0.6910678148269653,0.07993754744529724,0.7700526118278503,0.3396260738372803,0.7692992091178894,0.23714134097099304,0.7709906101226807,0.16912537813186646,0.7702221870422363,0.10434365272521973,0.8132054209709167,0.37065190076828003,0.8276064395904541,0.2945100963115692,0.8386585712432861,0.24208280444145203,0.8478059768676758,0.18906660377979279,help
0.7544202208518982,0.5823508501052856,0.6956101655960083,0.5438132286071777,0.642174482345581,0.4748261570930481,0.5960399508476257,0.4165564179420471,0.5482505559921265,0.38706159591674805,0.6823633313179016,0.3424740731716156,0.6548992991447449,0.244114950299263,0.6392260193824768,0.1827230006456375,0.6283894777297974,0.1247309148311615,0.7267913818359375,0.32549354434013367,0.7112102508544922,0.21485891938209534,0.7014928460121155,0.14314013719558716,0.6925332546234131,0.0765623152256012,0.7719829082489014,0.3368723690509796,0.7717071771621704,0.2338799089193344,0.7727158069610596,0.16481706500053406,0.771181046962738,0.09915629029273987,0.8155054450035095,0.367291659116745,0.8318132162094116,0.2908996045589447,0.8436605930328369,0.23785696923732758,0.8532356023788452,0.1842537820339203,help
0.751946210861206,0.5888476371765137,0.6930608749389648,0.5514712333679199,0.641900897026062,0.47947049140930176,0.6053826212882996,0.41158562898635864,0.5633498430252075,0.37061044573783875,0.6798983812332153,0.3535400331020355,0.6496205925941467,0.25335025787353516,0.6330881118774414,0.19159433245658875,0.621902585029602,0.13309931755065918,0.7242574095726013,0.33555060625076294,0.7069509029388428,0.22055019438266754,0.696459949016571,0.14834821224212646,0.6873152852058411,0.08288264274597168,0.7691654562950134,0.34472018480300903,0.7675086259841919,0.2397761195898056,0.767017662525177,0.16923047602176666,0.764481246471405,0.10392022132873535,0.8129911422729492,0.3726591169834137,0.8271539211273193,0.29495275020599365,0.8383365273475647,0.24032363295555115,0.8476083874702454,0.1863219141960144,help
0.744843065738678,0.5911136269569397,0.684891402721405,0.5519149899482727,0.6300165057182312,0.48062026500701904,0.5832500457763672,0.4210912585258484,0.5350306034088135,0.391574501991272,0.667900025844574,0.3477376699447632,0.6384361982345581,0.2479347288608551,0.62171870470047,0.18705129623413086,0.6099297404289246,0.12876302003860474,0.712422251701355,0.329856812953949,0.6949458718299866,0.21668805181980133,0.6840118169784546,0.14423052966594696,0.6735957860946655,0.07703939080238342,0.7575573921203613,0.34115269780158997,0.7559674382209778,0.23515960574150085,0.7560135126113892,0.16518601775169373,0.753079891204834,0.0987386405467987,0.8007462024688721,0.3722189664840698,0.8140602707862854,0.2943960130214691,0.8238927721977234,0.2402144819498062,0.8314343690872192,0.185684472322464,help
0.7422317862510681,0.5912092924118042,0.6823526620864868,0.555282473564148,0.6237171292304993,0.4904594123363495,0.5734283924102783,0.439608633518219,0.5264840126037598,0.413524329662323,0.6642845273017883,0.34968313574790955,0.6264215707778931,0.2544907033443451,0.6056084632873535,0.1929861456155777,0.5905911922454834,0.13740113377571106,0.7111098766326904,0.3303750455379486,0.6957128643989563,0.21473990380764008,0.6867108941078186,0.139603391289711,0.6779072880744934,0.0741727352142334,0.7577482461929321,0.340574711561203,0.7605152726173401,0.2386050969362259,0.761820912361145,0.1687159389257431,0.7592760920524597,0.10622775554656982,0.8016865849494934,0.3729807138442993,0.8307557106018066,0.30413782596588135,0.8513305187225342,0.2565978467464447,0.8669313788414001,0.21153679490089417,help
0.7391976118087769,0.5948494076728821,0.6799241900444031,0.5567468404769897,0.6227841377258301,0.4950774610042572,0.5728237628936768,0.4464341998100281,0.5255533456802368,0.4207828938961029,0.6657902598381042,0.35356107354164124,0.6251910328865051,0.2636767327785492,0.601657509803772,0.2046772837638855,0.584774374961853,0.15170696377754211,0.7141374945640564,0.3344876170158386,0.7128848433494568,0.2184527963399887,0.7150259017944336,0.14299069344997406,0.7164044976234436,0.07880836725234985,0.7602954506874084,0.34731346368789673,0.7754116058349609,0.24569547176361084,0.7852482795715332,0.17747445404529572,0.7909194231033325,0.11643752455711365,0.8022734522819519,0.3848058879375458,0.8391171097755432,0.318330854177475,0.8641589879989624,0.27300652861595154,0.8836010098457336,0.2295919954776764,help
0.7386341094970703,0.5946680307388306,0.6792973279953003,0.5575658082962036,0.6223904490470886,0.49469977617263794,0.5719485282897949,0.44561541080474854,0.5247339010238647,0.42170387506484985,0.6677724123001099,0.3560687005519867,0.6272594332695007,0.2640202045440674,0.604566216468811,0.20404492318630219,0.5886141061782837,0.15031924843788147,0.7153242826461792,0.3365655243396759,0.7064895629882812,0.22012218832969666,0.7018210291862488,0.14481066167354584,0.6967244148254395,0.07943069934844971,0.7615992426872253,0.34960633516311646,0.7772499322891235,0.24761486053466797,0.7857726216316223,0.17786820232868195,0.7894426584243774,0.11534422636032104,0.8031981587409973,0.38763052225112915,0.8439175486564636,0.32480156421661377,0.8698203563690186,0.28051549196243286,0.8895707130432129,0.2373635470867157,help
0.7424319386482239,0.5937330722808838,0.6829066276550293,0.5571483373641968,0.6256104707717896,0.49514979124069214,0.5745601654052734,0.4463004469871521,0.5261295437812805,0.42060884833335876,0.6698194146156311,0.3561907410621643,0.6334059834480286,0.26072654128074646,0.6134487390518188,0.19907183945178986,0.5989083647727966,0.14332623779773712,0.7171546220779419,0.3371516466140747,0.7051430344581604,0.22054508328437805,0.697614312171936,0.1454448252916336,0.689819872379303,0.07974496483802795,0.7637196183204651,0.3493134677410126,0.7746008038520813,0.24581462144851685,0.7812087535858154,0.1768418401479721,0.7831422090530396,0.11488357186317444,0.806292712688446,0.3850957751274109,0.8417297601699829,0.31933459639549255,0.8652567267417908,0.27398693561553955,0.8832145929336548,0.23019887506961823,help
0.7398191690444946,0.5920926332473755,0.6807022094726562,0.5552616119384766,0.624104380607605,0.49462056159973145,0.5738189816474915,0.4467536509037018,0.5257052779197693,0.42214831709861755,0.6690483689308167,0.3572045862674713,0.6323451995849609,0.26138216257095337,0.6118878126144409,0.1994616985321045,0.5971401929855347,0.14369280636310577,0.7161760926246643,0.3389478325843811,0.7038139700889587,0.22147192060947418,0.695836067199707,0.14589785039424896,0.6876721978187561,0.08017879724502563,0.7626274824142456,0.35089024901390076,0.7731041312217712,0.24636609852313995,0.779329776763916,0.17661744356155396,0.7808107137680054,0.11435693502426147,0.8051422238349915,0.3856784701347351,0.8401944637298584,0.3185967206954956,0.8634850382804871,0.27283981442451477,0.8812106847763062,0.22912178933620453,help
0.7403141260147095,0.5924075245857239,0.6800990700721741,0.5547457933425903,0.6234477162361145,0.4929617941379547,0.572812557220459,0.4448862075805664,0.5241625308990479,0.42018306255340576,0.6673529744148254,0.3546622097492218,0.6306586265563965,0.25906968116760254,0.6105771660804749,0.1972193568944931,0.5960103869438171,0.14098355174064636,0.7152071595191956,0.3357766270637512,0.7027139067649841,0.2188221961259842,0.6947757601737976,0.14330103993415833,0.6864773035049438,0.07644021511077881,0.7622078061103821,0.34794265031814575,0.7722896337509155,0.24329620599746704,0.7787894010543823,0.17347858846187592,0.7805096507072449,0.11056575179100037,0.8051586151123047,0.38366955518722534,0.8396113514900208,0.3162086308002472,0.86284339427948,0.27016517519950867,0.8802285194396973,0.22583024203777313,help
0.7347795963287354,0.5916953086853027,0.673626184463501,0.5574933290481567,0.61360764503479,0.5033919215202332,0.5603271722793579,0.46554335951805115,0.5111186504364014,0.45107218623161316,0.6553387641906738,0.356092244386673,0.6069466471672058,0.2691187858581543,0.5799592733383179,0.21336133778095245,0.5602084398269653,0.16366517543792725,0.7032888531684875,0.33459222316741943,0.6916269063949585,0.219599187374115,0.6851954460144043,0.1454179435968399,0.678961992263794,0.0832974910736084,0.750508189201355,0.3466125428676605,0.760585606098175,0.2459709644317627,0.7651514410972595,0.17783397436141968,0.7664841413497925,0.11712360382080078,0.7939305901527405,0.3845010995864868,0.8327609300613403,0.32027244567871094,0.8587630987167358,0.27640244364738464,0.8786495327949524,0.23444943130016327,help
0.7330477237701416,0.5941253900527954,0.6717740893363953,0.5595311522483826,0.6109744310379028,0.5049421787261963,0.556837260723114,0.469682514667511,0.5072146058082581,0.4587664008140564,0.6524009704589844,0.35846462845802307,0.603408932685852,0.27178871631622314,0.5762759447097778,0.2161688208580017,0.5563029646873474,0.1673571765422821,0.7000937461853027,0.3366984724998474,0.6865727305412292,0.22213894128799438,0.6790190935134888,0.1480444222688675,0.6720631122589111,0.08664137125015259,0.7473491430282593,0.3477998673915863,0.7565022110939026,0.2474508285522461,0.7604994773864746,0.17914818227291107,0.7613610029220581,0.11857396364212036,0.7910608053207397,0.38416314125061035,0.8293089866638184,0.3203169107437134,0.8549103140830994,0.2763611972332001,0.8744785785675049,0.2344643771648407,help
0.7326006889343262,0.5915067791938782,0.671506941318512,0.5569391846656799,0.6116884350776672,0.504390299320221,0.5579859614372253,0.46877315640449524,0.5080888867378235,0.4565124809741974,0.653749406337738,0.3575780391693115,0.6067269444465637,0.268884539604187,0.5807477831840515,0.21278159320354462,0.5614668726921082,0.16377073526382446,0.7015990018844604,0.33641472458839417,0.6874337792396545,0.22061973810195923,0.6796268820762634,0.14589856564998627,0.6725114583969116,0.08360657095909119,0.7489579319953918,0.34824293851852417,0.7582522034645081,0.24696913361549377,0.7624960541725159,0.17817918956279755,0.7634867429733276,0.11711385846138,0.7926808595657349,0.38485023379325867,0.8310194611549377,0.31992101669311523,0.8563952445983887,0.2758971154689789,0.8758558034896851,0.23358948528766632,help
0.7339840531349182,0.5929387211799622,0.6722833514213562,0.5589255094528198,0.612214207649231,0.5056096911430359,0.5580522418022156,0.4692566692829132,0.5084820985794067,0.45757201313972473,0.6570441722869873,0.3591516613960266,0.6150155067443848,0.26548048853874207,0.5929583311080933,0.20526659488677979,0.5770376324653625,0.1519310623407364,0.7051115036010742,0.33933714032173157,0.6907797455787659,0.22145450115203857,0.6826772689819336,0.14622901380062103,0.6751119494438171,0.08229893445968628,0.7520931959152222,0.3514304459095001,0.7611954212188721,0.24682405591011047,0.7656493186950684,0.17675629258155823,0.7665112018585205,0.11501267552375793,0.7951748967170715,0.38797542452812195,0.8350253105163574,0.32248857617378235,0.8617141246795654,0.277285635471344,0.8823577165603638,0.23424291610717773,help
0.7358567118644714,0.5909357070922852,0.6748605966567993,0.5571950078010559,0.6155165433883667,0.5055316090583801,0.560846745967865,0.47161415219306946,0.5106924772262573,0.46335768699645996,0.6603138446807861,0.35580331087112427,0.6244931221008301,0.2570495009422302,0.6057435870170593,0.19497743248939514,0.592327892780304,0.13965310156345367,0.7070128321647644,0.33670851588249207,0.6914395093917847,0.21885927021503448,0.6817722320556641,0.14385783672332764,0.6728918552398682,0.07995486259460449,0.7538736462593079,0.34817424416542053,0.7585655450820923,0.24226520955562592,0.7602567076683044,0.17335137724876404,0.7586736083030701,0.11234298348426819,0.7978588342666626,0.3828043043613434,0.8330525159835815,0.3153076767921448,0.8564288020133972,0.2672358453273773,0.8745002150535583,0.22114711999893188,help
0.7345337271690369,0.5902031660079956,0.6735312938690186,0.5566542148590088,0.613844633102417,0.5038911700248718,0.5581587553024292,0.4708003103733063,0.5078067779541016,0.46292659640312195,0.6592727303504944,0.3531533479690552,0.6215885281562805,0.25395795702934265,0.6024498343467712,0.1909026801586151,0.5891705751419067,0.13501445949077606,0.7058756351470947,0.33448541164398193,0.6878243684768677,0.21571138501167297,0.6767323613166809,0.1410185843706131,0.6664620041847229,0.07810619473457336,0.7532448172569275,0.34559008479118347,0.7565281391143799,0.23799891769886017,0.7567250728607178,0.16822345554828644,0.7534059882164001,0.1071290671825409,0.7981491684913635,0.37973520159721375,0.8333903551101685,0.30986499786376953,0.8566416501998901,0.2605874538421631,0.874062180519104,0.21363268792629242,help
0.7338247299194336,0.5889703035354614,0.6734731793403625,0.555234432220459,0.6142526268959045,0.50322026014328,0.5587872862815857,0.4703369736671448,0.5082437992095947,0.4621672034263611,0.6581539511680603,0.351868212223053,0.6212495565414429,0.25372201204299927,0.6022961139678955,0.19145222008228302,0.5888057351112366,0.13558785617351532,0.7051862478256226,0.33328762650489807,0.6874687671661377,0.2156556099653244,0.6762199997901917,0.1413414180278778,0.6653853058815002,0.07718652486801147,0.7526758909225464,0.3450593948364258,0.7563886046409607,0.23768550157546997,0.7568102478981018,0.16780850291252136,0.7534741163253784,0.1052970290184021,0.7972843050956726,0.38008126616477966,0.8326611518859863,0.3099207580089569,0.8562654852867126,0.2600627541542053,0.8740507364273071,0.21164098381996155,help
0.7338108420372009,0.588303804397583,0.6738812923431396,0.5531368255615234,0.6143583059310913,0.5015953183174133,0.5584917068481445,0.4699309468269348,0.5084471702575684,0.46294283866882324,0.6591194272041321,0.35149306058883667,0.6212406158447266,0.25310808420181274,0.6020888090133667,0.19028250873088837,0.5887959599494934,0.13448122143745422,0.7054393291473389,0.33214879035949707,0.6872040629386902,0.21474231779575348,0.6761671304702759,0.14034248888492584,0.6659243702888489,0.07746148109436035,0.7524756789207458,0.3427674472332001,0.7553364038467407,0.23726968467235565,0.7554352283477783,0.1674014776945114,0.7521046996116638,0.10603943467140198,0.7969087958335876,0.3765747547149658,0.8318449854850769,0.307956337928772,0.8550400733947754,0.2590147852897644,0.8726583123207092,0.21238242089748383,help
0.7343966364860535,0.5860239267349243,0.6736077666282654,0.5534595251083374,0.6142282485961914,0.5022439360618591,0.5588940382003784,0.46872222423553467,0.5081015229225159,0.4604031443595886,0.658639132976532,0.35098323225975037,0.621090829372406,0.25245893001556396,0.6019077301025391,0.189975306391716,0.5880833268165588,0.13407519459724426,0.7054128050804138,0.3316833972930908,0.6876594424247742,0.21413622796535492,0.6762456893920898,0.13971593976020813,0.6653262376785278,0.0759129524230957,0.7526489496231079,0.34269019961357117,0.7561301589012146,0.23649415373802185,0.7563031911849976,0.16629044711589813,0.752843976020813,0.1039944589138031,0.7970970869064331,0.37671923637390137,0.8323465585708618,0.3072381615638733,0.8557211756706238,0.2577628195285797,0.8733546733856201,0.2104204297065735,help
0.7340172529220581,0.5871462821960449,0.6739473342895508,0.5537216067314148,0.6144080758094788,0.5015766024589539,0.5587815642356873,0.4685777425765991,0.508305549621582,0.46179503202438354,0.6583760380744934,0.35095614194869995,0.6211692094802856,0.25290876626968384,0.6019669771194458,0.1906377226114273,0.5884371399879456,0.1350119411945343,0.7051804065704346,0.33181285858154297,0.6873798966407776,0.21431586146354675,0.6762657165527344,0.14031358063220978,0.6659539937973022,0.07720956206321716,0.7525867819786072,0.34286707639694214,0.7562423348426819,0.23599091172218323,0.7567528486251831,0.16626980900764465,0.753667950630188,0.10455042123794556,0.7972766757011414,0.3769812285900116,0.8320188522338867,0.3072855472564697,0.8550957441329956,0.2574341595172882,0.872361421585083,0.20967024564743042,help
0.7341327667236328,0.5892064571380615,0.6736112833023071,0.5557129979133606,0.6139156818389893,0.5027456283569336,0.5579708218574524,0.46997687220573425,0.5077833533287048,0.46310850977897644,0.6589453220367432,0.35137075185775757,0.6213923692703247,0.2531850337982178,0.6021903157234192,0.19080381095409393,0.588566243648529,0.13524921238422394,0.7058034539222717,0.3324268162250519,0.6875244975090027,0.2151181548833847,0.6762967109680176,0.14065320789813995,0.6658618450164795,0.0770263671875,0.7531918287277222,0.34387654066085815,0.7563055157661438,0.23734919726848602,0.756434977054596,0.16802242398262024,0.7529938220977783,0.10668778419494629,0.7977825999259949,0.37840157747268677,0.8322536945343018,0.3085964024066925,0.8548088669776917,0.2587991952896118,0.8716631531715393,0.21085405349731445,help
0.7346667051315308,0.5876068472862244,0.6735982894897461,0.5548704266548157,0.6141664385795593,0.503828227519989,0.5591961145401001,0.4699367880821228,0.508715808391571,0.46226954460144043,0.6584782600402832,0.35165050625801086,0.6214908361434937,0.2531503736972809,0.6024941205978394,0.1907695084810257,0.5886386036872864,0.13496197760105133,0.7051975131034851,0.33255019783973694,0.6876128911972046,0.21507270634174347,0.6763529181480408,0.14094965159893036,0.6655367016792297,0.07702910900115967,0.7524086833000183,0.34370386600494385,0.7563249468803406,0.23770193755626678,0.7566739320755005,0.16745419800281525,0.7534163594245911,0.10480472445487976,0.7970035076141357,0.3777761459350586,0.8322709798812866,0.30896008014678955,0.8557191491127014,0.2595166862010956,0.8735871315002441,0.21181702613830566,help
0.734170138835907,0.58904629945755,0.6736884117126465,0.5557857751846313,0.6151604652404785,0.5030508041381836,0.5594855546951294,0.46996793150901794,0.5085615515708923,0.46277305483818054,0.6587825417518616,0.35171958804130554,0.6219335198402405,0.25342604517936707,0.6028006076812744,0.1911737471818924,0.5889079570770264,0.13538073003292084,0.7056559324264526,0.33273568749427795,0.6881281733512878,0.21554157137870789,0.6767624020576477,0.14137373864650726,0.6657631993293762,0.07747617363929749,0.7531463503837585,0.34418946504592896,0.7567967176437378,0.237375870347023,0.757148027420044,0.16761718690395355,0.7538126111030579,0.1053752601146698,0.7978604435920715,0.37896376848220825,0.8327033519744873,0.30925074219703674,0.8557488918304443,0.259529709815979,0.8730347752571106,0.2115546315908432,help
0.7340405583381653,0.5882816314697266,0.6737179756164551,0.5545980930328369,0.6144119501113892,0.5022375583648682,0.5589800477027893,0.4696164131164551,0.5082661509513855,0.4615370035171509,0.6584481000900269,0.3529312014579773,0.6217378973960876,0.2543662488460541,0.6027491688728333,0.19164098799228668,0.5890291333198547,0.13571271300315857,0.7052673101425171,0.333938330411911,0.6871857643127441,0.21584917604923248,0.6761391162872314,0.14095741510391235,0.6659056544303894,0.07671329379081726,0.7528973817825317,0.34502068161964417,0.7557616233825684,0.23814399540424347,0.7563460469245911,0.16794203221797943,0.7534003853797913,0.10538631677627563,0.7978709936141968,0.37894073128700256,0.8324499130249023,0.3094363808631897,0.8557376861572266,0.25994032621383667,0.8733837008476257,0.21194154024124146,help
0.7339649796485901,0.5893436670303345,0.6737688183784485,0.5551329851150513,0.6146674156188965,0.5028626918792725,0.5595712065696716,0.4700903296470642,0.5091615319252014,0.46299242973327637,0.6588910818099976,0.35247188806533813,0.62205570936203,0.2543807625770569,0.6027776002883911,0.1919095665216446,0.5886858701705933,0.1360006481409073,0.7058050632476807,0.3335973024368286,0.6879209876060486,0.21634189784526825,0.6766074299812317,0.14168454706668854,0.6658806204795837,0.07740837335586548,0.7530649304389954,0.34517890214920044,0.7564822435379028,0.23852825164794922,0.7568313479423523,0.1679777204990387,0.7536439299583435,0.10502889752388,0.7973214983940125,0.3797510266304016,0.8325662016868591,0.31026238203048706,0.856480598449707,0.2606605887413025,0.8747264742851257,0.21283982694149017,help
0.7347375154495239,0.5888828039169312,0.6738705039024353,0.5549489855766296,0.6146278977394104,0.503247857093811,0.5593449473381042,0.4704388380050659,0.5090150833129883,0.46276456117630005,0.6594318151473999,0.3528936505317688,0.6224895715713501,0.25464510917663574,0.6034495830535889,0.19241252541542053,0.5897512435913086,0.13665896654129028,0.7060245275497437,0.33393794298171997,0.6883770823478699,0.21630364656448364,0.6771308779716492,0.1416919231414795,0.666558027267456,0.07736063003540039,0.7533669471740723,0.3455216586589813,0.7572782039642334,0.23809967935085297,0.7581760287284851,0.16755817830562592,0.755562424659729,0.1047428548336029,0.7980318069458008,0.3803618550300598,0.8335616588592529,0.3104340732097626,0.857636034488678,0.26080432534217834,0.8759984374046326,0.21296219527721405,help
0.7338412404060364,0.5912454724311829,0.6737978458404541,0.5570341348648071,0.6155114769935608,0.5043315291404724,0.56022047996521,0.4708014726638794,0.5090491771697998,0.46296823024749756,0.6591715812683105,0.35362520813941956,0.6222754120826721,0.2548465430736542,0.6031194925308228,0.19199208915233612,0.5894340872764587,0.1356535255908966,0.7058526277542114,0.3347015678882599,0.6881486773490906,0.216726154088974,0.6769765019416809,0.1417650431394577,0.6665284037590027,0.07749524712562561,0.7532167434692383,0.34667766094207764,0.7573332190513611,0.23887604475021362,0.7583781480789185,0.168336421251297,0.7559728622436523,0.10549986362457275,0.7976629137992859,0.3820047378540039,0.8339775800704956,0.31266963481903076,0.858376145362854,0.2630610764026642,0.8769456148147583,0.21512214839458466,help
0.7347955107688904,0.5879982113838196,0.6745057106018066,0.555554986000061,0.6151542067527771,0.5038528442382812,0.5602191686630249,0.4701422452926636,0.5096545219421387,0.46196338534355164,0.6595646739006042,0.35445135831832886,0.6225245594978333,0.25564542412757874,0.6030963063240051,0.19252073764801025,0.588861346244812,0.13612797856330872,0.7061488032341003,0.33515891432762146,0.6885150671005249,0.2168518602848053,0.6771286725997925,0.14188037812709808,0.6665221452713013,0.07742536067962646,0.7533596158027649,0.34647801518440247,0.7575054168701172,0.23885883390903473,0.7586760520935059,0.16801021993160248,0.7563585042953491,0.10501816868782043,0.7977370023727417,0.3811742663383484,0.8343444466590881,0.311941921710968,0.859411895275116,0.26281583309173584,0.8786836862564087,0.21545371413230896,help
0.7333369851112366,0.5883700251579285,0.6736494302749634,0.5543707013130188,0.6146400570869446,0.5022116899490356,0.5593993067741394,0.469155490398407,0.5092968344688416,0.46191808581352234,0.6594406366348267,0.3535158038139343,0.6219245195388794,0.25487083196640015,0.6028968691825867,0.1923525184392929,0.5893945693969727,0.13622887432575226,0.7061747312545776,0.33442923426628113,0.6885574460029602,0.2163524627685547,0.677203357219696,0.1416216790676117,0.6663722991943359,0.07745513319969177,0.753325879573822,0.34617194533348083,0.7584536075592041,0.23804336786270142,0.7597561478614807,0.16723279654979706,0.7573544383049011,0.10436999797821045,0.7973088026046753,0.3814324140548706,0.8347329497337341,0.31239053606987,0.859821617603302,0.2630402147769928,0.8789541721343994,0.21558092534542084,help
0.7350119948387146,0.5885140299797058,0.6742353439331055,0.5561636686325073,0.6139670014381409,0.5038256645202637,0.5588929057121277,0.47057026624679565,0.5086314082145691,0.4626733660697937,0.6596399545669556,0.3539673089981079,0.6219951510429382,0.25510480999946594,0.6029528379440308,0.1919969916343689,0.5890824198722839,0.1352934092283249,0.7062965035438538,0.33457595109939575,0.6883964538574219,0.2161741405725479,0.6774076223373413,0.14114198088645935,0.6671640276908875,0.07627630233764648,0.75322026014328,0.34625473618507385,0.7578325867652893,0.2385690063238144,0.7592383027076721,0.16679713129997253,0.7570948004722595,0.10270664095878601,0.7971667647361755,0.381161630153656,0.8343045711517334,0.31168755888938904,0.8599478602409363,0.2623940408229828,0.879671037197113,0.21475809812545776,help
0.7328715324401855,0.5903961062431335,0.6729103326797485,0.555427074432373,0.6141228079795837,0.5032262802124023,0.5584320425987244,0.4710841774940491,0.5080127716064453,0.46395617723464966,0.6591960787773132,0.3529963493347168,0.6216071248054504,0.2542400062084198,0.6021003723144531,0.19143956899642944,0.588267982006073,0.13480211794376373,0.7058629393577576,0.33392372727394104,0.6884428858757019,0.21587999165058136,0.6772453188896179,0.14080017805099487,0.6666750907897949,0.07610905170440674,0.7528550624847412,0.34560662508010864,0.7579095959663391,0.23775474727153778,0.7592540979385376,0.1669689118862152,0.7568773627281189,0.10385453701019287,0.7968201041221619,0.3808114528656006,0.8340681791305542,0.31166359782218933,0.8592774868011475,0.2624889612197876,0.8785373568534851,0.2151968628168106,help
0.7347705960273743,0.5898964405059814,0.6742459535598755,0.556808590888977,0.6151111721992493,0.5046595931053162,0.5593111515045166,0.47171488404273987,0.5082150101661682,0.46345651149749756,0.659264087677002,0.3534691035747528,0.6215676665306091,0.2547953724861145,0.6021124124526978,0.19159309566020966,0.5882182121276855,0.13507969677448273,0.7057458162307739,0.33441269397735596,0.6876645088195801,0.21578826010227203,0.6765027642250061,0.1409676969051361,0.6662737727165222,0.07693466544151306,0.7530288100242615,0.3457386791706085,0.7559441924095154,0.23800626397132874,0.7568642497062683,0.16704431176185608,0.7545796632766724,0.1039915382862091,0.7976539134979248,0.3797946870326996,0.8319553136825562,0.30966025590896606,0.8560464382171631,0.2604484558105469,0.8747806549072266,0.2132864147424698,help
0.7329314351081848,0.5892937183380127,0.6727930307388306,0.5546655654907227,0.6138376593589783,0.5041889548301697,0.5584328174591064,0.47302377223968506,0.5079192519187927,0.46500158309936523,0.6588866710662842,0.353578120470047,0.621194064617157,0.2559310495853424,0.6017642617225647,0.1935964822769165,0.5876777172088623,0.13716751337051392,0.7055904269218445,0.3344523310661316,0.6872277855873108,0.21723632514476776,0.6759508848190308,0.14267733693122864,0.6652443408966064,0.0778559148311615,0.7526293396949768,0.34583818912506104,0.7552433013916016,0.23929715156555176,0.756269633769989,0.1686665564775467,0.7537729740142822,0.10590046644210815,0.7966208457946777,0.37966737151145935,0.8286998271942139,0.3088568449020386,0.8507298827171326,0.2595113515853882,0.86759352684021,0.2125186175107956,help
0.7344546318054199,0.5915090441703796,0.6733641028404236,0.5559097528457642,0.6131870746612549,0.5034884810447693,0.55683434009552,0.4720406234264374,0.5065945982933044,0.4657742977142334,0.6586337089538574,0.35410523414611816,0.6207945346832275,0.2558518946170807,0.600941002368927,0.19282905757427216,0.5862033367156982,0.13668687641620636,0.7049394249916077,0.33477285504341125,0.6866561770439148,0.21714816987514496,0.6750977635383606,0.14226485788822174,0.6639574766159058,0.07820993661880493,0.7520492076873779,0.3460533618927002,0.754855215549469,0.23895959556102753,0.7561025023460388,0.16871234774589539,0.753709077835083,0.10639995336532593,0.796220064163208,0.379952996969223,0.827085554599762,0.309099942445755,0.8485302925109863,0.2599267363548279,0.8649155497550964,0.2131877839565277,help
0.7344671487808228,0.5910096168518066,0.6737715005874634,0.5548460483551025,0.6146305799484253,0.5026177763938904,0.5590040683746338,0.47124022245407104,0.5083460807800293,0.46409040689468384,0.6590892672538757,0.3551828861236572,0.6212815642356873,0.2563149333000183,0.600507378578186,0.1943528652191162,0.5847914218902588,0.13890662789344788,0.7050585150718689,0.33580633997917175,0.6865733861923218,0.21774226427078247,0.6750450134277344,0.14286638796329498,0.6643931269645691,0.07862663269042969,0.7519880533218384,0.3467963933944702,0.7542105913162231,0.24036425352096558,0.7552963495254517,0.17001619935035706,0.7531574964523315,0.10717004537582397,0.7966825366020203,0.38026171922683716,0.8271874189376831,0.3095325231552124,0.8482850790023804,0.26043397188186646,0.864449143409729,0.21333090960979462,help
0.7332305312156677,0.5899056792259216,0.6734896898269653,0.5551059246063232,0.6153838634490967,0.5031436681747437,0.5596467852592468,0.4713825583457947,0.5088789463043213,0.46419769525527954,0.6585429310798645,0.35394999384880066,0.6207820177078247,0.2559205889701843,0.6007510423660278,0.19364848732948303,0.5859493613243103,0.13756728172302246,0.7051854729652405,0.3340386152267456,0.6867685317993164,0.216191366314888,0.6751452088356018,0.14140361547470093,0.6641589999198914,0.07697144150733948,0.7524293661117554,0.3453902006149292,0.7549377679824829,0.23934568464756012,0.7557583451271057,0.16951033473014832,0.7530494928359985,0.10715693235397339,0.796600878238678,0.3795228898525238,0.8264018893241882,0.3090188503265381,0.8469420075416565,0.2604486644268036,0.8624509572982788,0.21397177875041962,help
0.734553873538971,0.5891860723495483,0.6742135882377625,0.5538313388824463,0.6149448156356812,0.5024767518043518,0.5588710308074951,0.4702402949333191,0.508219838142395,0.46238791942596436,0.659700870513916,0.3536660075187683,0.6217423677444458,0.2551979422569275,0.6014265418052673,0.19247572124004364,0.5862227082252502,0.13602088391780853,0.7063981294631958,0.3341940641403198,0.6877176761627197,0.21650122106075287,0.6759994626045227,0.14163216948509216,0.6648731231689453,0.07686811685562134,0.7537997961044312,0.34577640891075134,0.7560420632362366,0.23984602093696594,0.756843090057373,0.16925941407680511,0.7542043924331665,0.10648208856582642,0.7982648611068726,0.3798038959503174,0.827590823173523,0.3087247312068939,0.8476693630218506,0.259446918964386,0.862933337688446,0.2125076800584793,help
0.7355055212974548,0.5906068086624146,0.6747914552688599,0.5550098419189453,0.6156143546104431,0.5027398467063904,0.559161901473999,0.4709469676017761,0.5080931186676025,0.46315252780914307,0.6599502563476562,0.3538367748260498,0.622450590133667,0.2552807629108429,0.602129340171814,0.192721426486969,0.5866957902908325,0.13643553853034973,0.7065372467041016,0.3343997299671173,0.6882568597793579,0.2170177847146988,0.6764642000198364,0.1418704092502594,0.6652417182922363,0.07667118310928345,0.7536877989768982,0.34600046277046204,0.7557387948036194,0.2399599701166153,0.7564849853515625,0.16982044279575348,0.7538291811943054,0.10717901587486267,0.7977175712585449,0.38022327423095703,0.8265289664268494,0.3094070553779602,0.846308171749115,0.2604399621486664,0.8613306879997253,0.21363689005374908,help
0.7366042733192444,0.5901942253112793,0.6758231520652771,0.5551143884658813,0.6155638694763184,0.5028560161590576,0.5591968894004822,0.47110891342163086,0.5087628960609436,0.4643712639808655,0.6602938175201416,0.3548382520675659,0.6217724084854126,0.2562718987464905,0.6014468669891357,0.19390641152858734,0.5863281488418579,0.1375626176595688,0.7068061828613281,0.3349916934967041,0.6881791353225708,0.21720869839191437,0.6765732169151306,0.14228862524032593,0.6655132174491882,0.07715660333633423,0.7537460923194885,0.3460424840450287,0.7557755708694458,0.2403344064950943,0.7569329738616943,0.1701306700706482,0.7544847726821899,0.10764521360397339,0.797730565071106,0.37952232360839844,0.8254013657569885,0.30859482288360596,0.8446487784385681,0.2604053020477295,0.8591941595077515,0.21473167836666107,help
0.7346101403236389,0.58840012550354,0.6740782260894775,0.5525283813476562,0.6146278381347656,0.502231240272522,0.558595597743988,0.4707067906856537,0.5081939101219177,0.46370112895965576,0.6602867245674133,0.3542916178703308,0.6223285794258118,0.2560984492301941,0.6012594103813171,0.1942141205072403,0.5851653814315796,0.1383630931377411,0.7062463164329529,0.33464154601097107,0.6876868009567261,0.21766991913318634,0.6757230162620544,0.1430223137140274,0.6644236445426941,0.07822525501251221,0.7528351545333862,0.3456113636493683,0.7547703981399536,0.23985262215137482,0.7558693289756775,0.1701337695121765,0.7534045577049255,0.10783204436302185,0.796821117401123,0.37869125604629517,0.8236294984817505,0.3081433176994324,0.8418446183204651,0.2597651183605194,0.8556069731712341,0.21362286806106567,help
0.7345704436302185,0.5896226167678833,0.6744374632835388,0.551803469657898,0.6153644323348999,0.49953627586364746,0.5583930015563965,0.4689544141292572,0.5075179934501648,0.46225494146347046,0.6598486304283142,0.35393616557121277,0.6216504573822021,0.25562584400177,0.6005023717880249,0.19335997104644775,0.5845212340354919,0.1373061239719391,0.7059041261672974,0.333886057138443,0.6872266530990601,0.2167392373085022,0.6752455830574036,0.1420256495475769,0.6638060808181763,0.07792991399765015,0.7529909610748291,0.34479764103889465,0.7555683255195618,0.23857878148555756,0.7562710046768188,0.16853831708431244,0.7533124089241028,0.1064007580280304,0.7974476218223572,0.3783804774284363,0.8245022892951965,0.307475745677948,0.8423217535018921,0.25868338346481323,0.8553968667984009,0.21259035170078278,help
0.7333347797393799,0.5888656377792358,0.6738752126693726,0.5513918399810791,0.6139354705810547,0.4999215602874756,0.5575098991394043,0.4687434434890747,0.5072935819625854,0.4612986445426941,0.6595658659934998,0.3531514108181,0.6212533116340637,0.2549676299095154,0.6006331443786621,0.19272148609161377,0.5851756930351257,0.13637790083885193,0.7061005234718323,0.33375900983810425,0.6872074604034424,0.21700617671012878,0.6756293773651123,0.14217476546764374,0.6647658348083496,0.07709023356437683,0.7533013820648193,0.3453686535358429,0.7551359534263611,0.23993206024169922,0.7563213109970093,0.16950508952140808,0.75397789478302,0.1066422164440155,0.7977105379104614,0.3792572319507599,0.8247060179710388,0.308572918176651,0.8429298996925354,0.26031869649887085,0.8566638231277466,0.21413874626159668,help
0.7336875796318054,0.5891959071159363,0.6738017797470093,0.5524682998657227,0.6143823862075806,0.500252366065979,0.5580825805664062,0.46854591369628906,0.5073926448822021,0.46136415004730225,0.6598759293556213,0.35320156812667847,0.6219190359115601,0.2544900178909302,0.6012711524963379,0.19162218272686005,0.5858293771743774,0.1352987140417099,0.7059254050254822,0.3333651125431061,0.687616765499115,0.21553941071033478,0.6759483814239502,0.14043143391609192,0.6649839878082275,0.07611626386642456,0.7532280683517456,0.3445781171321869,0.7557557225227356,0.23843742907047272,0.7565804719924927,0.16789047420024872,0.7540401816368103,0.10518541932106018,0.797824501991272,0.37859418988227844,0.8272256851196289,0.3092288374900818,0.8470190167427063,0.2605458199977875,0.8622042536735535,0.21406744420528412,help
0.7335010170936584,0.5882200002670288,0.6731942296028137,0.553305447101593,0.6148971319198608,0.5022619962692261,0.5586457848548889,0.470682829618454,0.507212221622467,0.46382081508636475,0.6587479710578918,0.35284143686294556,0.6208568215370178,0.25456079840660095,0.6005581021308899,0.19178518652915955,0.5854280591011047,0.13507163524627686,0.7053925395011902,0.333500474691391,0.6873331069946289,0.21577894687652588,0.6760257482528687,0.14069950580596924,0.6654754281044006,0.07549306750297546,0.7528454065322876,0.3455354571342468,0.7559353113174438,0.23835203051567078,0.7567610740661621,0.16763298213481903,0.754347562789917,0.10410168766975403,0.7972739934921265,0.3804633319377899,0.8288716077804565,0.31041574478149414,0.8504747748374939,0.2612503170967102,0.8670527338981628,0.21356455981731415,help
0.7310605645179749,0.5881893038749695,0.6716117262840271,0.5545449256896973,0.6128710508346558,0.5040658712387085,0.5574604272842407,0.47244149446487427,0.5071389079093933,0.4659042954444885,0.6573460102081299,0.3526086211204529,0.6193801164627075,0.25515714287757874,0.5995852947235107,0.19271020591259003,0.584871232509613,0.13656459748744965,0.7043941020965576,0.332507461309433,0.6868051886558533,0.21609197556972504,0.6756013631820679,0.14151129126548767,0.6648789048194885,0.07699978351593018,0.7516841888427734,0.3442775309085846,0.7566226124763489,0.23871514201164246,0.7581568956375122,0.16881872713565826,0.7560195326805115,0.10630950331687927,0.7954268455505371,0.379777193069458,0.8305659294128418,0.31264910101890564,0.853814423084259,0.26443222165107727,0.8715708255767822,0.2174750715494156,help
0.7314830422401428,0.5877315402030945,0.6720633506774902,0.5548813343048096,0.6128762364387512,0.5035823583602905,0.557134211063385,0.47174596786499023,0.5063158273696899,0.46564021706581116,0.6565142273902893,0.35026100277900696,0.6179706454277039,0.25384873151779175,0.5980024337768555,0.19264620542526245,0.5831226110458374,0.1383124738931656,0.7034420371055603,0.33086830377578735,0.6853320002555847,0.2144293189048767,0.6740515232086182,0.1408936232328415,0.6634274125099182,0.0786263644695282,0.7508878111839294,0.3431433141231537,0.7567629218101501,0.23764760792255402,0.7579819560050964,0.16790756583213806,0.7555509209632874,0.10598868131637573,0.7951036691665649,0.37917378544807434,0.8324394822120667,0.312893807888031,0.8566317558288574,0.2651950716972351,0.8748069405555725,0.21882906556129456,help
0.7305582165718079,0.5881825089454651,0.67124342918396,0.555046796798706,0.6121495962142944,0.5025802850723267,0.5564767122268677,0.47114577889442444,0.5056014060974121,0.46518468856811523,0.656337559223175,0.35075852274894714,0.6174426078796387,0.25416362285614014,0.5970966815948486,0.19317841529846191,0.5823188424110413,0.13896362483501434,0.7027342319488525,0.33103081583976746,0.6843677759170532,0.21474403142929077,0.6733527183532715,0.14121487736701965,0.6631459593772888,0.07911723852157593,0.7497416734695435,0.34276527166366577,0.7560637593269348,0.2366936057806015,0.7586071491241455,0.16794969141483307,0.757276713848114,0.10709050297737122,0.7938352823257446,0.3783358931541443,0.8330657482147217,0.3124208152294159,0.8590652346611023,0.26547375321388245,0.8786869645118713,0.2200942188501358,help
0.7310596108436584,0.5859662294387817,0.6717052459716797,0.553949773311615,0.6121417880058289,0.5030037760734558,0.5565735101699829,0.4719204306602478,0.5055639743804932,0.46609362959861755,0.6558793783187866,0.3501133620738983,0.6165399551391602,0.254130482673645,0.5963451862335205,0.1929725706577301,0.5817651748657227,0.13841745257377625,0.7026395797729492,0.33059003949165344,0.6841294765472412,0.21514922380447388,0.6734246015548706,0.14175137877464294,0.6636434197425842,0.07905372977256775,0.7498855590820312,0.3425019383430481,0.7558788657188416,0.23622845113277435,0.7586334943771362,0.16801832616329193,0.7576659321784973,0.10722425580024719,0.7943291664123535,0.3785993754863739,0.833498477935791,0.3123178482055664,0.8599255681037903,0.26586660742759705,0.8800396919250488,0.2205299437046051,help
0.7315500974655151,0.5882564783096313,0.6719031929969788,0.5554815530776978,0.6119369268417358,0.5032252073287964,0.5550532341003418,0.4734424948692322,0.5040326118469238,0.47065868973731995,0.6566973328590393,0.3498530685901642,0.6174168586730957,0.25382372736930847,0.5974509716033936,0.19286620616912842,0.5833009481430054,0.13947086036205292,0.7030443549156189,0.3308321535587311,0.6843722462654114,0.21463900804519653,0.6739105582237244,0.140968456864357,0.6645095944404602,0.0794476568698883,0.7499843239784241,0.3427425026893616,0.7559601068496704,0.23607873916625977,0.7587423920631409,0.1675230860710144,0.7578889727592468,0.10712563991546631,0.794025182723999,0.37879350781440735,0.8336920738220215,0.3132897913455963,0.8605480194091797,0.2674023509025574,0.8807896375656128,0.22336484491825104,help
0.7318511009216309,0.589051365852356,0.6726778149604797,0.5555047988891602,0.6129419803619385,0.5059602856636047,0.5571460723876953,0.4766908288002014,0.5064019560813904,0.4721261262893677,0.6570522785186768,0.34979894757270813,0.6173683404922485,0.25399166345596313,0.597043514251709,0.19318890571594238,0.5824101567268372,0.13925336301326752,0.7034984230995178,0.33063143491744995,0.6854487657546997,0.21499572694301605,0.6749268174171448,0.141744926571846,0.6648867130279541,0.07977533340454102,0.7504432201385498,0.3428666591644287,0.7570167779922485,0.23682568967342377,0.7595624923706055,0.16859747469425201,0.7580047845840454,0.10837060213088989,0.7947620749473572,0.37929683923721313,0.834004282951355,0.31263163685798645,0.8602616190910339,0.26638263463974,0.8799120783805847,0.22230811417102814,help
0.733361542224884,0.5907095670700073,0.6718077659606934,0.5558789968490601,0.6143593788146973,0.4999009966850281,0.560925304889679,0.4600248336791992,0.5100510120391846,0.4429769217967987,0.6574806571006775,0.35451167821884155,0.624592661857605,0.25469326972961426,0.6073892116546631,0.19172516465187073,0.5956762433052063,0.135702446103096,0.7033479809761047,0.33588021993637085,0.6830114722251892,0.21971534192562103,0.6705712080001831,0.14568306505680084,0.6595258116722107,0.08098512887954712,0.7505648732185364,0.3465857207775116,0.7527672648429871,0.2389712631702423,0.7534825205802917,0.1683359593153,0.7505020499229431,0.10445296764373779,0.7958128452301025,0.37948429584503174,0.8244467377662659,0.3070521950721741,0.8437065482139587,0.256889671087265,0.8580824136734009,0.20838963985443115,help
0.7321889400482178,0.5914552211761475,0.6736382246017456,0.5567659139633179,0.6150731444358826,0.5052871704101562,0.5594806671142578,0.471682071685791,0.5089046955108643,0.4633250832557678,0.6582275629043579,0.35603755712509155,0.6139339804649353,0.2620238661766052,0.5893418788909912,0.20220671594142914,0.5709751844406128,0.1482970416545868,0.7053929567337036,0.3340408504009247,0.6905372738838196,0.2156228870153427,0.6815336346626282,0.1399020552635193,0.6729209423065186,0.07489818334579468,0.7525085210800171,0.3454563021659851,0.7603535652160645,0.2389031946659088,0.7640119791030884,0.16874976456165314,0.7638274431228638,0.1061653196811676,0.7963846325874329,0.38139277696609497,0.8321397304534912,0.31480851769447327,0.8551759719848633,0.26727572083473206,0.8723482489585876,0.22136639058589935,help
0.7320524454116821,0.5899451971054077,0.6735315918922424,0.5555583834648132,0.6143205165863037,0.5057414770126343,0.5593428611755371,0.4732830822467804,0.5094008445739746,0.46511271595954895,0.657637894153595,0.3568703234195709,0.6131396293640137,0.26266902685165405,0.5884711742401123,0.20331668853759766,0.5702261328697205,0.1500927209854126,0.7048191428184509,0.33507469296455383,0.6902565360069275,0.21505655348300934,0.6824141144752502,0.13889306783676147,0.6754333972930908,0.07369279861450195,0.7519714832305908,0.3464377820491791,0.7592267394065857,0.2398158758878708,0.7636030912399292,0.16956399381160736,0.764701247215271,0.10708203911781311,0.796027421951294,0.38210827112197876,0.831660807132721,0.3143794536590576,0.8551485538482666,0.26652294397354126,0.8728522062301636,0.22012685239315033,help
0.7314823865890503,0.5921738147735596,0.6728101372718811,0.5581866502761841,0.6135873794555664,0.50670325756073,0.5582866668701172,0.4739983379840851,0.5076234936714172,0.46536970138549805,0.6569733619689941,0.3574243187904358,0.6136627197265625,0.2631204426288605,0.5896036624908447,0.20285829901695251,0.571598470211029,0.14904415607452393,0.7042924165725708,0.3361544907093048,0.690629780292511,0.2172321081161499,0.6831855177879333,0.1412321925163269,0.6761045455932617,0.07613077759742737,0.751237690448761,0.34787026047706604,0.7587753534317017,0.24088627099990845,0.7631343007087708,0.17038963735103607,0.7637416124343872,0.10717406868934631,0.7949236631393433,0.38363999128341675,0.8309088945388794,0.3156566321849823,0.8545184135437012,0.26753899455070496,0.8721376061439514,0.22067216038703918,help
0.7314432263374329,0.5919265747070312,0.6713730692863464,0.5580757856369019,0.6115970611572266,0.5050302743911743,0.5557942986488342,0.47139573097229004,0.5048940181732178,0.46257126331329346,0.6532682776451111,0.358249694108963,0.6084334850311279,0.2647545337677002,0.5835419297218323,0.20450901985168457,0.5646555423736572,0.14989376068115234,0.7006515264511108,0.33627867698669434,0.6824127435684204,0.21877296268939972,0.6710749864578247,0.14292952418327332,0.6606230735778809,0.07685631513595581,0.7483320236206055,0.34729164838790894,0.7523518800735474,0.24174831807613373,0.7540558576583862,0.17104996740818024,0.7522885799407959,0.1073252260684967,0.7929879426956177,0.3824157118797302,0.8259620070457458,0.31245988607406616,0.8476445078849792,0.26296836137771606,0.8635162115097046,0.21476033329963684,help
0.7286404967308044,0.5881264805793762,0.6691736578941345,0.5513027310371399,0.6118646264076233,0.4976661205291748,0.556960940361023,0.45995426177978516,0.50599205493927,0.44580546021461487,0.6562179923057556,0.3499898910522461,0.6101180911064148,0.25939613580703735,0.5841860175132751,0.2039332240819931,0.565098226070404,0.1553061306476593,0.7035611867904663,0.3295409083366394,0.6842321753501892,0.21530446410179138,0.6734998822212219,0.14259029924869537,0.6636924147605896,0.0812872052192688,0.7509995698928833,0.3424651026725769,0.7648658156394958,0.24190187454223633,0.7731103897094727,0.1750943809747696,0.7765701413154602,0.11664268374443054,0.7940155267715454,0.380334734916687,0.8349846005439758,0.31878477334976196,0.8607799410820007,0.27605384588241577,0.8800891041755676,0.23497146368026733,help
0.729859471321106,0.5881307125091553,0.6693947911262512,0.5520241856575012,0.6111364960670471,0.49668675661087036,0.556334912776947,0.45854806900024414,0.5057438611984253,0.44301992654800415,0.6550153493881226,0.3502708673477173,0.6123121976852417,0.25694650411605835,0.5887478590011597,0.1977563053369522,0.5711652636528015,0.1455046683549881,0.7014322876930237,0.3304702043533325,0.681959331035614,0.21795637905597687,0.6694198846817017,0.14652706682682037,0.6577210426330566,0.08746388554573059,0.748698353767395,0.34097543358802795,0.7505401372909546,0.24155524373054504,0.7505446672439575,0.17758895456790924,0.7470197677612305,0.12178166210651398,0.7932301163673401,0.37461742758750916,0.8199007511138916,0.3101697266101837,0.8371924161911011,0.2670796513557434,0.8500505089759827,0.22662176191806793,help
0.7059985995292664,0.5919586420059204,0.647758424282074,0.5589970350265503,0.5901060700416565,0.5055286288261414,0.535852313041687,0.47444143891334534,0.4870781898498535,0.46933335065841675,0.6354987025260925,0.3559610843658447,0.6023032665252686,0.2598702013492584,0.5858824849128723,0.20115451514720917,0.5741959810256958,0.15006805956363678,0.6808701753616333,0.3395741283893585,0.6635372042655945,0.2272445112466812,0.6536135077476501,0.15716631710529327,0.6447300314903259,0.09927225112915039,0.7264326214790344,0.3519684076309204,0.7317816019058228,0.25158125162124634,0.7337087392807007,0.18551099300384521,0.7322598099708557,0.1271725744009018,0.7690597176551819,0.3859926760196686,0.8037928342819214,0.32072702050209045,0.8269742727279663,0.2747346758842468,0.8443273901939392,0.23068828880786896,help
0.689528226852417,0.5785437226295471,0.6318145990371704,0.5499823093414307,0.5732506513595581,0.503375768661499,0.5199748277664185,0.4743325710296631,0.4727271795272827,0.46988970041275024,0.6143873929977417,0.35311180353164673,0.5808289051055908,0.26072824001312256,0.5642492771148682,0.204219251871109,0.55281001329422,0.1556372046470642,0.6580073833465576,0.33451348543167114,0.6388535499572754,0.2252281904220581,0.6276496648788452,0.15797542035579681,0.6182865500450134,0.10296082496643066,0.7024795413017273,0.3427836298942566,0.7041611671447754,0.24702507257461548,0.7040084600448608,0.18431152403354645,0.7013039588928223,0.13022682070732117,0.7451261878013611,0.3717089891433716,0.7757648825645447,0.3078465461730957,0.796595573425293,0.26351433992385864,0.812525749206543,0.2223920375108719,help
0.6863779425621033,0.5837815403938293,0.6302490830421448,0.5512980222702026,0.5752192139625549,0.5021615028381348,0.522336483001709,0.47176915407180786,0.47541308403015137,0.4641515016555786,0.612991988658905,0.36314529180526733,0.58027583360672,0.27360010147094727,0.5626026391983032,0.21851769089698792,0.5495466589927673,0.1705513894557953,0.652895450592041,0.3454580008983612,0.6321077346801758,0.24251802265644073,0.618432343006134,0.17843696475028992,0.6060235500335693,0.12489989399909973,0.6954785585403442,0.3534407615661621,0.6940813660621643,0.2603145241737366,0.6916846632957458,0.19969941675662994,0.6867818832397461,0.14624696969985962,0.7375460863113403,0.3808704912662506,0.7613376379013062,0.31640756130218506,0.7769161462783813,0.27209916710853577,0.7886447906494141,0.2300781011581421,help
0.7320695519447327,0.5090339183807373,0.6788766384124756,0.4774019718170166,0.6241267919540405,0.4247213900089264,0.5722006559371948,0.38829225301742554,0.5255428552627563,0.37594446539878845,0.6589877009391785,0.28985294699668884,0.6263296604156494,0.20143185555934906,0.608721137046814,0.1477224975824356,0.5960715413093567,0.10025785863399506,0.6991543769836426,0.2712709903717041,0.6777411699295044,0.16911093890666962,0.6643063426017761,0.10650864243507385,0.6524276733398438,0.05391022562980652,0.7422648072242737,0.277949720621109,0.7397915124893188,0.1860267072916031,0.7367880344390869,0.12732626497745514,0.7310662865638733,0.07612079381942749,0.7849211096763611,0.3041676878929138,0.8085464835166931,0.24049362540245056,0.8244224190711975,0.19742752611637115,0.836126446723938,0.15728071331977844,help
0.7681678533554077,0.4879150986671448,0.7160428762435913,0.45412883162498474,0.6649696826934814,0.39916351437568665,0.612247884273529,0.36059004068374634,0.5636632442474365,0.34802955389022827,0.7024255990982056,0.26181578636169434,0.6704431176185608,0.17144860327243805,0.6523691415786743,0.11612799763679504,0.6389264464378357,0.06598255038261414,0.7436010241508484,0.24346236884593964,0.7231516242027283,0.14050984382629395,0.7106428742408752,0.07512281835079193,0.6990839242935181,0.017849624156951904,0.7872647643089294,0.2519035041332245,0.7856897115707397,0.15992629528045654,0.7841238975524902,0.0991206169128418,0.7791206240653992,0.0452614426612854,0.8294507265090942,0.28032082319259644,0.8547061085700989,0.21747389435768127,0.8720017075538635,0.17457765340805054,0.885249137878418,0.1337716430425644,help
0.769981861114502,0.49264082312583923,0.7185211777687073,0.45892417430877686,0.6671794652938843,0.4050499200820923,0.6164343357086182,0.3665221333503723,0.569525957107544,0.352267324924469,0.7079904079437256,0.26761069893836975,0.6766859889030457,0.17691810429096222,0.6593409776687622,0.1216311901807785,0.6462284326553345,0.07174740731716156,0.7485886216163635,0.24997511506080627,0.7296594381332397,0.1461671143770218,0.7176085710525513,0.08167359232902527,0.7062796950340271,0.02658945322036743,0.7912957668304443,0.2592378854751587,0.791081964969635,0.1680857241153717,0.7896755933761597,0.10794709622859955,0.7852588295936584,0.05526842176914215,0.8327073454856873,0.2884562313556671,0.8589856028556824,0.22672098875045776,0.8769854307174683,0.18533238768577576,0.8908877372741699,0.14677496254444122,help
0.7567300200462341,0.5189830660820007,0.7042526602745056,0.48606032133102417,0.6522963643074036,0.43250638246536255,0.6010757088661194,0.3935466408729553,0.5532647371292114,0.37884727120399475,0.694200336933136,0.2948862612247467,0.6627572178840637,0.20255593955516815,0.6452123522758484,0.14530834555625916,0.632172167301178,0.09396247565746307,0.7359135150909424,0.2782621383666992,0.7174205183982849,0.17188143730163574,0.7058518528938293,0.10456004738807678,0.6952534914016724,0.046442508697509766,0.7790372371673584,0.28879404067993164,0.7791736125946045,0.19350852072238922,0.7790243625640869,0.13009288907051086,0.7758721113204956,0.07394570112228394,0.8201903700828552,0.3191026747226715,0.8485339879989624,0.254654198884964,0.8689959049224854,0.21106263995170593,0.8850736021995544,0.16993595659732819,help
0.7364377975463867,0.525249719619751,0.6810236573219299,0.4925723671913147,0.6271372437477112,0.43978506326675415,0.5744454264640808,0.4011533856391907,0.5260114669799805,0.386061429977417,0.6683184504508972,0.3000142276287079,0.6323512196540833,0.20893704891204834,0.6123721599578857,0.15130041539669037,0.5980442762374878,0.09981881082057953,0.7108334302902222,0.28066501021385193,0.6913856863975525,0.173189178109169,0.6788644790649414,0.10444891452789307,0.6679961681365967,0.046181708574295044,0.7548366785049438,0.2892150282859802,0.7546007633209229,0.19316616654396057,0.7535512447357178,0.1296311914920807,0.750024676322937,0.07433788478374481,0.7967538237571716,0.31875962018966675,0.8249754309654236,0.25520241260528564,0.8442919254302979,0.21156983077526093,0.8593583106994629,0.17082196474075317,help
0.7099225521087646,0.5311325192451477,0.6520277857780457,0.4995974898338318,0.5934295654296875,0.447913259267807,0.5411961078643799,0.41059410572052,0.4947867691516876,0.39610323309898376,0.6317514181137085,0.3061683773994446,0.5917989611625671,0.21745507419109344,0.5694282650947571,0.16059646010398865,0.5533658266067505,0.11016692221164703,0.6756011843681335,0.28496432304382324,0.6561331748962402,0.17680051922798157,0.6426596641540527,0.10719355940818787,0.6307759284973145,0.0493200421333313,0.7207696437835693,0.2926366925239563,0.7213839292526245,0.19819912314414978,0.7192514538764954,0.13495419919490814,0.714978039264679,0.08110460638999939,0.7636051177978516,0.32205531001091003,0.7903762459754944,0.25812143087387085,0.8066614866256714,0.21354123950004578,0.8190707564353943,0.17245323956012726,help
0.641796886920929,0.5338951945304871,0.582190215587616,0.5047556757926941,0.5216622948646545,0.4548361301422119,0.4674544334411621,0.42011427879333496,0.42068302631378174,0.4077836871147156,0.5540546774864197,0.3122476041316986,0.5095861554145813,0.2281416654586792,0.4845978021621704,0.17284388840198517,0.46700140833854675,0.12458784878253937,0.5968103408813477,0.28863877058029175,0.5737873911857605,0.18296661972999573,0.5591948628425598,0.1144002228975296,0.5473839044570923,0.05782592296600342,0.6414720416069031,0.29516851902008057,0.6438441276550293,0.1984310895204544,0.6433864235877991,0.13395246863365173,0.6413523554801941,0.07808220386505127,0.6837704181671143,0.32628539204597473,0.7188921570777893,0.2643805146217346,0.7417080998420715,0.22037872672080994,0.759769082069397,0.17922160029411316,help
0.6273224353790283,0.5319257974624634,0.5668163299560547,0.505603551864624,0.5042901039123535,0.4547133445739746,0.44951415061950684,0.42058998346328735,0.40304994583129883,0.410405695438385,0.5344069004058838,0.31339821219444275,0.49045297503471375,0.22835776209831238,0.46595272421836853,0.1735556274652481,0.4475662112236023,0.12502850592136383,0.576861560344696,0.2891925871372223,0.5523443818092346,0.1846330463886261,0.5363204479217529,0.11740002036094666,0.5219060182571411,0.062162697315216064,0.6219075918197632,0.2944229245185852,0.6225959658622742,0.1982625424861908,0.6202924251556396,0.13371536135673523,0.6156127452850342,0.07790228724479675,0.6651214361190796,0.32365745306015015,0.6974546313285828,0.25915828347206116,0.7177680134773254,0.21358397603034973,0.7332317233085632,0.17106512188911438,help
0.6129657626152039,0.5704770088195801,0.5541979670524597,0.5411465167999268,0.4936080276966095,0.48885780572891235,0.440755695104599,0.45368513464927673,0.39541780948638916,0.44231116771698,0.526511549949646,0.3503940999507904,0.48470404744148254,0.26372259855270386,0.46220025420188904,0.20806343853473663,0.44555342197418213,0.15897230803966522,0.5689874291419983,0.3287939131259918,0.5467430949211121,0.22338539361953735,0.5321518778800964,0.15526866912841797,0.5185693502426147,0.09958648681640625,0.613259494304657,0.33602994680404663,0.6158186793327332,0.23862943053245544,0.6148606538772583,0.1729726493358612,0.6114179491996765,0.11623181402683258,0.6550000905990601,0.36699333786964417,0.6887490153312683,0.303798645734787,0.7096574902534485,0.2583651840686798,0.7258221507072449,0.21578237414360046,help
0.6163957715034485,0.5955251455307007,0.5561152100563049,0.5635495185852051,0.4975437521934509,0.5111380219459534,0.44611606001853943,0.4760667681694031,0.4009736180305481,0.46473032236099243,0.5309837460517883,0.37742456793785095,0.4911278486251831,0.29091334342956543,0.46917450428009033,0.23462054133415222,0.4528347849845886,0.18524225056171417,0.5744628310203552,0.3578835725784302,0.5531915426254272,0.2529836595058441,0.5395731329917908,0.18409675359725952,0.5268527269363403,0.12759554386138916,0.6188030242919922,0.366946280002594,0.6211729645729065,0.27200716733932495,0.6206360459327698,0.20552797615528107,0.6171113848686218,0.14685465395450592,0.6605023145675659,0.39832210540771484,0.6923654079437256,0.3335636556148529,0.7125344276428223,0.2873656749725342,0.7274222373962402,0.24303671717643738,help
0.6211925148963928,0.5937221646308899,0.5631807446479797,0.5649328827857971,0.5054190754890442,0.5135471224784851,0.4548056125640869,0.4772885739803314,0.4096871614456177,0.46538448333740234,0.5401753187179565,0.37973618507385254,0.5000723600387573,0.29350557923316956,0.478008508682251,0.2378537952899933,0.46137043833732605,0.18882982432842255,0.581992506980896,0.3598545789718628,0.5604405403137207,0.2552333176136017,0.5466775298118591,0.187138631939888,0.5339750051498413,0.1304907500743866,0.6252191066741943,0.36823639273643494,0.6276072859764099,0.27164795994758606,0.6272862553596497,0.2067735195159912,0.6243731379508972,0.14984503388404846,0.6661476492881775,0.39857766032218933,0.6984235644340515,0.3353235423564911,0.7186807990074158,0.2912662625312805,0.7341843843460083,0.2493215650320053,help
0.6235467195510864,0.5970715284347534,0.5669205188751221,0.5691751837730408,0.5098991394042969,0.5171880125999451,0.4590585231781006,0.48178839683532715,0.41407808661460876,0.47171255946159363,0.5440278649330139,0.38594794273376465,0.503908097743988,0.3008301258087158,0.48173946142196655,0.24560871720314026,0.46529656648635864,0.19658514857292175,0.5850503444671631,0.36587896943092346,0.5634369254112244,0.2621654272079468,0.5495668649673462,0.19443188607692719,0.5370492935180664,0.13719499111175537,0.6279450058937073,0.3740197718143463,0.6304422616958618,0.2774008512496948,0.6297022700309753,0.21359971165657043,0.6261680722236633,0.15727774798870087,0.6687149405479431,0.4041878879070282,0.7012063264846802,0.34224167466163635,0.7216492295265198,0.297998309135437,0.7370333671569824,0.2555907964706421,help
0.6286643743515015,0.6028037667274475,0.5705008506774902,0.5736287236213684,0.5145418643951416,0.5241302251815796,0.46414870023727417,0.48942482471466064,0.41922008991241455,0.47661465406417847,0.5484510660171509,0.39368629455566406,0.5097317695617676,0.30806607007980347,0.48823797702789307,0.25296977162361145,0.471622109413147,0.20361387729644775,0.5908312797546387,0.3736524283885956,0.570476770401001,0.2689943313598633,0.5564683675765991,0.20138205587863922,0.5428447723388672,0.14377281069755554,0.6342934370040894,0.382402241230011,0.6372887492179871,0.2865576148033142,0.6361175179481506,0.22121670842170715,0.6320163011550903,0.16322675347328186,0.6752251982688904,0.41338375210762024,0.7067007422447205,0.3506386876106262,0.7264087200164795,0.305826336145401,0.7415489554405212,0.2630960941314697,help
0.6448607444763184,0.5918970704078674,0.5893660187721252,0.5636041760444641,0.5351378917694092,0.515634298324585,0.4875119924545288,0.48112937808036804,0.4451272487640381,0.4682253301143646,0.5689182877540588,0.38998469710350037,0.5317724943161011,0.30754658579826355,0.5111119151115417,0.2548014521598816,0.4952729046344757,0.2077602744102478,0.6089395880699158,0.37078970670700073,0.5895262956619263,0.27041369676589966,0.5764284729957581,0.20567692816257477,0.5638414025306702,0.15062326192855835,0.6502689719200134,0.3787347376346588,0.65264892578125,0.2865302860736847,0.6516796350479126,0.22460396587848663,0.647922694683075,0.16981083154678345,0.6896380186080933,0.40754637122154236,0.7195908427238464,0.3477502763271332,0.7384709715843201,0.3048025369644165,0.7527844905853271,0.26372581720352173,help
0.6673868894577026,0.5844365358352661,0.6134045720100403,0.5586574077606201,0.5619643926620483,0.5135625004768372,0.5152379274368286,0.4804084897041321,0.47171440720558167,0.4676455557346344,0.5938102006912231,0.38820987939834595,0.5574080944061279,0.3077866733074188,0.5372075438499451,0.25636371970176697,0.5216485857963562,0.21020033955574036,0.632430911064148,0.369422972202301,0.6116209626197815,0.2726499140262604,0.5980551838874817,0.2100662887096405,0.5856009721755981,0.15617585182189941,0.6728411316871643,0.3769477903842926,0.6725902557373047,0.2863321304321289,0.670909583568573,0.22706376016139984,0.6665382385253906,0.17430734634399414,0.7118062973022461,0.40442025661468506,0.7390355467796326,0.3451358377933502,0.7560641765594482,0.3028672933578491,0.7684878706932068,0.26216351985931396,help
0.6844232082366943,0.5709879398345947,0.6319396495819092,0.5447474718093872,0.5800351500511169,0.5015878081321716,0.5326263904571533,0.47082868218421936,0.48979148268699646,0.459830641746521,0.6121130585670471,0.37755829095840454,0.5752793550491333,0.2981370687484741,0.5542173385620117,0.2477819323539734,0.5376984477043152,0.20263856649398804,0.6496620178222656,0.35734331607818604,0.6289972066879272,0.26111215353012085,0.61520916223526,0.1999843865633011,0.6025632619857788,0.14770375192165375,0.6897181868553162,0.36359110474586487,0.6878301501274109,0.27581217885017395,0.6846819519996643,0.21710649132728577,0.6794219613075256,0.1646183729171753,0.7287708520889282,0.38977718353271484,0.7536274790763855,0.33079731464385986,0.7698649764060974,0.28887939453125,0.7821206450462341,0.24887533485889435,help
0.6822233200073242,0.5908165574073792,0.6283531188964844,0.5563620924949646,0.5788919925689697,0.5090498924255371,0.5315648317337036,0.47496891021728516,0.48696738481521606,0.46265891194343567,0.6216723918914795,0.3779028058052063,0.6016004085540771,0.28798460960388184,0.5900161862373352,0.2322809249162674,0.5813599228858948,0.18155436217784882,0.6621167659759521,0.36404961347579956,0.6529867649078369,0.2628173828125,0.646340012550354,0.1967044621706009,0.6396925449371338,0.13727223873138428,0.7012890577316284,0.37735337018966675,0.7149085402488708,0.28568699955940247,0.723558783531189,0.21990063786506653,0.7281844615936279,0.1595425009727478,0.7364665865898132,0.40994060039520264,0.7703757882118225,0.3498961925506592,0.7930703163146973,0.30702710151672363,0.8109198808670044,0.26467442512512207,help
0.6742449402809143,0.6071245670318604,0.6139806509017944,0.5654973983764648,0.5745539665222168,0.48935985565185547,0.5542595386505127,0.4154931306838989,0.5217694044113159,0.3630625307559967,0.594914436340332,0.3826409578323364,0.5850410461425781,0.28298503160476685,0.5851808786392212,0.22386184334754944,0.5887694358825684,0.16774240136146545,0.6326854825019836,0.36932381987571716,0.6204225420951843,0.25795862078666687,0.6173158884048462,0.18932929635047913,0.6141452789306641,0.12583819031715393,0.6707720756530762,0.3755757510662079,0.6600207090377808,0.2743426263332367,0.6546967029571533,0.21061453223228455,0.6482177376747131,0.15169870853424072,0.7117688059806824,0.39703071117401123,0.7031508684158325,0.31834572553634644,0.6969786882400513,0.2668537497520447,0.6891976594924927,0.21811114251613617,help
0.672744870185852,0.6049628257751465,0.6141744256019592,0.5605446100234985,0.5764867663383484,0.48403316736221313,0.5591477155685425,0.4120066463947296,0.52867591381073,0.35984909534454346,0.5954725742340088,0.376380980014801,0.5857681035995483,0.27972090244293213,0.5863754153251648,0.22207708656787872,0.5897830724716187,0.1670907437801361,0.6316791772842407,0.36392533779144287,0.6198638081550598,0.2549975514411926,0.6168622970581055,0.18820233643054962,0.6133691668510437,0.1257430613040924,0.6681990623474121,0.37085846066474915,0.6576277613639832,0.27049720287323,0.652347207069397,0.20747333765029907,0.645987331867218,0.14933206140995026,0.7088747024536133,0.3926023542881012,0.7012298107147217,0.3153163194656372,0.6956849098205566,0.2651371955871582,0.6884217858314514,0.21786095201969147,help
0.673766553401947,0.5975170731544495,0.6156921982765198,0.554723858833313,0.5782687664031982,0.47981294989585876,0.5612059831619263,0.40764161944389343,0.5311824083328247,0.3552759885787964,0.5979015231132507,0.3723447918891907,0.5876474976539612,0.2766236364841461,0.5877647995948792,0.21962174773216248,0.5907794833183289,0.1652115285396576,0.6341003775596619,0.3593893051147461,0.6219900846481323,0.2522723078727722,0.6189671754837036,0.18700045347213745,0.6156249046325684,0.12609633803367615,0.6703874468803406,0.3659648299217224,0.6595436334609985,0.2667965888977051,0.6542724370956421,0.20467716455459595,0.6480366587638855,0.14708395302295685,0.7112334966659546,0.38710546493530273,0.7037951350212097,0.31110066175460815,0.6979273557662964,0.2611691951751709,0.6900993585586548,0.21379515528678894,help
0.6732272505760193,0.5948408842086792,0.6176711320877075,0.5535951256752014,0.5821177959442139,0.4819102883338928,0.5661816596984863,0.41198477149009705,0.5379437208175659,0.36118412017822266,0.6017383337020874,0.3772049844264984,0.5921589136123657,0.28596848249435425,0.5919643044471741,0.23180903494358063,0.5945450663566589,0.1794331818819046,0.6369801759719849,0.3644251525402069,0.6256815195083618,0.26252618432044983,0.6222968697547913,0.20078158378601074,0.6181979775428772,0.14180272817611694,0.6715884804725647,0.3705095648765564,0.6619328856468201,0.27704307436943054,0.6571289300918579,0.21880672872066498,0.6512576937675476,0.16439703106880188,0.7102940082550049,0.3911134600639343,0.7034436464309692,0.3182947635650635,0.6990060806274414,0.27105867862701416,0.6927935481071472,0.22605176270008087,help
0.6748082041740417,0.5958102345466614,0.6193811297416687,0.5552029609680176,0.5834283828735352,0.48292866349220276,0.5662610530853271,0.41192013025283813,0.5361336469650269,0.36418771743774414,0.6024060845375061,0.37960389256477356,0.5928704142570496,0.28790366649627686,0.5926538705825806,0.23331791162490845,0.5948798060417175,0.18078064918518066,0.6372042894363403,0.3662368953227997,0.6264661550521851,0.26385003328323364,0.6229811906814575,0.201121985912323,0.6187607645988464,0.1419120728969574,0.6720042824745178,0.3719048500061035,0.6624812483787537,0.2780393362045288,0.6574262380599976,0.2186613380908966,0.651267409324646,0.1634703427553177,0.7104170322418213,0.39206600189208984,0.7039114832878113,0.31929296255111694,0.6991227865219116,0.27166879177093506,0.6928129196166992,0.22651289403438568,help
0.67442387342453,0.5930622816085815,0.6184263229370117,0.5533046722412109,0.5821539163589478,0.48249030113220215,0.5650758147239685,0.4127204716205597,0.5355814099311829,0.3639395833015442,0.6021217703819275,0.3797755539417267,0.5933697819709778,0.28900110721588135,0.5935549139976501,0.23468013107776642,0.5962307453155518,0.181998610496521,0.6374717354774475,0.3665580749511719,0.627454936504364,0.26456472277641296,0.6244305968284607,0.2026127427816391,0.6205271482467651,0.14338332414627075,0.672054648399353,0.3724086582660675,0.6634483337402344,0.27889183163642883,0.65854412317276,0.22076627612113953,0.6525769829750061,0.166240856051445,0.7103271484375,0.3926447629928589,0.7043114900588989,0.32040122151374817,0.699948251247406,0.2733389437198639,0.693888783454895,0.22840316593647003,help
0.6741328239440918,0.5922234058380127,0.6187331676483154,0.553274393081665,0.5830117464065552,0.48208171129226685,0.5664339661598206,0.4133921265602112,0.5363478064537048,0.3651420474052429,0.6033992767333984,0.38041767477989197,0.5942775011062622,0.28957295417785645,0.5943007469177246,0.23476393520832062,0.5971482992172241,0.1824859082698822,0.6381635069847107,0.36802777647972107,0.6279618740081787,0.2658635377883911,0.624740719795227,0.20339994132518768,0.621192455291748,0.1450202465057373,0.6727789044380188,0.37398773431777954,0.6636643409729004,0.2804926931858063,0.6585789918899536,0.2217305451631546,0.6523526906967163,0.16675035655498505,0.7106319069862366,0.39432492852211,0.7039809823036194,0.32230764627456665,0.69913649559021,0.27514129877090454,0.692479133605957,0.23022986948490143,help
0.6754683256149292,0.594925045967102,0.6205251812934875,0.5567637085914612,0.584325909614563,0.48649609088897705,0.5669788718223572,0.41832050681114197,0.5375378727912903,0.369268536567688,0.6041114330291748,0.38333749771118164,0.5948047637939453,0.29120975732803345,0.5948972105979919,0.23596881330013275,0.5979105830192566,0.18357719480991364,0.6388317942619324,0.37037816643714905,0.6287370920181274,0.2672412395477295,0.625971794128418,0.20406746864318848,0.6227705478668213,0.14576596021652222,0.6736667156219482,0.3761075735092163,0.6643320322036743,0.28165382146835327,0.6597858667373657,0.22243553400039673,0.6539595723152161,0.16741959750652313,0.7116389870643616,0.39623546600341797,0.7045831680297852,0.32338443398475647,0.6999326348304749,0.2759783864021301,0.6937775015830994,0.23112738132476807,help
0.6757218241691589,0.5971127152442932,0.621308445930481,0.559592604637146,0.5843384861946106,0.490935742855072,0.5665211081504822,0.4232829511165619,0.537082314491272,0.3736722469329834,0.6048331260681152,0.38511478900909424,0.5956693887710571,0.293683797121048,0.5957173705101013,0.23810002207756042,0.59883052110672,0.18580245971679688,0.6397671699523926,0.37157267332077026,0.6296070218086243,0.26865607500076294,0.6267824769020081,0.2055121511220932,0.6239439249038696,0.14745879173278809,0.6744883060455322,0.3768965005874634,0.6657193303108215,0.2826501727104187,0.6616101264953613,0.22375735640525818,0.6563937067985535,0.16934144496917725,0.712191641330719,0.39703369140625,0.7058468461036682,0.3243268132209778,0.7014629244804382,0.27711421251296997,0.6953574419021606,0.23262065649032593,help
0.6743338108062744,0.5993534326553345,0.6200492978096008,0.5601104497909546,0.5838584303855896,0.4916239380836487,0.566860020160675,0.4252033531665802,0.5375411510467529,0.37691277265548706,0.6059213280677795,0.38589802384376526,0.5974108576774597,0.29539015889167786,0.5973573923110962,0.24003519117832184,0.6001726984977722,0.18775251507759094,0.6411212086677551,0.3730432391166687,0.6318530440330505,0.2711701989173889,0.6289582848548889,0.20867100358009338,0.6259021759033203,0.1513691246509552,0.6758453249931335,0.3788054287433624,0.6680424809455872,0.28597569465637207,0.6636045575141907,0.22721903026103973,0.657671332359314,0.17295776307582855,0.713122546672821,0.39940330386161804,0.7074234485626221,0.32715609669685364,0.7027927041053772,0.27996906638145447,0.6960221529006958,0.23554611206054688,help
0.6763551831245422,0.6023550629615784,0.6222121119499207,0.5648810863494873,0.5851479172706604,0.49455350637435913,0.5668872594833374,0.42653101682662964,0.5363584160804749,0.3788626194000244,0.6068887114524841,0.3886374831199646,0.5988718271255493,0.29756343364715576,0.5991150736808777,0.24217523634433746,0.6022301912307739,0.19015921652317047,0.642123818397522,0.37548381090164185,0.6329169273376465,0.2732599973678589,0.6304070949554443,0.21051250398159027,0.6277424097061157,0.15333417057991028,0.6768393516540527,0.38099783658981323,0.6689574718475342,0.28823375701904297,0.6650338172912598,0.2298460155725479,0.6597304344177246,0.17609632015228271,0.7142118811607361,0.40113914012908936,0.7082198262214661,0.3285676836967468,0.7042322754859924,0.2818293273448944,0.6983617544174194,0.23793557286262512,help
0.6769495606422424,0.6015392541885376,0.6222614049911499,0.5646297931671143,0.5861783623695374,0.4957103729248047,0.5676349401473999,0.42763030529022217,0.5360001921653748,0.38128039240837097,0.6089993715286255,0.3887060284614563,0.6015592217445374,0.29919177293777466,0.601863443851471,0.24509552121162415,0.6051269769668579,0.19254463911056519,0.6442556977272034,0.37567973136901855,0.6356250047683716,0.27416688203811646,0.6330417990684509,0.21231012046337128,0.6302582621574402,0.15405309200286865,0.678375244140625,0.3816157579421997,0.671443521976471,0.2896839678287506,0.6673157811164856,0.23135773837566376,0.662244975566864,0.1774614155292511,0.7152695059776306,0.4023703634738922,0.7096508741378784,0.330449640750885,0.7054077982902527,0.2837032079696655,0.6994094252586365,0.2395610809326172,help
0.6793389320373535,0.6008318662643433,0.6248779892921448,0.5640181303024292,0.5875263810157776,0.49786460399627686,0.5668563842773438,0.43209221959114075,0.5343857407569885,0.3874880373477936,0.6104111075401306,0.390724778175354,0.6021842360496521,0.3019102215766907,0.6019822359085083,0.2475566416978836,0.6048072576522827,0.19546650350093842,0.6454986929893494,0.3765384256839752,0.6368400454521179,0.2755352258682251,0.6336840391159058,0.21372084319591522,0.6303586363792419,0.15663909912109375,0.6798516511917114,0.3818524479866028,0.6731254458427429,0.28978997468948364,0.6689505577087402,0.23157693445682526,0.6632583737373352,0.17752186954021454,0.7168152332305908,0.40261828899383545,0.7138659954071045,0.331983357667923,0.7113694548606873,0.286078542470932,0.7066092491149902,0.24243363738059998,help
0.6799502372741699,0.6020928621292114,0.6257951259613037,0.5679141879081726,0.5866407155990601,0.5007258653640747,0.5638631582260132,0.43459147214889526,0.5298349261283875,0.3923305571079254,0.6105789542198181,0.39419522881507874,0.6013229489326477,0.3046489655971527,0.6000280976295471,0.24926075339317322,0.6017162203788757,0.197423055768013,0.6461365818977356,0.3795083165168762,0.636559009552002,0.2788473963737488,0.6323441863059998,0.21628357470035553,0.6282216310501099,0.15957126021385193,0.6814505457878113,0.38482388854026794,0.6756150722503662,0.2927913963794708,0.6719687581062317,0.23381704092025757,0.666467547416687,0.17896951735019684,0.7184829711914062,0.40590402483940125,0.7189986705780029,0.3362082242965698,0.7189098596572876,0.2899383306503296,0.716374397277832,0.24535121023654938,help
0.6804791688919067,0.6018387675285339,0.625686764717102,0.5699425935745239,0.585627019405365,0.5039286613464355,0.5623621940612793,0.43789607286453247,0.5276979207992554,0.39652004837989807,0.6113069653511047,0.3960820138454437,0.6012688279151917,0.30656471848487854,0.5986241698265076,0.25094062089920044,0.5989435911178589,0.1988280564546585,0.6473363637924194,0.3810623288154602,0.6381450295448303,0.28074827790260315,0.633711040019989,0.21803922951221466,0.629063069820404,0.16152630746364594,0.6825928688049316,0.38654884696006775,0.6778367161750793,0.29522958397865295,0.674247682094574,0.23598457872867584,0.6686872243881226,0.18109123408794403,0.7189053893089294,0.4079810678958893,0.7205392122268677,0.33904585242271423,0.7208274602890015,0.29263195395469666,0.7186734676361084,0.24771009385585785,help
0.681827187538147,0.5999218821525574,0.6272301077842712,0.5701218247413635,0.5852702260017395,0.5052585005760193,0.5590187311172485,0.4409022033214569,0.5227619409561157,0.40405523777008057,0.6123404502868652,0.39694273471832275,0.5983854532241821,0.3081994354724884,0.5927987694740295,0.2532314956188202,0.5902419686317444,0.20218104124069214,0.649071991443634,0.38125547766685486,0.64090895652771,0.2803693413734436,0.6371384859085083,0.2172614485025406,0.6331247091293335,0.162138432264328,0.6845436096191406,0.38668161630630493,0.6806634068489075,0.2971124053001404,0.677025318145752,0.23805727064609528,0.6717607378959656,0.1846955269575119,0.7201100587844849,0.407546728849411,0.7225757837295532,0.3403262197971344,0.7232503294944763,0.2949102222919464,0.7222099304199219,0.2512272000312805,help
0.6823563575744629,0.6007987856864929,0.6274111866950989,0.571264922618866,0.5836899280548096,0.507125735282898,0.5558030605316162,0.44609394669532776,0.5195678472518921,0.4112081825733185,0.6115881204605103,0.39708638191223145,0.5920103192329407,0.309341162443161,0.5818983316421509,0.25564146041870117,0.5752129554748535,0.2059880495071411,0.6495823860168457,0.38101860880851746,0.6411039233207703,0.2798495292663574,0.6369094848632812,0.216230571269989,0.6325237154960632,0.16070249676704407,0.6857791543006897,0.3870583772659302,0.6819669604301453,0.2977452874183655,0.6779598593711853,0.2385583519935608,0.6722415089607239,0.1851149946451187,0.7213993668556213,0.40906286239624023,0.7256985306739807,0.3427668809890747,0.7271288633346558,0.29721885919570923,0.7264842391014099,0.2535964548587799,help
0.6830554008483887,0.5994057655334473,0.6298556923866272,0.571168065071106,0.582784116268158,0.5118458271026611,0.5484092831611633,0.45470255613327026,0.5101568102836609,0.4240860641002655,0.6114583015441895,0.3970029652118683,0.5863773822784424,0.31349343061447144,0.5722350478172302,0.26152488589286804,0.5627865791320801,0.21348832547664642,0.6499143242835999,0.3783639669418335,0.6366298794746399,0.2817223072052002,0.6276083588600159,0.21971338987350464,0.6193670034408569,0.1654132753610611,0.6877548694610596,0.38440340757369995,0.6892057657241821,0.29527202248573303,0.6881381869316101,0.23627549409866333,0.684731662273407,0.1825544238090515,0.7240152955055237,0.4078887104988098,0.7402060627937317,0.34396830201148987,0.7506634593009949,0.29912930727005005,0.7588028311729431,0.2559250593185425,help
0.6816803216934204,0.599626362323761,0.6295905113220215,0.5719317197799683,0.5828357338905334,0.5128552913665771,0.5480577349662781,0.45599329471588135,0.5103939771652222,0.42366263270378113,0.6104674935340881,0.398505300283432,0.584591269493103,0.3170434236526489,0.5697923302650452,0.26479822397232056,0.5598127245903015,0.2161632627248764,0.6492434740066528,0.3790859878063202,0.6347741484642029,0.2838406562805176,0.6244097948074341,0.22170810401439667,0.6143092513084412,0.166044220328331,0.6879213452339172,0.3845962882041931,0.6903659701347351,0.29573196172714233,0.690159022808075,0.2357020378112793,0.6866711378097534,0.18077096343040466,0.7250996232032776,0.4085073471069336,0.7451130747795105,0.3456745445728302,0.7578735947608948,0.29997608065605164,0.767117977142334,0.2558169960975647,help
0.6802339553833008,0.5992897748947144,0.6290972828865051,0.5726027488708496,0.5821253061294556,0.5139940977096558,0.5471315383911133,0.4573228359222412,0.5095776915550232,0.4245961606502533,0.6115861535072327,0.3980364501476288,0.5844746828079224,0.3164328336715698,0.5693340301513672,0.2637158930301666,0.5594443678855896,0.21487468481063843,0.6498414874076843,0.3791685104370117,0.6342477798461914,0.2835211455821991,0.6242788434028625,0.22170200943946838,0.6151910424232483,0.16707700490951538,0.6884049773216248,0.3848276436328888,0.6900403499603271,0.2965272068977356,0.69033282995224,0.236222505569458,0.6879431009292603,0.18152213096618652,0.7257055640220642,0.4083874225616455,0.7460541725158691,0.3450019955635071,0.7598812580108643,0.2997909486293793,0.770393431186676,0.2563930153846741,help
0.679935872554779,0.598691463470459,0.6282907128334045,0.5725474953651428,0.5812437534332275,0.5146426558494568,0.5455725193023682,0.4589543044567108,0.5070990324020386,0.4284954369068146,0.6106581687927246,0.39830029010772705,0.5836937427520752,0.31727662682533264,0.5688883662223816,0.2645288109779358,0.5593631267547607,0.21580621600151062,0.6493949890136719,0.379228413105011,0.6341733932495117,0.28381603956222534,0.6244412064552307,0.221916064620018,0.6156787276268005,0.16718508303165436,0.6882294416427612,0.3845509886741638,0.6902987957000732,0.29655957221984863,0.6913021802902222,0.23609879612922668,0.6896312236785889,0.1813347488641739,0.725464403629303,0.4080142080783844,0.7469888925552368,0.34556928277015686,0.7617688775062561,0.3007400929927826,0.772961437702179,0.25751882791519165,help
0.6792255640029907,0.5998661518096924,0.6277087330818176,0.5726631879806519,0.5804975628852844,0.5154269337654114,0.543702244758606,0.46119099855422974,0.5052052140235901,0.43141406774520874,0.6110042333602905,0.39875078201293945,0.5832230448722839,0.3180316090583801,0.567612886428833,0.26572221517562866,0.5569947361946106,0.2171601504087448,0.6495054364204407,0.38004928827285767,0.633914053440094,0.28427666425704956,0.6240000128746033,0.22283150255680084,0.6145381927490234,0.16821254789829254,0.6882795095443726,0.38607650995254517,0.6911057233810425,0.29730522632598877,0.6920570731163025,0.23700864613056183,0.6896769404411316,0.18239639699459076,0.7254892587661743,0.41037923097610474,0.7486079335212708,0.3476799726486206,0.7639960646629333,0.30270665884017944,0.7752294540405273,0.25939029455184937,help
0.67992103099823,0.6008038520812988,0.6285717487335205,0.5745179057121277,0.5809723734855652,0.5182047486305237,0.5421530604362488,0.46560347080230713,0.5027936697006226,0.4379644989967346,0.611648678779602,0.40098121762275696,0.5830217599868774,0.3208298683166504,0.5666725635528564,0.2687504291534424,0.5553480386734009,0.22090919315814972,0.6496877074241638,0.38175490498542786,0.6334099173545837,0.2868090271949768,0.6225208044052124,0.22574679553508759,0.6119232177734375,0.17236512899398804,0.6883588433265686,0.3870602250099182,0.6912015676498413,0.3004165291786194,0.6914629340171814,0.24087978899478912,0.6881726384162903,0.18728239834308624,0.7255528569221497,0.41064780950546265,0.7510151267051697,0.349670946598053,0.7679479718208313,0.3057369589805603,0.780351996421814,0.2638108432292938,help
0.6776885986328125,0.6085066199302673,0.6266002655029297,0.5806821584701538,0.5804380774497986,0.5254992246627808,0.5415135622024536,0.47643402218818665,0.5025748014450073,0.45074695348739624,0.6131554245948792,0.4108555018901825,0.586776077747345,0.33188897371292114,0.5717228651046753,0.2804773449897766,0.5610250234603882,0.23336674273014069,0.6511171460151672,0.39376649260520935,0.6364575028419495,0.3012794256210327,0.6260761618614197,0.2411659061908722,0.6158294081687927,0.18707747757434845,0.6894922256469727,0.4007880985736847,0.6945785284042358,0.3147079348564148,0.6964583992958069,0.2554641366004944,0.6948328614234924,0.20102562010288239,0.7259997129440308,0.42628923058509827,0.7543895840644836,0.3668905794620514,0.774054765701294,0.32467740774154663,0.789078950881958,0.28405076265335083,help
0.6733580231666565,0.6120064854621887,0.6234914660453796,0.5831368565559387,0.5783754587173462,0.5293014049530029,0.5398847460746765,0.4818393588066101,0.5020408630371094,0.4576427638530731,0.6134961843490601,0.4144766926765442,0.5909726619720459,0.3354664146900177,0.5781663656234741,0.2829276919364929,0.5701420307159424,0.2348703145980835,0.653424859046936,0.39951324462890625,0.653270423412323,0.30544355511665344,0.6538113355636597,0.24315091967582703,0.6541613340377808,0.18813160061836243,0.6905776262283325,0.4096061885356903,0.7061001658439636,0.3271627128124237,0.7161008715629578,0.26884832978248596,0.7226048707962036,0.21575647592544556,0.7232969403266907,0.4379230737686157,0.7544016242027283,0.38243401050567627,0.7763120532035828,0.3435809016227722,0.7941352725028992,0.30601418018341064,help
0.668828547000885,0.6169986128807068,0.6188562512397766,0.587277352809906,0.5735940337181091,0.5332038998603821,0.5357268452644348,0.48650574684143066,0.4983205199241638,0.46420520544052124,0.6103912591934204,0.41910320520401,0.5894367694854736,0.3390524685382843,0.5783860683441162,0.2862878441810608,0.5722696781158447,0.239017516374588,0.6504983305931091,0.4055606424808502,0.6526918411254883,0.31220388412475586,0.6553561687469482,0.2503504157066345,0.6580754518508911,0.19632038474082947,0.6870580911636353,0.4157547652721405,0.7031095623970032,0.3334167003631592,0.7128946781158447,0.2758711576461792,0.7197145223617554,0.22407786548137665,0.719536304473877,0.4438472390174866,0.7521326541900635,0.38999834656715393,0.7745864391326904,0.35181406140327454,0.7928380370140076,0.3152071237564087,help
0.6662086248397827,0.6115256547927856,0.6177756786346436,0.58570396900177,0.5727079510688782,0.5347898602485657,0.5341074466705322,0.4902390241622925,0.49669161438941956,0.46830835938453674,0.6053270697593689,0.422617107629776,0.5769519209861755,0.3472346067428589,0.5607206225395203,0.2983059287071228,0.5489425659179688,0.2538304030895233,0.6422250866889954,0.40605127811431885,0.6298012137413025,0.31638550758361816,0.6213059425354004,0.2579304277896881,0.6130493879318237,0.20589782297611237,0.6788899302482605,0.41432833671569824,0.6888411045074463,0.33230066299438477,0.6945641040802002,0.2749280631542206,0.6967235207557678,0.22222819924354553,0.7127421498298645,0.44141852855682373,0.7453185319900513,0.38873666524887085,0.7668534517288208,0.35011303424835205,0.7836428880691528,0.3118757903575897,help
0.6746669411659241,0.5889267921447754,0.6265406608581543,0.5649939179420471,0.5799992084503174,0.5152998566627502,0.5412212014198303,0.4703989326953888,0.5037421584129333,0.4497682452201843,0.6106412410736084,0.40322163701057434,0.5821395516395569,0.32828348875045776,0.5654804110527039,0.28030574321746826,0.552855372428894,0.236810103058815,0.6464548110961914,0.3857133388519287,0.6327041387557983,0.2976152300834656,0.6227821111679077,0.24098283052444458,0.6129404902458191,0.19116543233394623,0.6829783320426941,0.3913901448249817,0.686360239982605,0.3113466203212738,0.6869251728057861,0.2557287812232971,0.6845661997795105,0.20501826703548431,0.7180805206298828,0.4147583544254303,0.7439939379692078,0.3590936064720154,0.7622672915458679,0.319857656955719,0.7764945030212402,0.28268295526504517,help
0.699187159538269,0.5192276835441589,0.6487479209899902,0.4972992539405823,0.598802387714386,0.44612789154052734,0.5566428303718567,0.3993454873561859,0.516692042350769,0.3769076466560364,0.6240592002868652,0.3275616765022278,0.5923988223075867,0.2507250905036926,0.5742419958114624,0.20253804326057434,0.5601671934127808,0.15836367011070251,0.6605290174484253,0.3063942790031433,0.6421756744384766,0.21573984622955322,0.6300138831138611,0.1583961546421051,0.6177992820739746,0.10749262571334839,0.698688268661499,0.3099963963031769,0.6990079283714294,0.2265383005142212,0.697902500629425,0.16989301145076752,0.6932737827301025,0.11781011521816254,0.736058235168457,0.331893652677536,0.7601464986801147,0.27203381061553955,0.7768591046333313,0.23035168647766113,0.789143979549408,0.19045080244541168,help
0.7098680734634399,0.5015847682952881,0.6599439382553101,0.47816479206085205,0.6090776324272156,0.4269869923591614,0.5652096271514893,0.38042405247688293,0.5246105194091797,0.3588206171989441,0.6371635794639587,0.30515068769454956,0.6054905652999878,0.22600775957107544,0.5881205201148987,0.17713996767997742,0.5753259658813477,0.1321149617433548,0.6744892597198486,0.2847931683063507,0.6552832126617432,0.19285809993743896,0.6426793336868286,0.1346053034067154,0.6305471062660217,0.08316648006439209,0.7132042050361633,0.2886286973953247,0.7127062678337097,0.20418550074100494,0.7102549076080322,0.14702270925045013,0.7046782970428467,0.09595122933387756,0.750954270362854,0.31039100885391235,0.7738632559776306,0.24996428191661835,0.7889725565910339,0.20745810866355896,0.8003126978874207,0.167547807097435,help
0.7306166291236877,0.49831706285476685,0.6800004839897156,0.4727485775947571,0.6304669976234436,0.41995736956596375,0.5873370170593262,0.3717164397239685,0.546108067035675,0.34933340549468994,0.6601179242134094,0.2986610531806946,0.630486786365509,0.21735890209674835,0.6136453151702881,0.16756106913089752,0.6010258197784424,0.12155762314796448,0.6973960995674133,0.27841120958328247,0.6799832582473755,0.18436750769615173,0.6677228808403015,0.12518082559108734,0.6554644107818604,0.07325233519077301,0.7358434200286865,0.2829013764858246,0.7359834313392639,0.1962936818599701,0.7335926294326782,0.13877181708812714,0.7278006672859192,0.08738210797309875,0.773034930229187,0.3049902319908142,0.7906268835067749,0.24139317870140076,0.8013930320739746,0.19767795503139496,0.8086455464363098,0.1560336798429489,help
0.7381716966629028,0.5018031597137451,0.6877708435058594,0.47485217452049255,0.6384081840515137,0.4215071201324463,0.5947823524475098,0.3726716637611389,0.5534636974334717,0.3482804298400879,0.6686010956764221,0.2988840639591217,0.638678789138794,0.21659153699874878,0.6222846508026123,0.1654941290616989,0.6107999086380005,0.11781205236911774,0.7067931890487671,0.27847105264663696,0.6898074150085449,0.1841154247522354,0.6782879829406738,0.12356683611869812,0.6674201488494873,0.07023315131664276,0.7457965612411499,0.2831382751464844,0.7452658414840698,0.19692903757095337,0.7430552244186401,0.1382186859846115,0.7381646633148193,0.08530786633491516,0.7834140062332153,0.3054731786251068,0.8030000925064087,0.24339914321899414,0.8153127431869507,0.19952553510665894,0.8246123790740967,0.15723954141139984,help
0.7223119139671326,0.49930664896965027,0.6690793037414551,0.47447991371154785,0.6163332462310791,0.419097363948822,0.5706628561019897,0.3685859441757202,0.5281749963760376,0.34355413913726807,0.6459478139877319,0.29260221123695374,0.614335834980011,0.20877550542354584,0.5966618657112122,0.15722835063934326,0.5842309594154358,0.10968980193138123,0.6847500205039978,0.2705313563346863,0.6659271717071533,0.17306263744831085,0.652991771697998,0.11148309707641602,0.6407723426818848,0.05826258659362793,0.725183367729187,0.2744693160057068,0.7237650752067566,0.1838788092136383,0.7208027839660645,0.12473079562187195,0.7149630188941956,0.07180295884609222,0.764869749546051,0.29696574807167053,0.7831488847732544,0.23129326105117798,0.7937039732933044,0.1852853000164032,0.8010945320129395,0.14060211181640625,help
0.7294414639472961,0.5102908611297607,0.6739132404327393,0.48336976766586304,0.6195647716522217,0.4269336462020874,0.5725880861282349,0.37599653005599976,0.5286760926246643,0.35174861550331116,0.6494876146316528,0.2951156795024872,0.6155915260314941,0.21005558967590332,0.596876323223114,0.15702161192893982,0.5838961005210876,0.10742908716201782,0.6891940236091614,0.27260875701904297,0.6680123209953308,0.17335693538188934,0.6542111039161682,0.10944594442844391,0.6418382525444031,0.05382147431373596,0.7307506203651428,0.27652522921562195,0.7279000878334045,0.18363817036151886,0.7240111827850342,0.12154003977775574,0.7176321744918823,0.06590834259986877,0.7718719840049744,0.2993105351924896,0.7890730500221252,0.23113153874874115,0.799255907535553,0.18233723938465118,0.8067060112953186,0.13493576645851135,help
0.7159831523895264,0.546151876449585,0.6559505462646484,0.5141626000404358,0.5982008576393127,0.44943979382514954,0.5502095222473145,0.39269888401031494,0.5052283406257629,0.36396268010139465,0.6329616904258728,0.31264394521713257,0.5985603928565979,0.22151511907577515,0.5797140002250671,0.16472330689430237,0.5669510960578918,0.11163783073425293,0.6762228608131409,0.2909125089645386,0.6547592878341675,0.18507827818393707,0.6411328315734863,0.11668463051319122,0.6285538673400879,0.05628228187561035,0.720714807510376,0.29716426134109497,0.7189830541610718,0.19862158596515656,0.7164613604545593,0.13134442269802094,0.7108744382858276,0.07014721632003784,0.7638070583343506,0.32364118099212646,0.782809853553772,0.25051701068878174,0.7948214411735535,0.1982569843530655,0.8034870624542236,0.14720416069030762,help
0.714470624923706,0.586715817451477,0.6535124182701111,0.5489209294319153,0.5968596935272217,0.4777764081954956,0.5499220490455627,0.41622012853622437,0.5043577551841736,0.3833366930484772,0.6375069618225098,0.33718952536582947,0.6060916185379028,0.2387959361076355,0.589179277420044,0.17764124274253845,0.578046441078186,0.12109474837779999,0.6837323307991028,0.31847578287124634,0.6652891635894775,0.20463290810585022,0.6538518667221069,0.1311357021331787,0.6425501704216003,0.06568089127540588,0.7301729917526245,0.32870909571647644,0.7321730256080627,0.223199725151062,0.7333019375801086,0.15152817964553833,0.7305543422698975,0.08561843633651733,0.7743633389472961,0.3600187599658966,0.7975518703460693,0.2841449975967407,0.8124008774757385,0.2295190691947937,0.8234003782272339,0.1754070520401001,help
0.7151896953582764,0.5899080038070679,0.653133749961853,0.5514616370201111,0.5965741872787476,0.4784422218799591,0.5498761534690857,0.4153467118740082,0.5035924911499023,0.383037805557251,0.6381887793540955,0.33867672085762024,0.6065316796302795,0.23998326063156128,0.5896617770195007,0.1780892014503479,0.5790666341781616,0.12083093822002411,0.6843422651290894,0.31963634490966797,0.6659965515136719,0.20593449473381042,0.6549425721168518,0.13185344636440277,0.6445136666297913,0.06631609797477722,0.7308873534202576,0.3297382891178131,0.7330296039581299,0.22422313690185547,0.7344618439674377,0.15228046476840973,0.7321881055831909,0.08638879656791687,0.7754172086715698,0.36134326457977295,0.7989259362220764,0.285537451505661,0.8141088485717773,0.23068125545978546,0.8255016207695007,0.17660322785377502,help
0.7146197557449341,0.5898319482803345,0.6524462699890137,0.5508781671524048,0.5966252684593201,0.4788551330566406,0.5500643849372864,0.41661185026168823,0.5044137239456177,0.38327664136886597,0.6383771300315857,0.33840158581733704,0.6068212389945984,0.24028319120407104,0.5897936820983887,0.17874175310134888,0.5790402889251709,0.12164771556854248,0.6848292350769043,0.31969958543777466,0.6669073700904846,0.20564405620098114,0.6558443307876587,0.1317369043827057,0.6453698873519897,0.06627953052520752,0.7314760684967041,0.33041155338287354,0.734232485294342,0.22487013041973114,0.7355836629867554,0.15301725268363953,0.7333840131759644,0.08720481395721436,0.7758734226226807,0.3626224100589752,0.7995977997779846,0.2864654064178467,0.8147833943367004,0.23163287341594696,0.8262393474578857,0.1773899346590042,help
0.7139374017715454,0.5921810269355774,0.6519783735275269,0.5537986755371094,0.5963451266288757,0.4795166850090027,0.5507673621177673,0.4157646596431732,0.5049129724502563,0.3834569752216339,0.638769268989563,0.33898791670799255,0.6069812774658203,0.2409229576587677,0.5898792743682861,0.17928427457809448,0.5792914628982544,0.12226556241512299,0.6852117776870728,0.320098340511322,0.6668316125869751,0.20619896054267883,0.655655562877655,0.13215751945972443,0.6453936100006104,0.06694692373275757,0.731971025466919,0.3305607736110687,0.7346320748329163,0.22554194927215576,0.735662579536438,0.15371757745742798,0.7333140969276428,0.08821630477905273,0.7762756943702698,0.3628409802913666,0.8002637624740601,0.28755563497543335,0.8155797719955444,0.23297394812107086,0.8273314237594604,0.1793455183506012,help
0.7147994041442871,0.5952354073524475,0.6527062058448792,0.5553497076034546,0.5966451168060303,0.481417715549469,0.5503410696983337,0.41856899857521057,0.5044044256210327,0.38547131419181824,0.6391153931617737,0.34071454405784607,0.6066873073577881,0.24133820831775665,0.5894777178764343,0.17913608253002167,0.5786401629447937,0.12167459726333618,0.6856563687324524,0.32252734899520874,0.6669633984565735,0.20775824785232544,0.6560365557670593,0.13331611454486847,0.6460443735122681,0.0677136778831482,0.7324644923210144,0.3337288796901703,0.7348859310150146,0.227661594748497,0.7364264130592346,0.15534193813800812,0.7346184253692627,0.08942651748657227,0.7769117951393127,0.36611026525497437,0.8000815510749817,0.28913164138793945,0.8156405687332153,0.2339922934770584,0.8276616334915161,0.18002688884735107,help
0.7145718932151794,0.5951031446456909,0.65282142162323,0.5550172328948975,0.5969576835632324,0.4818738102912903,0.5504446625709534,0.4197131097316742,0.5044630169868469,0.38580256700515747,0.6392544507980347,0.3415565490722656,0.6073185205459595,0.24230454862117767,0.5903447866439819,0.18054373562335968,0.5796964168548584,0.12325793504714966,0.6859791874885559,0.32370609045028687,0.6674790978431702,0.20911574363708496,0.6564798355102539,0.1351577341556549,0.6461164355278015,0.06938543915748596,0.7328924536705017,0.33514630794525146,0.7354386448860168,0.2290092557668686,0.7367588877677917,0.15669870376586914,0.7344818711280823,0.09010076522827148,0.7774171233177185,0.36792922019958496,0.8011481165885925,0.2915148138999939,0.8164144158363342,0.2364930510520935,0.8280156850814819,0.18205714225769043,help
0.7144299745559692,0.5983289480209351,0.6519025564193726,0.5586060285568237,0.5961620807647705,0.4843931198120117,0.5504767298698425,0.42066675424575806,0.5046406984329224,0.3881532549858093,0.6392155289649963,0.3430449068546295,0.6072861552238464,0.24356427788734436,0.5903971791267395,0.18135447800159454,0.5799130201339722,0.12385261058807373,0.6857740879058838,0.32479575276374817,0.667015552520752,0.21018624305725098,0.6562576293945312,0.13603834807872772,0.6464750170707703,0.07077658176422119,0.7327206134796143,0.3358091413974762,0.7351046800613403,0.22991448640823364,0.7366877198219299,0.1574307382106781,0.7349905371665955,0.091432124376297,0.77753746509552,0.3683484196662903,0.8013994693756104,0.29206252098083496,0.8168627619743347,0.23719528317451477,0.8288940191268921,0.18349911272525787,help
0.7144986987113953,0.5990526080131531,0.6521427035331726,0.5587277412414551,0.5960314273834229,0.4840657711029053,0.5501909255981445,0.42048752307891846,0.5041730999946594,0.38723263144493103,0.6386756896972656,0.3440837562084198,0.6069685816764832,0.24473537504673004,0.5902626514434814,0.18230649828910828,0.5798980593681335,0.12438593804836273,0.685515284538269,0.3260498344898224,0.666691780090332,0.21117272973060608,0.6559125781059265,0.13641732931137085,0.6461345553398132,0.06995925307273865,0.7325603365898132,0.3374001979827881,0.7354261875152588,0.23101940751075745,0.7372313737869263,0.15753619372844696,0.7356902360916138,0.09000903367996216,0.7772943377494812,0.3702811002731323,0.8010746240615845,0.29366785287857056,0.8168694972991943,0.2377469688653946,0.8290889263153076,0.1825559139251709,help
0.7144101858139038,0.5998308062553406,0.6524311304092407,0.5595097541809082,0.5966675877571106,0.4859135150909424,0.5502883195877075,0.4229781925678253,0.5042927861213684,0.38888517022132874,0.6387882232666016,0.34476277232170105,0.6071026921272278,0.24542087316513062,0.5901440382003784,0.18288180232048035,0.5796107649803162,0.12474779784679413,0.6858014464378357,0.32662248611450195,0.6675741076469421,0.21193349361419678,0.6567420363426208,0.13725528120994568,0.6467324495315552,0.0703965425491333,0.732944667339325,0.3379233181476593,0.7357751131057739,0.2313675731420517,0.7376431822776794,0.15865269303321838,0.7360907196998596,0.09182360768318176,0.7776309847831726,0.3708721995353699,0.8013265132904053,0.2941359281539917,0.8170486688613892,0.23883502185344696,0.8292874097824097,0.1842481940984726,help
0.7159823179244995,0.6004678606987,0.651800811290741,0.5614044070243835,0.5950667858123779,0.48662295937538147,0.5496134161949158,0.42210251092910767,0.5034642219543457,0.3892303705215454,0.6382390856742859,0.3454107344150543,0.6066436767578125,0.24547486007213593,0.5900304317474365,0.18280556797981262,0.5796003341674805,0.12465576827526093,0.685658872127533,0.3273496627807617,0.6671721339225769,0.2122756987810135,0.6562647223472595,0.13749265670776367,0.6462058424949646,0.07100638747215271,0.733221173286438,0.33884623646736145,0.7360579967498779,0.23216357827186584,0.7374749779701233,0.15905475616455078,0.7355004549026489,0.0920792818069458,0.7783812284469604,0.37202081084251404,0.802361249923706,0.29504504799842834,0.8178872466087341,0.23953351378440857,0.8298536539077759,0.18478095531463623,help
0.7152627110481262,0.6035716533660889,0.6524054408073425,0.5627560615539551,0.5967732667922974,0.48821502923965454,0.5509552955627441,0.42477545142173767,0.5046582818031311,0.39086228609085083,0.6391233205795288,0.3468264043331146,0.6076164841651917,0.24703523516654968,0.5905113816261292,0.18409521877765656,0.5797064304351807,0.12590697407722473,0.6859649419784546,0.3287672996520996,0.6683583855628967,0.2129945307970047,0.657450795173645,0.13770267367362976,0.6468777656555176,0.07075881958007812,0.7329555153846741,0.3401234447956085,0.7363072633743286,0.2322690784931183,0.7383426427841187,0.15913423895835876,0.7364472150802612,0.09186312556266785,0.7775760889053345,0.3734414279460907,0.8023045659065247,0.29554322361946106,0.8185946941375732,0.2395309954881668,0.8307236433029175,0.18456418812274933,help
0.714684784412384,0.605253279209137,0.6521285176277161,0.5634068846702576,0.5963816046714783,0.48870140314102173,0.5505905151367188,0.4252053201198578,0.5040841102600098,0.39100611209869385,0.6397460103034973,0.3477623164653778,0.6080428957939148,0.24812281131744385,0.5912305116653442,0.18541812896728516,0.5808015465736389,0.1269802749156952,0.6867232322692871,0.3299664556980133,0.6681223511695862,0.21438480913639069,0.6574994921684265,0.13901633024215698,0.647499144077301,0.07183700799942017,0.7337998747825623,0.3417230248451233,0.7370257377624512,0.23496802151203156,0.7391961216926575,0.16151104867458344,0.7376744151115417,0.09369999170303345,0.7785571217536926,0.37497326731681824,0.8028513789176941,0.29730698466300964,0.8187031745910645,0.24096643924713135,0.830690324306488,0.18514534831047058,help
0.7162325978279114,0.6052214503288269,0.653398334980011,0.5650320053100586,0.5964322090148926,0.48874562978744507,0.5503824353218079,0.4245454967021942,0.5035293102264404,0.3920581638813019,0.639590859413147,0.3482065498828888,0.607740044593811,0.24758531153202057,0.5908665060997009,0.1846357136964798,0.5803353190422058,0.12640608847141266,0.6867952942848206,0.3300752341747284,0.6683193445205688,0.21417444944381714,0.6575289964675903,0.13872261345386505,0.6477824449539185,0.07175850868225098,0.7342619299888611,0.3414044976234436,0.737363874912262,0.23408286273479462,0.7394917607307434,0.1606709063053131,0.7380861043930054,0.09318339824676514,0.7795059680938721,0.3746289014816284,0.8036838173866272,0.297872394323349,0.8191837668418884,0.2416752576828003,0.8308736681938171,0.18599236011505127,help
0.7152838110923767,0.6075211763381958,0.6522500514984131,0.5670489072799683,0.5961662530899048,0.49045154452323914,0.5507053732872009,0.42634424567222595,0.50434410572052,0.39330723881721497,0.6393455862998962,0.3482899069786072,0.6078135967254639,0.24796895682811737,0.591022789478302,0.18471470475196838,0.5803020596504211,0.12621718645095825,0.6873084306716919,0.3305415213108063,0.668804407119751,0.21480105817317963,0.6579142808914185,0.1393813192844391,0.6475275754928589,0.0720258355140686,0.7350260615348816,0.3427387773990631,0.7379343509674072,0.23597311973571777,0.7398583292961121,0.16209378838539124,0.7379485368728638,0.09354615211486816,0.7800686955451965,0.37679123878479004,0.8035076856613159,0.2988802492618561,0.8188848495483398,0.2424747347831726,0.8302271962165833,0.18625003099441528,help
0.7159087657928467,0.6069211959838867,0.6527161002159119,0.5663238167762756,0.5964087843894958,0.49089300632476807,0.550788402557373,0.42703333497047424,0.5041165351867676,0.3925330936908722,0.6395146250724792,0.34917575120925903,0.6077926158905029,0.24823668599128723,0.5909782648086548,0.18493925034999847,0.5805140733718872,0.12627540528774261,0.6871346235275269,0.3315178155899048,0.6687788367271423,0.21503236889839172,0.6581318378448486,0.139436736702919,0.6484759449958801,0.07181921601295471,0.7347486615180969,0.3434208929538727,0.7374632358551025,0.23520921170711517,0.7397994995117188,0.1613275557756424,0.738754153251648,0.09282469749450684,0.7801784873008728,0.37712132930755615,0.8032397031784058,0.29905056953430176,0.8187037706375122,0.2424425333738327,0.8305935859680176,0.1859191507101059,help
0.7175707817077637,0.6112774014472961,0.6540337204933167,0.5696377158164978,0.5969638228416443,0.4919835925102234,0.5505499243736267,0.427397221326828,0.5031012296676636,0.39509159326553345,0.6396570801734924,0.3503516614437103,0.6079169511795044,0.2495264708995819,0.5907807350158691,0.18556782603263855,0.5798383355140686,0.12638460099697113,0.6871476769447327,0.3321499228477478,0.6683821678161621,0.2158621996641159,0.6575374603271484,0.13945774734020233,0.6475620269775391,0.07127276062965393,0.7350252270698547,0.34394216537475586,0.737679123878479,0.23483265936374664,0.7399320602416992,0.1608482152223587,0.7385643720626831,0.09259545803070068,0.780846893787384,0.3778775632381439,0.8045923113822937,0.29935866594314575,0.8199993371963501,0.2421252280473709,0.8316112756729126,0.18526530265808105,help
0.7179940938949585,0.6096413731575012,0.6541153192520142,0.5671801567077637,0.5971015691757202,0.4922172427177429,0.5504694581031799,0.42910826206207275,0.503821611404419,0.394766241312027,0.6397517323493958,0.3501611053943634,0.6074188947677612,0.24883590638637543,0.5904731154441833,0.18525059521198273,0.5801066756248474,0.12638653814792633,0.6874757409095764,0.3322848677635193,0.6684762239456177,0.2150840014219284,0.6575405597686768,0.13907521963119507,0.6474323272705078,0.07133331894874573,0.7355108857154846,0.34383273124694824,0.7379345297813416,0.23342584073543549,0.740140438079834,0.1592399924993515,0.7388801574707031,0.09066745638847351,0.7813439965248108,0.3774745464324951,0.8042022585868835,0.2982703447341919,0.8197873830795288,0.24130690097808838,0.8318435549736023,0.18473756313323975,help
0.7170002460479736,0.609238862991333,0.6534683704376221,0.5675337910652161,0.5962824821472168,0.49187198281288147,0.5497920513153076,0.42817988991737366,0.5030568242073059,0.39476123452186584,0.6399213075637817,0.35026413202285767,0.6077122688293457,0.2484431117773056,0.5904996395111084,0.18453285098075867,0.5796298384666443,0.12521634995937347,0.6880384683609009,0.33265650272369385,0.6692163944244385,0.21493728458881378,0.6583470702171326,0.13843148946762085,0.6482245326042175,0.07006898522377014,0.7364245057106018,0.34486842155456543,0.7391224503517151,0.2356429398059845,0.7410033941268921,0.1608765721321106,0.7392759919166565,0.09184423089027405,0.7825215458869934,0.37892481684684753,0.8055838346481323,0.2989620864391327,0.8208252787590027,0.2414698302745819,0.8322671055793762,0.18455670773983002,help
0.7190920114517212,0.6098538637161255,0.6547647714614868,0.5678302049636841,0.5967639088630676,0.49257928133010864,0.5501495599746704,0.42826929688453674,0.5033372044563293,0.3940047323703766,0.6405726075172424,0.350107342004776,0.6082464456558228,0.2488432079553604,0.5908869504928589,0.1853417158126831,0.5797739028930664,0.1261553168296814,0.6883300542831421,0.3318704068660736,0.6692925691604614,0.21464203298091888,0.6581271886825562,0.13825708627700806,0.6479717493057251,0.07002246379852295,0.7365100979804993,0.34374672174453735,0.7391849756240845,0.23455558717250824,0.7411512732505798,0.1603052318096161,0.7396108508110046,0.09158593416213989,0.7826698422431946,0.37770915031433105,0.8058483004570007,0.29838308691978455,0.8212209343910217,0.24125848710536957,0.8329582810401917,0.18434903025627136,help
0.7214182019233704,0.6103204488754272,0.6566106081008911,0.5694425106048584,0.5984479188919067,0.49236181378364563,0.5511624813079834,0.4277278184890747,0.5033664703369141,0.3949543535709381,0.6417758464813232,0.35029712319374084,0.6090437769889832,0.2477894425392151,0.5916974544525146,0.18365506827831268,0.5807244777679443,0.12421545386314392,0.6896938681602478,0.331280916929245,0.6705153584480286,0.21307186782360077,0.6593286395072937,0.1364174783229828,0.648881196975708,0.06831303238868713,0.7381734251976013,0.34259212017059326,0.7403831481933594,0.2320609986782074,0.7420281171798706,0.15783974528312683,0.7399721741676331,0.08942648768424988,0.784616231918335,0.37628042697906494,0.8076246380805969,0.29656171798706055,0.8227106928825378,0.23920781910419464,0.8339499831199646,0.18233557045459747,help
0.721675455570221,0.6089683771133423,0.6573611497879028,0.566890299320221,0.5993412733078003,0.4908375144004822,0.5523576736450195,0.42701560258865356,0.5049316883087158,0.3935529887676239,0.6423113942146301,0.3485161364078522,0.6099322438240051,0.24669170379638672,0.5928362011909485,0.18278264999389648,0.5819792747497559,0.12327226996421814,0.6904441714286804,0.3303316533565521,0.6714431643486023,0.21172775328159332,0.6605691313743591,0.13497591018676758,0.6501852869987488,0.06650251150131226,0.7388529181480408,0.34237316250801086,0.7416750192642212,0.23185665905475616,0.7438371181488037,0.15714091062545776,0.7422072887420654,0.08823457360267639,0.7850167751312256,0.376674622297287,0.8083581328392029,0.2966354489326477,0.8238697052001953,0.23916573822498322,0.8353014588356018,0.18230099976062775,help
0.722093403339386,0.610844075679779,0.6580567359924316,0.5674646496772766,0.5995675921440125,0.49082523584365845,0.55205237865448,0.4267527461051941,0.5050156116485596,0.39351242780685425,0.64357590675354,0.34813132882118225,0.6102585792541504,0.24524562060832977,0.5931422114372253,0.18118634819984436,0.5826017260551453,0.12186411023139954,0.6912856698036194,0.3300817906856537,0.6713854670524597,0.21161776781082153,0.6604272127151489,0.134421244263649,0.650326132774353,0.06611227989196777,0.7398170828819275,0.34150806069374084,0.7420394420623779,0.23051366209983826,0.7441155910491943,0.15558746457099915,0.7425835132598877,0.08692136406898499,0.7864717841148376,0.3749101161956787,0.8098257780075073,0.2951754927635193,0.8248579502105713,0.23767538368701935,0.8361899852752686,0.18088459968566895,help
0.7240536212921143,0.6091546416282654,0.6590050458908081,0.5668176412582397,0.6005231142044067,0.49019473791122437,0.5530130863189697,0.4259534180164337,0.5055497884750366,0.39227262139320374,0.6439504027366638,0.3478698134422302,0.6111665964126587,0.24506963789463043,0.5937884449958801,0.18046988546848297,0.5828340649604797,0.12056457996368408,0.6920976042747498,0.32920709252357483,0.6731355786323547,0.2103601098060608,0.6622264385223389,0.13303442299365997,0.652012288570404,0.0644095242023468,0.7407129406929016,0.3407720625400543,0.7431665062904358,0.23010015487670898,0.74516761302948,0.15515227615833282,0.7436257004737854,0.08603030443191528,0.7871041893959045,0.3746161460876465,0.81015944480896,0.2946668863296509,0.8256112337112427,0.2370244413614273,0.8375167846679688,0.17995071411132812,help
0.7216403484344482,0.6094855666160583,0.6574645638465881,0.566802442073822,0.5999221205711365,0.48974740505218506,0.5531204342842102,0.425869345664978,0.5060485601425171,0.3919965922832489,0.6441357135772705,0.3467215597629547,0.6115768551826477,0.2440512478351593,0.5939990878105164,0.1794770359992981,0.5828633904457092,0.11938315629959106,0.6925575733184814,0.3283993899822235,0.6736330986022949,0.2094774693250656,0.6626769304275513,0.1318606585264206,0.6523023843765259,0.06266796588897705,0.7411070466041565,0.34049445390701294,0.7441587448120117,0.2300357073545456,0.7462388277053833,0.15467654168605804,0.744580090045929,0.08514395356178284,0.7872424721717834,0.3748113214969635,0.811240553855896,0.2939557433128357,0.8270281553268433,0.23591412603855133,0.8387820720672607,0.17866377532482147,help
0.7241277098655701,0.6098313331604004,0.6589266657829285,0.5677744150161743,0.6005803942680359,0.490416556596756,0.5530773997306824,0.42518046498298645,0.5053413510322571,0.3913173973560333,0.6448323726654053,0.3477642238140106,0.6114214062690735,0.24452701210975647,0.5937937498092651,0.1792440116405487,0.583015501499176,0.1185975968837738,0.6927862167358398,0.3290990889072418,0.6732778549194336,0.209682896733284,0.6623178720474243,0.13224203884601593,0.6526960134506226,0.06317165493965149,0.7415036559104919,0.3408240079879761,0.7435714602470398,0.2293982207775116,0.7457429766654968,0.15405073761940002,0.7448450922966003,0.08458265662193298,0.7882625460624695,0.3749929666519165,0.8115853071212769,0.2939744293689728,0.8276000618934631,0.2361103594303131,0.8401560187339783,0.1787257045507431,help
0.7240743041038513,0.6095343828201294,0.6585027575492859,0.5674406290054321,0.6006708145141602,0.4898422360420227,0.5532995462417603,0.4250810444355011,0.5052745342254639,0.3919510245323181,0.6444330215454102,0.3458733558654785,0.6115248203277588,0.24285243451595306,0.5940169095993042,0.17768914997577667,0.5832983255386353,0.11708781123161316,0.6930192112922668,0.3275355100631714,0.6735759973526001,0.2085592895746231,0.6624656915664673,0.13055835664272308,0.6523781418800354,0.06133151054382324,0.7419593334197998,0.33943891525268555,0.7441945672035217,0.2283419668674469,0.7459771037101746,0.15279561281204224,0.7445038557052612,0.08333882689476013,0.7885065674781799,0.37386637926101685,0.8118212819099426,0.2928544282913208,0.8274362683296204,0.23470813035964966,0.8395652770996094,0.17740164697170258,help
0.7246318459510803,0.6106394529342651,0.6596665382385254,0.5675451755523682,0.601189911365509,0.4902212619781494,0.5534136295318604,0.42562317848205566,0.5059216618537903,0.3915100395679474,0.644639790058136,0.3464306890964508,0.6120076775550842,0.24293272197246552,0.5944304466247559,0.17807987332344055,0.5831785798072815,0.11775162816047668,0.6930736303329468,0.32809504866600037,0.6736420392990112,0.20874997973442078,0.6623077392578125,0.1310979425907135,0.6516993045806885,0.06167858839035034,0.7420448064804077,0.3400169610977173,0.7440809607505798,0.22850143909454346,0.7460762858390808,0.1531956046819687,0.7444103956222534,0.08377748727798462,0.7887805104255676,0.3743349611759186,0.8117309808731079,0.29319366812705994,0.8272086381912231,0.23513543605804443,0.8390319347381592,0.17761333286762238,help
0.7266657948493958,0.6091122627258301,0.6612473726272583,0.5667297840118408,0.6020007133483887,0.4897439181804657,0.5546047687530518,0.4249393343925476,0.5068321228027344,0.39111092686653137,0.6451671719551086,0.34689801931381226,0.6119401454925537,0.24328681826591492,0.5942027568817139,0.17854158580303192,0.5828091502189636,0.11807718873023987,0.6934525966644287,0.3283052444458008,0.6737226247787476,0.208185613155365,0.6625293493270874,0.13038840889930725,0.652039110660553,0.06066858768463135,0.7424026131629944,0.34015172719955444,0.7443807125091553,0.2275582253932953,0.7466235160827637,0.15170809626579285,0.7452700138092041,0.08154714107513428,0.7893918752670288,0.37442606687545776,0.811989426612854,0.29243025183677673,0.8276417255401611,0.23410017788410187,0.8396022915840149,0.1761755347251892,help
0.7276598215103149,0.6095209121704102,0.6621150374412537,0.5678446292877197,0.6029567122459412,0.49031907320022583,0.5555188655853271,0.42552614212036133,0.5080589652061462,0.39186879992485046,0.6466548442840576,0.3463384509086609,0.6132323741912842,0.24251320958137512,0.5954548716545105,0.17762140929698944,0.5840222835540771,0.1176224946975708,0.6949062943458557,0.3277754783630371,0.6752861738204956,0.20778410136699677,0.6638509631156921,0.12998227775096893,0.6530558466911316,0.060622215270996094,0.743776261806488,0.33944448828697205,0.7456847429275513,0.22657427191734314,0.7474811673164368,0.15069139003753662,0.7456142902374268,0.08072680234909058,0.790764331817627,0.3735427260398865,0.8135294914245605,0.2919556200504303,0.8285485506057739,0.23367229104042053,0.8396666646003723,0.1759531944990158,help
0.7283980846405029,0.60906982421875,0.663580060005188,0.5672978162765503,0.6048839688301086,0.48989254236221313,0.5565482378005981,0.4257892370223999,0.5084953308105469,0.39192187786102295,0.6476448774337769,0.3463512361049652,0.6138131618499756,0.24332810938358307,0.5955950021743774,0.17830128967761993,0.5840237140655518,0.11769521236419678,0.6961020827293396,0.32714617252349854,0.6761199235916138,0.20795084536075592,0.6642654538154602,0.13001485168933868,0.653099536895752,0.060539841651916504,0.7451719045639038,0.3383282721042633,0.7466311454772949,0.22689685225486755,0.7477079629898071,0.15142644941806793,0.7452734112739563,0.0818718671798706,0.7918311357498169,0.3720685541629791,0.8142353892326355,0.2912677824497223,0.8293512463569641,0.23296330869197845,0.8408700227737427,0.17523527145385742,help
0.7586362361907959,0.5870268940925598,0.6950733065605164,0.5489680767059326,0.6353803873062134,0.47194382548332214,0.5843563675880432,0.4075497090816498,0.5344953536987305,0.37416648864746094,0.6756483912467957,0.3273290991783142,0.6391295194625854,0.2256801724433899,0.6192348599433899,0.16122789680957794,0.6063582897186279,0.10114377737045288,0.7236653566360474,0.3057936728000641,0.7024375796318054,0.18667884171009064,0.6899962425231934,0.10952121019363403,0.6785534620285034,0.04078686237335205,0.77311772108078,0.315153032541275,0.7727243900299072,0.20502552390098572,0.7724323272705078,0.1300402134656906,0.7686872482299805,0.06072580814361572,0.8207259774208069,0.34685519337654114,0.843478262424469,0.2665775716304779,0.8590037822723389,0.20983465015888214,0.8706184029579163,0.15325458347797394,help
0.7872885465621948,0.6016655564308167,0.7256180644035339,0.5607898235321045,0.6679496169090271,0.4841460585594177,0.6194043159484863,0.42023026943206787,0.5705645084381104,0.3886950612068176,0.7116376161575317,0.34523481130599976,0.6772547960281372,0.24460469186306,0.6579279899597168,0.18120291829109192,0.645105242729187,0.12206876277923584,0.7586097717285156,0.3256990909576416,0.7406447529792786,0.2075294554233551,0.7290274500846863,0.1316222995519638,0.7177304029464722,0.06342750787734985,0.8067677021026611,0.3364925682544708,0.8068370223045349,0.2255088984966278,0.8070104718208313,0.15273422002792358,0.8035879731178284,0.08535540103912354,0.8530383706092834,0.369337260723114,0.8719331622123718,0.28851431608200073,0.8851296901702881,0.23256386816501617,0.8949359655380249,0.17724722623825073,help
0.7883599996566772,0.6036518216133118,0.727462887763977,0.5607504844665527,0.6704776287078857,0.48436635732650757,0.6212409138679504,0.42166221141815186,0.5724959969520569,0.3891514837741852,0.7125500440597534,0.34651100635528564,0.680009663105011,0.2449827492237091,0.6617183089256287,0.18218015134334564,0.6497560143470764,0.1233392059803009,0.7590267658233643,0.3276193141937256,0.7428988814353943,0.20973558723926544,0.7326386570930481,0.13482147455215454,0.7229261994361877,0.06792798638343811,0.8065352439880371,0.3387741446495056,0.8068370223045349,0.22812528908252716,0.8076269626617432,0.15668566524982452,0.8056230545043945,0.09057500958442688,0.8517858386039734,0.3717547655105591,0.8657715320587158,0.2912476658821106,0.8761358261108398,0.23533964157104492,0.8846735954284668,0.17966216802597046,help
0.7682902812957764,0.5902947187423706,0.7053070664405823,0.5539555549621582,0.6468797326087952,0.48147308826446533,0.5981231927871704,0.4189588725566864,0.5490997433662415,0.38776734471321106,0.6881328821182251,0.33807551860809326,0.6523592472076416,0.23865792155265808,0.6323235034942627,0.17610150575637817,0.619045078754425,0.11746290326118469,0.7347217202186584,0.3175911009311676,0.7154168486595154,0.19995653629302979,0.703270673751831,0.12489445507526398,0.6924950480461121,0.05824780464172363,0.7822775840759277,0.32733047008514404,0.7812515497207642,0.21717385947704315,0.7801333069801331,0.14448432624340057,0.7765193581581116,0.07738274335861206,0.8282442688941956,0.358748197555542,0.8474976420402527,0.2780933976173401,0.8611921072006226,0.22173413634300232,0.872065007686615,0.1658419370651245,help
0.7475615739822388,0.5942474603652954,0.684717059135437,0.556826114654541,0.6244447231292725,0.4860570430755615,0.574286162853241,0.4260485768318176,0.525985836982727,0.3945987820625305,0.6655260324478149,0.3401345908641815,0.6280003190040588,0.2402840256690979,0.6062136888504028,0.17731299996376038,0.5908734798431396,0.11853283643722534,0.7115916013717651,0.31861743330955505,0.689861536026001,0.20048445463180542,0.6763163208961487,0.12509626150131226,0.664014458656311,0.05877384543418884,0.7595952749252319,0.3277614414691925,0.7583218812942505,0.21766304969787598,0.7571748495101929,0.14444847404956818,0.7533344626426697,0.07765290141105652,0.8070642352104187,0.35905003547668457,0.8301355242729187,0.2784960865974426,0.8460914492607117,0.22152559459209442,0.8583376407623291,0.1656930148601532,help
0.721611499786377,0.6019541025161743,0.656120240688324,0.5630478858947754,0.5940223336219788,0.4910579323768616,0.5440731048583984,0.43120577931404114,0.49573808908462524,0.4012189507484436,0.6346272826194763,0.34202271699905396,0.5944256782531738,0.24155956506729126,0.5723530650138855,0.17769888043403625,0.5569910407066345,0.11851127445697784,0.6819285750389099,0.320277601480484,0.6576674580574036,0.20048128068447113,0.6429830193519592,0.12311214208602905,0.6295584440231323,0.054988354444503784,0.7311446666717529,0.32954496145248413,0.7302100658416748,0.2181144654750824,0.7296469211578369,0.14224199950695038,0.7259093523025513,0.0730847716331482,0.779770016670227,0.3615989685058594,0.8058117628097534,0.2795636057853699,0.8243299722671509,0.221600741147995,0.8381996750831604,0.1652490347623825,help
0.6947629451751709,0.6097310781478882,0.6287158131599426,0.5708288550376892,0.5653119683265686,0.5013106465339661,0.5144322514533997,0.4438304603099823,0.4656997323036194,0.41190385818481445,0.6031787395477295,0.3510344624519348,0.5610682964324951,0.251135915517807,0.537640392780304,0.18695718050003052,0.520973801612854,0.1270654946565628,0.65107661485672,0.3294079005718231,0.625058650970459,0.20810364186763763,0.609365701675415,0.12907074391841888,0.5955996513366699,0.058324187994003296,0.7008944749832153,0.3399362862110138,0.6987845301628113,0.22648024559020996,0.6975985765457153,0.1497235745191574,0.6936420202255249,0.07892686128616333,0.7500941753387451,0.3737262189388275,0.7762287259101868,0.28946179151535034,0.794236421585083,0.23013103008270264,0.8074981570243835,0.171400785446167,help
0.6855864524841309,0.6067641973495483,0.6199777722358704,0.5715973377227783,0.55684894323349,0.5026412010192871,0.5046155452728271,0.4440799057483673,0.4549100995063782,0.41322118043899536,0.5898752808570862,0.35361218452453613,0.5478726625442505,0.255903035402298,0.5236324071884155,0.1928151249885559,0.5061187744140625,0.13397115468978882,0.6364599466323853,0.3297412693500519,0.6101678609848022,0.21045196056365967,0.594224750995636,0.1324545443058014,0.579282283782959,0.06331923604011536,0.6854051351547241,0.3379514813423157,0.6823641061782837,0.22627601027488708,0.680587112903595,0.14895184338092804,0.6751918196678162,0.07745900750160217,0.733882486820221,0.36964792013168335,0.7599416971206665,0.28697821497917175,0.7779755592346191,0.22731705009937286,0.7908496260643005,0.1686277836561203,help
0.6773732304573059,0.5803708434104919,0.6148129105567932,0.5472957491874695,0.5545456409454346,0.4789668321609497,0.5048328042030334,0.4206205904483795,0.45623165369033813,0.3913804888725281,0.5881467461585999,0.33384189009666443,0.5484238862991333,0.23981782793998718,0.5254305005073547,0.18041932582855225,0.5089553594589233,0.12467299401760101,0.6331479549407959,0.310648649930954,0.6083053350448608,0.19661453366279602,0.593247652053833,0.12308917939662933,0.5790576338768005,0.05821800231933594,0.6800644993782043,0.3179038166999817,0.6792899966239929,0.21127237379550934,0.6786953806877136,0.13761726021766663,0.6741530299186707,0.07037582993507385,0.7260346412658691,0.3476239740848541,0.7513877153396606,0.26974308490753174,0.7687047123908997,0.21319365501403809,0.7809953689575195,0.15844643115997314,help
0.6851626634597778,0.5663962364196777,0.6257632374763489,0.5366185307502747,0.5678234100341797,0.4723376929759979,0.5198854207992554,0.41548416018486023,0.47421181201934814,0.3856988251209259,0.6026830673217773,0.3331557512283325,0.5654674768447876,0.24287979304790497,0.5445041656494141,0.18709221482276917,0.5292290449142456,0.13454081118106842,0.6456265449523926,0.3113084137439728,0.623271644115448,0.2036677747964859,0.6097407341003418,0.13475042581558228,0.5964245796203613,0.07359141111373901,0.6899593472480774,0.3186423182487488,0.6904922723770142,0.21948030591011047,0.690558671951294,0.15082485973834991,0.6863682866096497,0.08772674202919006,0.7329378128051758,0.3467531204223633,0.7577028274536133,0.27313074469566345,0.7746151089668274,0.22107338905334473,0.7866931557655334,0.17044079303741455,help
0.7016304135322571,0.5622146725654602,0.6470761299133301,0.5304384827613831,0.5929038524627686,0.4655490517616272,0.5479753613471985,0.40991297364234924,0.5053399205207825,0.38135117292404175,0.6295198202133179,0.33738863468170166,0.5965052843093872,0.2485238015651703,0.5784185528755188,0.19381485879421234,0.5649805068969727,0.14332900941371918,0.670903205871582,0.31866520643234253,0.6532833576202393,0.2140592336654663,0.6425219774246216,0.14824055135250092,0.631118893623352,0.09011805057525635,0.7130520343780518,0.32746967673301697,0.7165281176567078,0.23244217038154602,0.7189341187477112,0.1678169220685959,0.7168342471122742,0.10879835486412048,0.7531484961509705,0.35571783781051636,0.7792314291000366,0.2872171401977539,0.7978845238685608,0.23967252671718597,0.8115824460983276,0.1939314603805542,help
0.7119187712669373,0.5634684562683105,0.6634534597396851,0.5312414169311523,0.6177314519882202,0.4729826748371124,0.5781142115592957,0.42068520188331604,0.5399285554885864,0.3921278417110443,0.6560742259025574,0.35674887895584106,0.6307744383811951,0.2742149829864502,0.6171079874038696,0.22281454503536224,0.607840895652771,0.175559863448143,0.6948499083518982,0.34226635098457336,0.6844479441642761,0.2476247251033783,0.6772456765174866,0.1874542236328125,0.6694695949554443,0.13422851264476776,0.7328742146492004,0.35235458612442017,0.7401092648506165,0.26733776926994324,0.7436631917953491,0.21004138886928558,0.7433261871337891,0.15826427936553955,0.7681722640991211,0.38008952140808105,0.7954399585723877,0.322259783744812,0.8140594959259033,0.28131768107414246,0.8286304473876953,0.241995170712471,help
0.7053620219230652,0.5640257000923157,0.6579979062080383,0.5319234728813171,0.6143321990966797,0.4744332432746887,0.5766231417655945,0.4235817790031433,0.5394761562347412,0.39585021138191223,0.6522569060325623,0.3626556098461151,0.6285145282745361,0.28181877732276917,0.6158955693244934,0.2312082052230835,0.6076618432998657,0.1850876659154892,0.6900579929351807,0.34931519627571106,0.6805959939956665,0.25702446699142456,0.6742597818374634,0.19767777621746063,0.6676433086395264,0.14551247656345367,0.7270247340202332,0.3597937524318695,0.7347042560577393,0.2767549157142639,0.7386329174041748,0.22061313688755035,0.7390627264976501,0.1696951687335968,0.7614680528640747,0.38740089535713196,0.7882846593856812,0.33070042729377747,0.8061347007751465,0.29040074348449707,0.8201065063476562,0.2514021396636963,help
0.6967884302139282,0.5479761362075806,0.6485285758972168,0.518317461013794,0.6022161245346069,0.4634309709072113,0.5621976852416992,0.4146386384963989,0.5245851278305054,0.38715437054634094,0.6373324394226074,0.3484865427017212,0.6105976700782776,0.2684815526008606,0.5960020422935486,0.21851235628128052,0.585852861404419,0.1727718859910965,0.6749647855758667,0.33365434408187866,0.6620244979858398,0.24046671390533447,0.6538257598876953,0.18106979131698608,0.645456075668335,0.1287931501865387,0.7126535773277283,0.3428083658218384,0.7177369594573975,0.25844812393188477,0.7203896045684814,0.2010730803012848,0.7194837331771851,0.14895671606063843,0.7482593655586243,0.3688215911388397,0.7733980417251587,0.30878502130508423,0.7904505729675293,0.26700541377067566,0.8033624887466431,0.22662201523780823,help
0.6986587047576904,0.5446113348007202,0.6484247446060181,0.5149818062782288,0.6011480689048767,0.4578944444656372,0.5609177350997925,0.40764760971069336,0.5223656296730042,0.3804444670677185,0.6359395980834961,0.3409631848335266,0.6082558631896973,0.2601074278354645,0.5927630066871643,0.20922434329986572,0.5817897915840149,0.1624329537153244,0.6742728352546692,0.32432568073272705,0.6606280207633972,0.22997868061065674,0.6516264081001282,0.16927869617938995,0.6424331665039062,0.1156739890575409,0.712610125541687,0.33248376846313477,0.7170995473861694,0.24683377146720886,0.71920245885849,0.1884329468011856,0.7176105380058289,0.13504011929035187,0.7491064667701721,0.3582400679588318,0.7741050720214844,0.29759886860847473,0.7907571792602539,0.25483959913253784,0.8031678199768066,0.21342533826828003,help
0.7148125767707825,0.5499948859214783,0.6627752780914307,0.5179063677787781,0.6133335828781128,0.4565935730934143,0.570641279220581,0.40380266308784485,0.529998242855072,0.3746984004974365,0.6492733359336853,0.33493316173553467,0.6200389862060547,0.24911607801914215,0.6038500070571899,0.19523164629936218,0.5921546220779419,0.14576521515846252,0.6898512244224548,0.3181053102016449,0.6761558651924133,0.21744607388973236,0.666667103767395,0.1529490053653717,0.6563771367073059,0.09587779641151428,0.7305679321289062,0.3275606632232666,0.7351217269897461,0.23538750410079956,0.7367215156555176,0.17317749559879303,0.7343595623970032,0.11633159220218658,0.7687853574752808,0.3554995357990265,0.7951905131340027,0.2901168167591095,0.8127530813217163,0.2442898452281952,0.8257060050964355,0.19988195598125458,help
0.7301025390625,0.5505766272544861,0.6739464998245239,0.5166715383529663,0.6210393309593201,0.4532565772533417,0.5752978920936584,0.39850112795829773,0.5314949750900269,0.3687925338745117,0.6598854660987854,0.32253530621528625,0.6267223358154297,0.23063091933727264,0.6082108616828918,0.1723247468471527,0.5952544212341309,0.11871111392974854,0.7030401229858398,0.30371353030204773,0.6859711408615112,0.1958295851945877,0.6752798557281494,0.12644647061824799,0.6649025678634644,0.06527966260910034,0.7469862103462219,0.3122767210006714,0.7481265664100647,0.21361114084720612,0.748306155204773,0.14678813517093658,0.7453780174255371,0.08578529953956604,0.7894395589828491,0.3407873213291168,0.8180537223815918,0.27135521173477173,0.8377318978309631,0.22249151766300201,0.852840006351471,0.1747901439666748,help
0.7296662330627441,0.5480249524116516,0.6728255748748779,0.5122875571250916,0.6180543899536133,0.44728267192840576,0.5710922479629517,0.3911653757095337,0.526358962059021,0.3606951832771301,0.6583150625228882,0.3120318055152893,0.6240403652191162,0.2180115133523941,0.6054100394248962,0.15792493522167206,0.5929356217384338,0.10279946029186249,0.7030725479125977,0.29291972517967224,0.6852549314498901,0.18142767250537872,0.6742353439331055,0.10921137034893036,0.6636504530906677,0.046100735664367676,0.7488757967948914,0.30205726623535156,0.7515752911567688,0.20305095613002777,0.7524644732475281,0.1341499388217926,0.7499367594718933,0.07250410318374634,0.7927701473236084,0.33223313093185425,0.823701024055481,0.2629733681678772,0.8452485203742981,0.2142779380083084,0.8618943095207214,0.16788098216056824,help
0.7207034826278687,0.562471866607666,0.660590410232544,0.5257836580276489,0.6038243770599365,0.45975595712661743,0.5559888482093811,0.40358421206474304,0.5104907751083374,0.37154871225357056,0.6450379490852356,0.32088547945022583,0.610448956489563,0.22335347533226013,0.5919255614280701,0.161809042096138,0.5793400406837463,0.10516993701457977,0.6908233761787415,0.3013554811477661,0.6731906533241272,0.18530786037445068,0.663962185382843,0.11093287169933319,0.6551266312599182,0.04546329379081726,0.7368110418319702,0.31215623021125793,0.7427185773849487,0.2068815976381302,0.7472816705703735,0.13489174842834473,0.7473121285438538,0.06918859481811523,0.7802976965904236,0.34430813789367676,0.8072115778923035,0.2691343426704407,0.8251191973686218,0.21717512607574463,0.8380782008171082,0.16629208624362946,help
0.7008524537086487,0.5845751762390137,0.6387030482292175,0.5443595051765442,0.5797505378723145,0.47434744238853455,0.5317971706390381,0.41655465960502625,0.4850567579269409,0.38526225090026855,0.622395396232605,0.3326580822467804,0.5872843861579895,0.23401585221290588,0.5679263472557068,0.16997785866260529,0.5559203028678894,0.1097843199968338,0.6702560186386108,0.3129030168056488,0.6621836423873901,0.19295881688594818,0.6600149273872375,0.11289912462234497,0.6580314636230469,0.0422610342502594,0.7162078619003296,0.3253551125526428,0.7255989909172058,0.21823590993881226,0.7322275042533875,0.1435677856206894,0.7350726127624512,0.0753602385520935,0.7591145634651184,0.36012572050094604,0.7840976119041443,0.28118374943733215,0.8010646104812622,0.22522927820682526,0.8138747215270996,0.17107002437114716,help
0.6988275647163391,0.5874625444412231,0.6361171007156372,0.5472489595413208,0.577391505241394,0.47792506217956543,0.5291908383369446,0.4195892810821533,0.48174309730529785,0.3877340853214264,0.6204429864883423,0.33418163657188416,0.5868675708770752,0.23375102877616882,0.5692720413208008,0.16871030628681183,0.5591699481010437,0.10736338794231415,0.6699621081352234,0.31558459997177124,0.6663311123847961,0.19366462528705597,0.6669554114341736,0.11226184666156769,0.6675593852996826,0.03976088762283325,0.7163829207420349,0.32972362637519836,0.7298730611801147,0.22196342051029205,0.7376189231872559,0.14685554802417755,0.7411425113677979,0.07873392105102539,0.759045422077179,0.36662620306015015,0.787865400314331,0.2870931625366211,0.8064867854118347,0.23118120431900024,0.8202314376831055,0.17759409546852112,help
0.7001247406005859,0.589221715927124,0.6353344917297363,0.5456674695014954,0.5767697095870972,0.4748464524745941,0.5311168432235718,0.4190369248390198,0.48552602529525757,0.3853027820587158,0.6231403946876526,0.33051809668540955,0.6096606850624084,0.22129277884960175,0.6089832186698914,0.15516801178455353,0.6137865781784058,0.09543564915657043,0.6671925187110901,0.3174464702606201,0.661242663860321,0.19155806303024292,0.664059579372406,0.11386823654174805,0.6680527925491333,0.04695159196853638,0.71014803647995,0.32993417978286743,0.7071149349212646,0.21524807810783386,0.707522451877594,0.14426006376743317,0.7063584327697754,0.08226525783538818,0.7539222240447998,0.362404465675354,0.7552128434181213,0.27723222970962524,0.7547435164451599,0.21865585446357727,0.7522086501121521,0.1637118011713028,help
0.6986262202262878,0.5838338732719421,0.635163426399231,0.5404534339904785,0.576764702796936,0.47017234563827515,0.5308260917663574,0.41487354040145874,0.4847331941127777,0.38168615102767944,0.6220240592956543,0.32569628953933716,0.6048001050949097,0.21792814135551453,0.6005964875221252,0.15285606682300568,0.6022490859031677,0.09347286820411682,0.6666526198387146,0.31204578280448914,0.6605624556541443,0.18746086955070496,0.6623619198799133,0.11032028496265411,0.6651208996772766,0.04386541247367859,0.7097541093826294,0.32434701919555664,0.7087188959121704,0.21040236949920654,0.709649920463562,0.1390199214220047,0.7086466550827026,0.07595822215080261,0.7526664733886719,0.356462299823761,0.7561684846878052,0.27267566323280334,0.7574796676635742,0.21388958394527435,0.7565074563026428,0.1582278162240982,help
0.6900417804718018,0.5756359696388245,0.6296234130859375,0.5429466962814331,0.569202184677124,0.4699152708053589,0.5208603739738464,0.40876898169517517,0.47487056255340576,0.3788781464099884,0.6053965091705322,0.32913562655448914,0.5591561794281006,0.23945024609565735,0.5337786078453064,0.18070194125175476,0.5174158811569214,0.12983745336532593,0.6528369188308716,0.3068649470806122,0.6383011937141418,0.18977071344852448,0.6328414678573608,0.1153285801410675,0.6286550760269165,0.05364009737968445,0.6997184753417969,0.3172721862792969,0.7096104621887207,0.21280480921268463,0.7168054580688477,0.1428609937429428,0.7205139994621277,0.08113044500350952,0.7434611320495605,0.35262635350227356,0.7810410857200623,0.2853752076625824,0.8061878681182861,0.23755013942718506,0.8251428604125977,0.1916453242301941,help
0.6847718358039856,0.5797118544578552,0.6253047585487366,0.5448248982429504,0.5656197667121887,0.4770067036151886,0.5131133198738098,0.4315299689769745,0.46584516763687134,0.4165259897708893,0.6092925667762756,0.33110126852989197,0.5761220455169678,0.2392110526561737,0.5603586435317993,0.1793905347585678,0.5509999990463257,0.13010640442371368,0.6558972001075745,0.31352072954177856,0.6448507308959961,0.20093005895614624,0.6382429599761963,0.12913624942302704,0.6323427557945251,0.07186153531074524,0.7023117542266846,0.3258351683616638,0.7136009931564331,0.22571232914924622,0.7178751826286316,0.15717141330242157,0.7193396687507629,0.09733408689498901,0.744653582572937,0.3637835681438446,0.7919731140136719,0.3024221658706665,0.8236790895462036,0.25837597250938416,0.8488314747810364,0.2172747701406479,help
0.685937762260437,0.5781476497650146,0.6252424120903015,0.5381597280502319,0.5660414695739746,0.4737548232078552,0.5160845518112183,0.4291638731956482,0.470295250415802,0.40967562794685364,0.611972987651825,0.3279634416103363,0.5730929374694824,0.23801566660404205,0.5526620149612427,0.1798539161682129,0.5392362475395203,0.12846198678016663,0.6620123982429504,0.3109586238861084,0.6667714715003967,0.19619682431221008,0.6761959195137024,0.12292207777500153,0.6858654618263245,0.06269699335098267,0.7074471116065979,0.32748937606811523,0.731012225151062,0.22633196413516998,0.7476661205291748,0.16318821907043457,0.7604555487632751,0.1056164801120758,0.7475637197494507,0.3697362542152405,0.7913116216659546,0.3064587712287903,0.8215491771697998,0.2640175521373749,0.8456149697303772,0.22199775278568268,help
0.6882564425468445,0.5807531476020813,0.6281532049179077,0.5417292714118958,0.5695434808731079,0.47290492057800293,0.5187239646911621,0.4244244396686554,0.4718027710914612,0.40571093559265137,0.6175940036773682,0.3285638988018036,0.5802618265151978,0.23540011048316956,0.5617092847824097,0.17385146021842957,0.549954891204834,0.12397952377796173,0.6660004258155823,0.31231755018234253,0.6588855981826782,0.19902707636356354,0.656168520450592,0.12658315896987915,0.6537547707557678,0.07016685605049133,0.7128178477287292,0.32769662141799927,0.7285397052764893,0.22999295592308044,0.7369099259376526,0.16266672313213348,0.742232620716095,0.10463055968284607,0.7544080018997192,0.3689412474632263,0.8031464219093323,0.3126961588859558,0.8353441953659058,0.2728140950202942,0.8614354133605957,0.23513668775558472,help
0.6881552338600159,0.5830796360969543,0.6279220581054688,0.5413453578948975,0.5705190300941467,0.47489431500434875,0.5196000337600708,0.4279312491416931,0.47253042459487915,0.40767428278923035,0.6192852258682251,0.3327072560787201,0.5851535797119141,0.2372007668018341,0.5674986839294434,0.17559891939163208,0.5554822683334351,0.12329699099063873,0.6676802635192871,0.3177890479564667,0.6627870202064514,0.20676247775554657,0.6605693101882935,0.1372331976890564,0.6578736305236816,0.08367711305618286,0.7139195799827576,0.3334472179412842,0.7325893044471741,0.2401292473077774,0.7437608242034912,0.1766684353351593,0.7512978911399841,0.12207897007465363,0.7546072602272034,0.3736981451511383,0.8011330962181091,0.31701838970184326,0.8316810131072998,0.2771833539009094,0.8564282059669495,0.2394060492515564,help
0.684132993221283,0.5762410759925842,0.6242387890815735,0.5347437858581543,0.567091166973114,0.4626077115535736,0.5182464122772217,0.4148520529270172,0.4722605347633362,0.3975774943828583,0.6220187544822693,0.32277587056159973,0.5878720283508301,0.23207324743270874,0.5705180764198303,0.17483244836330414,0.5577921867370605,0.12942562997341156,0.6725395321846008,0.31237202882766724,0.6759402751922607,0.20492126047611237,0.6795163750648499,0.1389075219631195,0.6818419098854065,0.08849433064460754,0.7186427712440491,0.33183354139328003,0.7405526041984558,0.24444544315338135,0.7522162795066833,0.18425482511520386,0.7607027888298035,0.1317974030971527,0.758274257183075,0.37509986758232117,0.811497688293457,0.3260602056980133,0.8485704064369202,0.2932355999946594,0.8793080449104309,0.2622497081756592,help
0.6845822334289551,0.5888323783874512,0.6241739392280579,0.5480693578720093,0.5694119930267334,0.48108798265457153,0.5199240446090698,0.42803043127059937,0.47336864471435547,0.4003605246543884,0.6204574704170227,0.33218711614608765,0.6103244423866272,0.23012180626392365,0.6101976037025452,0.17010733485221863,0.6127886176109314,0.11591583490371704,0.66339111328125,0.32158029079437256,0.6535594463348389,0.2082756608724594,0.6486378312110901,0.1386314183473587,0.6436734795570374,0.07941487431526184,0.7068051099777222,0.33703693747520447,0.7214910387992859,0.23402942717075348,0.730339527130127,0.16986341774463654,0.7344833612442017,0.11255854368209839,0.7479085326194763,0.3722636103630066,0.7720553278923035,0.299728661775589,0.7872867584228516,0.25182485580444336,0.7989245653152466,0.20457524061203003,help
0.6848465204238892,0.5886495113372803,0.6244122982025146,0.5459134578704834,0.5685561895370483,0.4783051013946533,0.5199880599975586,0.4273768663406372,0.47358769178390503,0.4011808931827545,0.6199882626533508,0.3317781984806061,0.6145426034927368,0.22792650759220123,0.6173602342605591,0.1661558449268341,0.6233131885528564,0.11128777265548706,0.6622086763381958,0.3222377598285675,0.6567637324333191,0.20699040591716766,0.6557527780532837,0.13734573125839233,0.65537428855896,0.07892128825187683,0.7050994038581848,0.3367222845554352,0.7140130400657654,0.23052719235420227,0.7201718091964722,0.16618473827838898,0.7232038974761963,0.10933691263198853,0.7474007606506348,0.3712235689163208,0.7635902762413025,0.2940751314163208,0.7734299898147583,0.24346019327640533,0.780595064163208,0.19488392770290375,help
0.6837499141693115,0.5881308317184448,0.6246923804283142,0.5439321994781494,0.5683572292327881,0.47549593448638916,0.5208664536476135,0.42513343691825867,0.4754948019981384,0.4008539617061615,0.6189850568771362,0.32919156551361084,0.6170808672904968,0.22469715774059296,0.6217515468597412,0.16314181685447693,0.6292259693145752,0.10959979891777039,0.6609230637550354,0.31957030296325684,0.6600639820098877,0.20241542160511017,0.6635743975639343,0.13350559771060944,0.6669684648513794,0.07625505328178406,0.7022586464881897,0.33302435278892517,0.7070462703704834,0.2254406064748764,0.7115562558174133,0.16205306351184845,0.7133446931838989,0.10788604617118835,0.7434905767440796,0.3659589886665344,0.7535500526428223,0.28617602586746216,0.758599579334259,0.233684241771698,0.7610388994216919,0.18539565801620483,help
0.684924840927124,0.5875751972198486,0.6232634782791138,0.5434072613716125,0.5665384531021118,0.4746749997138977,0.5207383632659912,0.4228399991989136,0.4767303764820099,0.3971831202507019,0.6193476319313049,0.3270736634731293,0.619718611240387,0.22339029610157013,0.6250945329666138,0.16324739158153534,0.6320534348487854,0.1100500226020813,0.6608842611312866,0.3178996443748474,0.6626207828521729,0.20081840455532074,0.6669489145278931,0.13322000205516815,0.6702347993850708,0.07693895697593689,0.7012692093849182,0.3304816782474518,0.7036343812942505,0.22358188033103943,0.7056719660758972,0.15986233949661255,0.705422580242157,0.10613709688186646,0.7419100999832153,0.3617711663246155,0.7484804391860962,0.2812100648880005,0.7512537240982056,0.22703644633293152,0.7521617412567139,0.17779000103473663,help
0.6848993897438049,0.5854884386062622,0.622420608997345,0.5418641567230225,0.5664764046669006,0.47298741340637207,0.5208892822265625,0.41877156496047974,0.47700169682502747,0.3898135721683502,0.6203717589378357,0.3258707821369171,0.6201712489128113,0.22267094254493713,0.6265082359313965,0.1637040674686432,0.6349334716796875,0.11046764254570007,0.6618045568466187,0.31719428300857544,0.6634112596511841,0.20204077661037445,0.6679883003234863,0.13521848618984222,0.6718167066574097,0.07841339707374573,0.7017399668693542,0.3303763270378113,0.7023341059684753,0.2251579463481903,0.7032395601272583,0.16093528270721436,0.7026465535163879,0.1051567792892456,0.7417130470275879,0.3618367910385132,0.7456177473068237,0.28123801946640015,0.7466368675231934,0.2265533059835434,0.7462466955184937,0.17556510865688324,help
0.685402512550354,0.5853252410888672,0.6223945021629333,0.5409204363822937,0.5660324692726135,0.4715084433555603,0.5209855437278748,0.41626372933387756,0.47746017575263977,0.38757801055908203,0.6200968623161316,0.3256785273551941,0.62021404504776,0.2226695418357849,0.6267465949058533,0.16276538372039795,0.6352386474609375,0.10905259847640991,0.6606810688972473,0.3169156610965729,0.6625903844833374,0.2022712677717209,0.667911171913147,0.13551723957061768,0.6726056933403015,0.0784578025341034,0.7002399563789368,0.3299930691719055,0.7017034292221069,0.22507956624031067,0.7033467292785645,0.1601962149143219,0.7033289074897766,0.10416823625564575,0.740489661693573,0.3612349033355713,0.745378851890564,0.2808683216571808,0.7463362812995911,0.2255496382713318,0.7455166578292847,0.1740402728319168,help
0.6842734813690186,0.5851520299911499,0.6220185160636902,0.5412887334823608,0.5660573244094849,0.4717290997505188,0.5220901966094971,0.41625601053237915,0.47852420806884766,0.38692164421081543,0.6200873255729675,0.3265107572078705,0.6201310157775879,0.22404873371124268,0.6269873976707458,0.16384585201740265,0.6359298825263977,0.10999283194541931,0.6606777906417847,0.3177330493927002,0.6626685857772827,0.20236246287822723,0.6675224900245667,0.13457919657230377,0.6712896823883057,0.0766751766204834,0.70015949010849,0.3307371437549591,0.7013173699378967,0.22406397759914398,0.702795147895813,0.15766987204551697,0.7023728489875793,0.10028302669525146,0.7403153777122498,0.36217421293258667,0.7448126673698425,0.28086531162261963,0.7451744079589844,0.22439292073249817,0.7434183359146118,0.17203043401241302,help
0.6845299601554871,0.5843561887741089,0.6225088238716125,0.5395853519439697,0.566773533821106,0.4702223539352417,0.5230409502983093,0.4147445857524872,0.48000073432922363,0.3842868208885193,0.6201118230819702,0.3265579342842102,0.6192685961723328,0.2230328619480133,0.6254427433013916,0.16216635704040527,0.6338270306587219,0.1075303852558136,0.6611160635948181,0.31811922788619995,0.6620063185691833,0.202012300491333,0.666671872138977,0.13400353491306305,0.6706253290176392,0.07558578252792358,0.7009297013282776,0.33132579922676086,0.7021169066429138,0.22462403774261475,0.7037975788116455,0.1584969311952591,0.7033953666687012,0.10097673535346985,0.7414464354515076,0.3627001643180847,0.7454854249954224,0.28111037611961365,0.7452149987220764,0.22431398928165436,0.7427578568458557,0.17092610895633698,help
0.6853684782981873,0.5836962461471558,0.6226711869239807,0.5397734642028809,0.5670629143714905,0.46931585669517517,0.5239205360412598,0.4124313294887543,0.4804113507270813,0.38187193870544434,0.6200630068778992,0.3269963562488556,0.6186163425445557,0.22367943823337555,0.6248710751533508,0.1622166633605957,0.6335064172744751,0.10724994540214539,0.661284863948822,0.3179336190223694,0.6615419387817383,0.20160995423793793,0.6661292314529419,0.1328810453414917,0.6700809001922607,0.07375121116638184,0.7013213038444519,0.33061522245407104,0.7018200755119324,0.2239837944507599,0.7031295895576477,0.15835963189601898,0.702363133430481,0.1016949713230133,0.7422040104866028,0.36171406507492065,0.7458618879318237,0.2798147201538086,0.7452613711357117,0.22342559695243835,0.7424961924552917,0.17103338241577148,help
0.6849833130836487,0.5814247131347656,0.622992992401123,0.5381099581718445,0.5683913230895996,0.4683695435523987,0.5262638926506042,0.41119256615638733,0.4841712713241577,0.37735140323638916,0.6190997958183289,0.3253943622112274,0.6180945634841919,0.22326791286468506,0.623680830001831,0.16262120008468628,0.6316910982131958,0.1081480085849762,0.6601576209068298,0.31631961464881897,0.6602055430412292,0.20040060579776764,0.664115846157074,0.1323927938938141,0.6673833131790161,0.07381406426429749,0.7003576755523682,0.3288799822330475,0.7005702257156372,0.22211238741874695,0.7013003826141357,0.1555275171995163,0.7000212073326111,0.0974927544593811,0.7414566278457642,0.3598850965499878,0.7446302175521851,0.2784554958343506,0.7438238263130188,0.22241967916488647,0.740946352481842,0.1698441505432129,help
0.686381459236145,0.5859044194221497,0.623127281665802,0.5328724384307861,0.5826215147972107,0.4488179683685303,0.5612355470657349,0.36962735652923584,0.5274294018745422,0.3161669969558716,0.6151190996170044,0.328542023897171,0.6144483685493469,0.22357793152332306,0.6199812889099121,0.16261784732341766,0.6280310750007629,0.10725182294845581,0.6577436327934265,0.3186982572078705,0.6565470099449158,0.20008310675621033,0.6600009202957153,0.13078472018241882,0.6612783074378967,0.06861317157745361,0.6978152394294739,0.332224577665329,0.6953294277191162,0.22316069900989532,0.694329023361206,0.15546321868896484,0.691683292388916,0.09529486298561096,0.7404906749725342,0.364009827375412,0.7390952110290527,0.2800687551498413,0.736827552318573,0.22393150627613068,0.7328735589981079,0.1713658720254898,help
0.6872138381004333,0.5870950818061829,0.6253988742828369,0.5343140959739685,0.5866023898124695,0.4471367597579956,0.5687106251716614,0.3660992383956909,0.5364591479301453,0.3092021346092224,0.6177811622619629,0.32827287912368774,0.614829957485199,0.22362884879112244,0.6205980777740479,0.16249001026153564,0.6303304433822632,0.1060376763343811,0.6589864492416382,0.31839022040367126,0.6555622816085815,0.19979943335056305,0.6588814854621887,0.1294163316488266,0.6622477769851685,0.06701111793518066,0.6983818411827087,0.3305714726448059,0.6955589652061462,0.22322477400302887,0.6957622766494751,0.15485219657421112,0.6951704025268555,0.09448254108428955,0.7401583194732666,0.3603855073451996,0.7375515699386597,0.27536365389823914,0.7351436614990234,0.22049832344055176,0.731050431728363,0.1697763055562973,help
0.6867658495903015,0.5862603187561035,0.6249420642852783,0.5316448211669922,0.5871216058731079,0.44312840700149536,0.570052981376648,0.36138367652893066,0.5376828908920288,0.305469810962677,0.6175442934036255,0.3272447884082794,0.6142641305923462,0.22215265035629272,0.6199257373809814,0.16172026097774506,0.6293394565582275,0.10562735795974731,0.6588608622550964,0.31817805767059326,0.6557497382164001,0.2004546821117401,0.6592429280281067,0.13140258193016052,0.6620939373970032,0.06892713904380798,0.6977696418762207,0.33107882738113403,0.6956140398979187,0.22356601059436798,0.6957998275756836,0.1567731648683548,0.6947985887527466,0.09668657183647156,0.7389020323753357,0.36145666241645813,0.7367473840713501,0.27771657705307007,0.7349010705947876,0.22314229607582092,0.7314058542251587,0.1717572808265686,help
0.6876255869865417,0.5876060128211975,0.6269253492355347,0.5326426029205322,0.588192880153656,0.44664186239242554,0.5726151466369629,0.3664841055870056,0.5445307493209839,0.3058001399040222,0.615950345993042,0.3271666169166565,0.6130468249320984,0.22200284898281097,0.6186604499816895,0.1611545979976654,0.6276312470436096,0.10554394125938416,0.6569108963012695,0.3174337148666382,0.6534075140953064,0.199868842959404,0.6566835045814514,0.13030791282653809,0.6593267917633057,0.0682201087474823,0.6956842541694641,0.32937565445899963,0.6932165622711182,0.22202931344509125,0.6935129165649414,0.15515930950641632,0.6922834515571594,0.09554386138916016,0.7372227311134338,0.35862499475479126,0.7356716394424438,0.2752867341041565,0.7341756224632263,0.22100189328193665,0.7305336594581604,0.17071400582790375,help
0.6895771026611328,0.5870824456214905,0.628052830696106,0.5329385995864868,0.5899412631988525,0.4462626874446869,0.5750333666801453,0.36428165435791016,0.5464299321174622,0.3043214976787567,0.6178716421127319,0.3270846903324127,0.6138570308685303,0.22227264940738678,0.6195003986358643,0.16198696196079254,0.62860506772995,0.10585415363311768,0.6587032079696655,0.3167416751384735,0.6541078686714172,0.20006705820560455,0.6573899984359741,0.13134951889514923,0.6598993539810181,0.06852373480796814,0.6973821520805359,0.32905369997024536,0.6937962770462036,0.22197796404361725,0.6935725212097168,0.1557750403881073,0.6919114589691162,0.09535863995552063,0.73926842212677,0.3589279353618622,0.7370335459709167,0.27515342831611633,0.7356677055358887,0.22067461907863617,0.7324551343917847,0.16890719532966614,help
0.6891697645187378,0.5836772322654724,0.6283472776412964,0.5301468372344971,0.5908101797103882,0.44550925493240356,0.5773629546165466,0.3642880320549011,0.5496587753295898,0.30219507217407227,0.6175742149353027,0.32325422763824463,0.6139565706253052,0.21907489001750946,0.6191699504852295,0.15885573625564575,0.6281323432922363,0.10267436504364014,0.6590181589126587,0.31362617015838623,0.6549510359764099,0.19729092717170715,0.657983124256134,0.1283235251903534,0.6607797145843506,0.06488466262817383,0.6978309750556946,0.32664844393730164,0.695341169834137,0.2195407599210739,0.6949360966682434,0.15314604341983795,0.693547785282135,0.09236511588096619,0.7400038838386536,0.3574049472808838,0.7383542060852051,0.2739816904067993,0.7368891835212708,0.2192138284444809,0.7336307168006897,0.1666976362466812,help
0.6916095018386841,0.5813644528388977,0.6306436061859131,0.5286387801170349,0.5915424823760986,0.4427672326564789,0.5772764086723328,0.36053305864334106,0.5487575531005859,0.29854825139045715,0.6190239191055298,0.32118603587150574,0.61467045545578,0.21680806577205658,0.6197276711463928,0.15635652840137482,0.6284376978874207,0.10018566250801086,0.6599970459938049,0.31017041206359863,0.6548837423324585,0.19264134764671326,0.6578844785690308,0.12328849732875824,0.6606119871139526,0.060799092054367065,0.6989272832870483,0.3218485713005066,0.6960650682449341,0.214061439037323,0.6960986256599426,0.14788973331451416,0.6946767568588257,0.0881631076335907,0.7409965991973877,0.3508487641811371,0.7388076186180115,0.26691916584968567,0.737445592880249,0.21304382383823395,0.7342856526374817,0.1622081845998764,help
0.6896090507507324,0.5827815532684326,0.6298849582672119,0.5320813655853271,0.5909134149551392,0.4482629895210266,0.5771030783653259,0.36853790283203125,0.5503493547439575,0.30395185947418213,0.6182724833488464,0.32077640295028687,0.6103469133377075,0.21568498015403748,0.6129708290100098,0.15380246937274933,0.6196104884147644,0.09614166617393494,0.6593819856643677,0.30983373522758484,0.6516948342323303,0.1926138997077942,0.651797354221344,0.12185132503509521,0.6518730521202087,0.05713614821434021,0.698325514793396,0.3217368721961975,0.6933834552764893,0.21504004299640656,0.6926291584968567,0.14903682470321655,0.6902430653572083,0.08876758813858032,0.740136444568634,0.3515385091304779,0.7384363412857056,0.268608033657074,0.7367023825645447,0.21395958960056305,0.7324692606925964,0.16231593489646912,help
0.6921499967575073,0.5775746703147888,0.6311425566673279,0.5418273210525513,0.5760260820388794,0.4660676419734955,0.5350172519683838,0.39835184812545776,0.4898356795310974,0.3608126938343048,0.6100396513938904,0.3322520852088928,0.5739431381225586,0.23742720484733582,0.5554425716400146,0.17728200554847717,0.543713390827179,0.12402282655239105,0.6568428874015808,0.31241774559020996,0.6392588019371033,0.19962166249752045,0.6298130750656128,0.12943406403064728,0.6214069128036499,0.07193976640701294,0.7033721208572388,0.322454035282135,0.70738685131073,0.22255493700504303,0.708432674407959,0.15753839910030365,0.7059910893440247,0.10030063986778259,0.7480464577674866,0.35460880398750305,0.7756972908973694,0.28726646304130554,0.7930352687835693,0.2402397096157074,0.8059073090553284,0.1952137053012848,help
0.6897320747375488,0.5720124244689941,0.6288104057312012,0.5350528955459595,0.5713483691215515,0.46824321150779724,0.5230393409729004,0.4135197103023529,0.4777109622955322,0.38751789927482605,0.6155263781547546,0.32655763626098633,0.5799271464347839,0.2346513867378235,0.5606873035430908,0.1741437464952469,0.5481133460998535,0.12129618227481842,0.6636888384819031,0.30865705013275146,0.6609836220741272,0.19530577957630157,0.6605396866798401,0.12152858078479767,0.6596633195877075,0.06245678663253784,0.7094296813011169,0.32171890139579773,0.724230170249939,0.22515878081321716,0.7324851751327515,0.16061817109584808,0.7371787428855896,0.104399174451828,0.7508368492126465,0.3593329191207886,0.7909942865371704,0.2986414432525635,0.8175294399261475,0.25594112277030945,0.8386756777763367,0.21544049680233002,help
0.6930392980575562,0.5734808444976807,0.6332076787948608,0.5359313488006592,0.5744271278381348,0.46963658928871155,0.5249143838882446,0.41841718554496765,0.48021137714385986,0.3934059143066406,0.6185059547424316,0.3265162408351898,0.5803271532058716,0.23532328009605408,0.5600082874298096,0.17496994137763977,0.5464047193527222,0.12390255928039551,0.6671217679977417,0.3090849816799164,0.6658852696418762,0.19615893065929413,0.6679458618164062,0.12355148792266846,0.6696227788925171,0.06796631217002869,0.7130340337753296,0.32301801443099976,0.7280629873275757,0.22973325848579407,0.7363011240959167,0.1675550937652588,0.7417222857475281,0.11392247676849365,0.7545507550239563,0.3614341616630554,0.794877290725708,0.3012229800224304,0.821755051612854,0.26054978370666504,0.8434079885482788,0.22207841277122498,help
0.6956154704093933,0.5766666531562805,0.6356278657913208,0.5376781821250916,0.5767064094543457,0.4699104428291321,0.5272912979125977,0.41878530383110046,0.4822607934474945,0.39348945021629333,0.6224238276481628,0.3278423845767975,0.5840657353401184,0.23517833650112152,0.5636674761772156,0.1745004951953888,0.549846351146698,0.12298966944217682,0.6705156564712524,0.310974657535553,0.6672003269195557,0.19813352823257446,0.6682410836219788,0.1246161013841629,0.6690027713775635,0.06660991907119751,0.7162456512451172,0.32391226291656494,0.728071928024292,0.2295377552509308,0.7360244989395142,0.16575060784816742,0.7410650253295898,0.11027008295059204,0.7579800486564636,0.3600579798221588,0.795069694519043,0.29907408356666565,0.8199169635772705,0.25655272603034973,0.840069055557251,0.2160569578409195,help
0.7362795472145081,0.5791952013969421,0.6733509302139282,0.5295944809913635,0.6335383057594299,0.4575774073600769,0.6255378723144531,0.37905457615852356,0.6244298219680786,0.3084723949432373,0.6605403423309326,0.3443938195705414,0.6475002765655518,0.25063711404800415,0.6464164853096008,0.19536848366260529,0.6496158242225647,0.14112243056297302,0.6967626810073853,0.3305712342262268,0.6838535666465759,0.2235824167728424,0.680340588092804,0.16018004715442657,0.6770343780517578,0.09895095229148865,0.7320766448974609,0.33765125274658203,0.7224017977714539,0.2399190366268158,0.7169080376625061,0.17902043461799622,0.7110481858253479,0.12356168031692505,0.772887647151947,0.35992753505706787,0.7658849954605103,0.2824993133544922,0.7607830166816711,0.23242276906967163,0.7538901567459106,0.18443746864795685,help
0.7511733174324036,0.6034365296363831,0.6952974796295166,0.5680260062217712,0.6438795924186707,0.5014163255691528,0.6049103140830994,0.43748852610588074,0.5645833015441895,0.40262866020202637,0.6844913363456726,0.37789374589920044,0.6543593406677246,0.28915631771087646,0.6379523277282715,0.23328842222690582,0.626408040523529,0.18365398049354553,0.7272384166717529,0.3613247275352478,0.7153499126434326,0.25645533204078674,0.7081005573272705,0.19040825963020325,0.7008943557739258,0.13586318492889404,0.7693880796432495,0.37136903405189514,0.772056519985199,0.28061801195144653,0.7718461751937866,0.2187758833169937,0.7689669132232666,0.16525304317474365,0.8091266751289368,0.401008665561676,0.8333796858787537,0.34180089831352234,0.8490327596664429,0.3006174564361572,0.8619850873947144,0.26256513595581055,help
0.7462008595466614,0.6195793151855469,0.6917341351509094,0.5832232236862183,0.641384482383728,0.5218149423599243,0.5982286930084229,0.4685274362564087,0.5560039281845093,0.44401997327804565,0.6852228045463562,0.3978882431983948,0.656227707862854,0.30853161215782166,0.6405378580093384,0.2535673975944519,0.6295802593231201,0.20489394664764404,0.7264868021011353,0.3833658993244171,0.7142521739006042,0.2794671952724457,0.7068463563919067,0.21387450397014618,0.6998714208602905,0.1592758297920227,0.7674250602722168,0.39405661821365356,0.7716465592384338,0.30322161316871643,0.7729372382164001,0.24255046248435974,0.771278977394104,0.18931865692138672,0.8064815998077393,0.4230082631111145,0.8316404819488525,0.36227262020111084,0.8473572134971619,0.3196713328361511,0.8595849275588989,0.27937051653862,help
0.7431381344795227,0.6292059421539307,0.6893483400344849,0.5924147963523865,0.6425701379776001,0.5266101360321045,0.6077899932861328,0.4623112976551056,0.569740355014801,0.4258183240890503,0.6818921566009521,0.4075094759464264,0.6574269533157349,0.31642746925354004,0.6451164484024048,0.2610713243484497,0.637911319732666,0.21126990020275116,0.7230668067932129,0.3927791714668274,0.710835874080658,0.28813278675079346,0.703757107257843,0.2244226485490799,0.697390615940094,0.17024147510528564,0.7641872763633728,0.40246137976646423,0.7660940885543823,0.3099985122680664,0.7669748067855835,0.24961082637310028,0.7658019661903381,0.19670182466506958,0.8037359714508057,0.4300380349159241,0.8225367069244385,0.36442309617996216,0.835296630859375,0.3201035261154175,0.8462814092636108,0.2782624363899231,help
0.7464464902877808,0.6325173377990723,0.6914921402931213,0.5965797305107117,0.6408609747886658,0.533211886882782,0.5994364023208618,0.4757954776287079,0.5577793121337891,0.4471878111362457,0.6844925880432129,0.4129613935947418,0.6552488803863525,0.32328730821609497,0.6388962864875793,0.26779448986053467,0.627579927444458,0.2181110829114914,0.7258250117301941,0.3970331847667694,0.7134361863136292,0.2928152084350586,0.7054039835929871,0.22768260538578033,0.6977445483207703,0.1735822558403015,0.7673561573028564,0.40676426887512207,0.7702680826187134,0.3147709369659424,0.7706422209739685,0.25398507714271545,0.7683001160621643,0.20088228583335876,0.807047963142395,0.43556663393974304,0.8300626277923584,0.37431836128234863,0.8443138599395752,0.33232396841049194,0.855514407157898,0.2928463816642761,help
0.7433651089668274,0.6408640146255493,0.6886661052703857,0.6059149503707886,0.6365022659301758,0.5486603379249573,0.5904410481452942,0.49944305419921875,0.5471354722976685,0.4758288860321045,0.6811213493347168,0.422097772359848,0.6502229571342468,0.33161866664886475,0.6331977248191833,0.27561116218566895,0.6212078332901001,0.22577692568302155,0.722647488117218,0.4060688316822052,0.7103800177574158,0.3010566234588623,0.7026209235191345,0.2345803827047348,0.6953486204147339,0.18008342385292053,0.7641258239746094,0.41652604937553406,0.7689239382743835,0.32641756534576416,0.7701594233512878,0.2662833333015442,0.7685801982879639,0.21431082487106323,0.8032175302505493,0.44636428356170654,0.830115020275116,0.38785049319267273,0.8465721011161804,0.34769994020462036,0.8595290780067444,0.31049472093582153,help
0.7213720679283142,0.47836416959762573,0.6682133674621582,0.46228423714637756,0.6177600026130676,0.3991507291793823,0.6025749444961548,0.3306043744087219,0.6263716816902161,0.3033684194087982,0.6524893641471863,0.33424112200737,0.6604743003845215,0.286511093378067,0.662193238735199,0.3415081202983856,0.6588384509086609,0.36577239632606506,0.690068244934082,0.3369373083114624,0.6954792737960815,0.29004546999931335,0.6943758130073547,0.3593939542770386,0.6887514591217041,0.3821399211883545,0.7236951589584351,0.3431282937526703,0.7293647527694702,0.30104267597198486,0.7242408394813538,0.3680918514728546,0.7160118222236633,0.3939621150493622,0.755981981754303,0.35417091846466064,0.7574287056922913,0.3234248161315918,0.7518229484558105,0.3718574047088623,0.7447657585144043,0.39375197887420654,fine
0.7238925695419312,0.4585040211677551,0.6709830164909363,0.4432428479194641,0.6204217076301575,0.376522421836853,0.6044124364852905,0.3054807484149933,0.6285960078239441,0.2838301360607147,0.6558254361152649,0.3131183981895447,0.6637443900108337,0.2627844214439392,0.6656163334846497,0.31961867213249207,0.6622422337532043,0.3430590033531189,0.6930022239685059,0.31569787859916687,0.6988741159439087,0.2684172987937927,0.6972869634628296,0.33851689100265503,0.6911036372184753,0.358027845621109,0.7264942526817322,0.32203206419944763,0.7321685552597046,0.28027138113975525,0.7267699837684631,0.3478792905807495,0.7185977697372437,0.3703450858592987,0.7591958045959473,0.3330233693122864,0.7607172727584839,0.30288922786712646,0.7547496557235718,0.35156095027923584,0.747897744178772,0.371733695268631,fine
0.7224814891815186,0.4599294364452362,0.6697825789451599,0.44114959239959717,0.6195322275161743,0.37546277046203613,0.6023296117782593,0.3057205379009247,0.6265125274658203,0.2812452018260956,0.6538561582565308,0.3123050630092621,0.6615302562713623,0.2615838348865509,0.6635043621063232,0.318511962890625,0.6600039005279541,0.3425745368003845,0.691076397895813,0.3140511214733124,0.6969465017318726,0.2667403817176819,0.6955429315567017,0.3372252881526947,0.689166784286499,0.3563290536403656,0.7249497175216675,0.32021063566207886,0.730499267578125,0.2787424921989441,0.7252511382102966,0.34646308422088623,0.7171769142150879,0.36791735887527466,0.7581629753112793,0.33193641901016235,0.7591175436973572,0.302074670791626,0.7533590793609619,0.3513241410255432,0.7471131682395935,0.3709796667098999,fine
0.7240710854530334,0.4587141275405884,0.6699615120887756,0.4402107894420624,0.6185853481292725,0.37631362676620483,0.6015490293502808,0.30627328157424927,0.6257733106613159,0.27694982290267944,0.6537380814552307,0.31078198552131653,0.6600168347358704,0.25981268286705017,0.6623625755310059,0.31666475534439087,0.6592898964881897,0.342322438955307,0.6909962296485901,0.311888724565506,0.6958813071250916,0.2640964686870575,0.6951838731765747,0.33474281430244446,0.688601553440094,0.35527148842811584,0.7249174118041992,0.3168288469314575,0.7299092411994934,0.2744360566139221,0.7257736921310425,0.3429570496082306,0.7178395390510559,0.36665812134742737,0.7580091953277588,0.32735538482666016,0.759110689163208,0.2964980900287628,0.7541239857673645,0.3462855815887451,0.747818648815155,0.3670623004436493,fine
0.7303160429000854,0.4439338743686676,0.6771172881126404,0.42931056022644043,0.6251100897789001,0.3594231605529785,0.6091352105140686,0.2877788245677948,0.6329138875007629,0.2623119354248047,0.6618134379386902,0.29463914036750793,0.6697667241096497,0.24459373950958252,0.67128586769104,0.3018340468406677,0.6679948568344116,0.3255695402622223,0.6997066736221313,0.2974550724029541,0.7050204277038574,0.24899855256080627,0.703964114189148,0.32065463066101074,0.6979841589927673,0.34086763858795166,0.7333655953407288,0.30376291275024414,0.7393216490745544,0.259976327419281,0.7345030307769775,0.3285002112388611,0.72655189037323,0.35200509428977966,0.766511082649231,0.3132423758506775,0.768803596496582,0.2828899025917053,0.7635368704795837,0.33312341570854187,0.7567338347434998,0.3527640402317047,fine
0.7429805397987366,0.4388915002346039,0.6887609958648682,0.4218020737171173,0.6377431154251099,0.34881412982940674,0.6233698129653931,0.2755109965801239,0.6492966413497925,0.25108620524406433,0.6761326789855957,0.28255048394203186,0.6860520243644714,0.23009294271469116,0.6867825984954834,0.2876884937286377,0.6824769973754883,0.31449833512306213,0.713884711265564,0.28665271401405334,0.7219725251197815,0.23546308279037476,0.7197315692901611,0.3074873983860016,0.7123304605484009,0.3312714993953705,0.7472570538520813,0.2952413558959961,0.754535973072052,0.2506623864173889,0.7489364743232727,0.3194621205329895,0.7400739192962646,0.34522756934165955,0.7800693511962891,0.3076237440109253,0.7828576564788818,0.27717524766921997,0.7767062187194824,0.3270524740219116,0.7686640024185181,0.34763485193252563,fine
0.7495206594467163,0.4424326419830322,0.6952065229415894,0.4222910702228546,0.6456688046455383,0.3496705889701843,0.6318224668502808,0.2755807042121887,0.6594821810722351,0.2506042718887329,0.6846235394477844,0.2842085361480713,0.6942794919013977,0.23069167137145996,0.6953815817832947,0.2882813513278961,0.6917210817337036,0.31805744767189026,0.7222766280174255,0.2877312898635864,0.7304222583770752,0.23493313789367676,0.7284102439880371,0.3076876103878021,0.7211524248123169,0.33330923318862915,0.7558916807174683,0.29604828357696533,0.7632395029067993,0.2510664761066437,0.7575411796569824,0.3207363784313202,0.7481759190559387,0.3468974530696869,0.7884511947631836,0.30960333347320557,0.7915266752243042,0.2766270339488983,0.7851690053939819,0.3260878920555115,0.776894748210907,0.3474716544151306,fine
0.7560884356498718,0.44236868619918823,0.6995564103126526,0.4132033586502075,0.6515067219734192,0.3463144898414612,0.6330703496932983,0.2731238603591919,0.6566230654716492,0.23816096782684326,0.6828600764274597,0.27574607729911804,0.6921018362045288,0.2161065936088562,0.6972596645355225,0.2715044617652893,0.6949739456176758,0.311477929353714,0.7205190658569336,0.27591603994369507,0.7276883125305176,0.21677565574645996,0.7297676205635071,0.291392058134079,0.7230432629585266,0.32888612151145935,0.7556232810020447,0.2839541733264923,0.7628230452537537,0.2362048625946045,0.7583669424057007,0.3070901036262512,0.748376727104187,0.3428218364715576,0.789520263671875,0.30049267411231995,0.792572021484375,0.2645432651042938,0.7858429551124573,0.31364917755126953,0.7757652401924133,0.3403260409832001,fine
0.7684303522109985,0.43344587087631226,0.7098085880279541,0.39492708444595337,0.6613073348999023,0.32540178298950195,0.6411548256874084,0.2502620816230774,0.6671253442764282,0.2124422788619995,0.6941505074501038,0.253182977437973,0.7035086154937744,0.1927221715450287,0.7085406184196472,0.25142616033554077,0.705682098865509,0.29126986861228943,0.7335934042930603,0.25385770201683044,0.7404768466949463,0.19431383907794952,0.7427480816841125,0.27234965562820435,0.7355728149414062,0.3086925148963928,0.7697346210479736,0.2638223469257355,0.7763829231262207,0.21416442096233368,0.7725059390068054,0.2871124744415283,0.7624926567077637,0.322855681180954,0.8048743009567261,0.28385183215141296,0.808124303817749,0.24442197382450104,0.8010305762290955,0.29428526759147644,0.7907168865203857,0.3209606409072876,fine
0.7807474136352539,0.44847115874290466,0.7160648107528687,0.41315189003944397,0.672170877456665,0.334749311208725,0.6618238687515259,0.25052112340927124,0.6693238615989685,0.1911051720380783,0.7031152844429016,0.26252689957618713,0.7098333835601807,0.20550131797790527,0.7153286933898926,0.26979175209999084,0.7149624824523926,0.3019532561302185,0.7441235184669495,0.2621578872203827,0.7485941648483276,0.2059391438961029,0.7488486766815186,0.2864096760749817,0.7440564036369324,0.31433290243148804,0.781261146068573,0.26973530650138855,0.7883179187774658,0.22142113745212555,0.7828032970428467,0.2983631193637848,0.7751592993736267,0.3291449546813965,0.8190213441848755,0.2840331494808197,0.822772204875946,0.24545621871948242,0.8145793080329895,0.2988262176513672,0.8050614595413208,0.32469692826271057,fine
0.7841954827308655,0.47849762439727783,0.7201370000839233,0.43560460209846497,0.6767125725746155,0.3544940948486328,0.6634377241134644,0.26805275678634644,0.6609624624252319,0.20425888895988464,0.702636182308197,0.2771477997303009,0.7063173651695251,0.22118781507015228,0.7139496207237244,0.2894592881202698,0.716805636882782,0.3270924687385559,0.7437465190887451,0.2775808274745941,0.7477391362190247,0.2235831618309021,0.749362587928772,0.3076336085796356,0.7468509078025818,0.3343006670475006,0.7820216417312622,0.2875840961933136,0.789348840713501,0.23665373027324677,0.7829474210739136,0.31657394766807556,0.7769551873207092,0.34735792875289917,0.8210389018058777,0.304776132106781,0.823477566242218,0.2633872330188751,0.8135947585105896,0.3186246454715729,0.8057876825332642,0.3433724343776703,fine
0.7909426689147949,0.4697437882423401,0.7284620404243469,0.42245227098464966,0.6870962381362915,0.34025102853775024,0.6725210547447205,0.252021461725235,0.6715978980064392,0.1879972219467163,0.7077980637550354,0.26601162552833557,0.7103744745254517,0.2137487828731537,0.7204819917678833,0.28253862261772156,0.7228634357452393,0.3165232539176941,0.7498206496238708,0.26596713066101074,0.7522703409194946,0.2180326282978058,0.7547774910926819,0.3007189929485321,0.7506694793701172,0.3202417194843292,0.7893613576889038,0.2763105034828186,0.7953015565872192,0.2303275167942047,0.7899337410926819,0.3093903958797455,0.7832726240158081,0.3355643153190613,0.8293434977531433,0.29486337304115295,0.8305079340934753,0.2579423189163208,0.8207523822784424,0.31460875272750854,0.8131654262542725,0.3392808139324188,fine
0.791538417339325,0.4886443018913269,0.7402780055999756,0.44264060258865356,0.6991586685180664,0.36311453580856323,0.6907966136932373,0.27479231357574463,0.7209646701812744,0.21525374054908752,0.7052648067474365,0.28543514013290405,0.7001974582672119,0.22370876371860504,0.7124109864234924,0.293483167886734,0.7169632911682129,0.3176514506340027,0.7448198199272156,0.28147077560424805,0.7451586127281189,0.22793744504451752,0.7527220845222473,0.3131957948207855,0.7505865097045898,0.3286210894584656,0.7849193811416626,0.289609432220459,0.7886141538619995,0.24274390935897827,0.7880141139030457,0.32613715529441833,0.7826727628707886,0.3503377437591553,0.8267067074775696,0.3067678213119507,0.8252662420272827,0.26637324690818787,0.8197852373123169,0.32523128390312195,0.8139209747314453,0.3495047688484192,fine
0.78469318151474,0.49513953924179077,0.7304506301879883,0.45061516761779785,0.7062311768531799,0.3584889769554138,0.7285264730453491,0.286050945520401,0.7630985975265503,0.24997501075267792,0.6970422267913818,0.2931927740573883,0.6830030679702759,0.21223101019859314,0.69781094789505,0.2506546974182129,0.7085678577423096,0.30335643887519836,0.7367153763771057,0.26823511719703674,0.718826949596405,0.1791670173406601,0.7346327900886536,0.23356805741786957,0.7428348064422607,0.28477048873901367,0.7768998742103577,0.26324474811553955,0.7669877409934998,0.16856129467487335,0.7707555890083313,0.20591187477111816,0.773049533367157,0.2576045095920563,0.8179445862770081,0.27302300930023193,0.8160831928253174,0.20229873061180115,0.8102869987487793,0.21074455976486206,0.8034444451332092,0.24279871582984924,fine
0.7699475884437561,0.49334901571273804,0.7033379077911377,0.44297143816947937,0.6687766909599304,0.3582870364189148,0.6823891401290894,0.29438498616218567,0.7066563367843628,0.2633299231529236,0.6847681999206543,0.29375168681144714,0.6793556809425354,0.21898676455020905,0.6925703883171082,0.2804645299911499,0.6969538927078247,0.3310275971889496,0.7284760475158691,0.28447431325912476,0.725913941860199,0.21262583136558533,0.732580840587616,0.2930885851383209,0.7298553586006165,0.34087690711021423,0.7716246247291565,0.289100706577301,0.7708812952041626,0.2186882197856903,0.7698760628700256,0.3001793622970581,0.7641910314559937,0.35213562846183777,0.813859760761261,0.305696576833725,0.8122924566268921,0.24929004907608032,0.8022181391716003,0.3036556839942932,0.7921379208564758,0.3442692160606384,fine
0.7529703378677368,0.471004456281662,0.6899932026863098,0.424729585647583,0.6562937498092651,0.3504903316497803,0.6715420484542847,0.29256725311279297,0.6988707780838013,0.2674042582511902,0.666689932346344,0.2813320755958557,0.6613881587982178,0.21406206488609314,0.6756253838539124,0.2735513150691986,0.6811919808387756,0.3220990300178528,0.7109891176223755,0.2739494740962982,0.7090302109718323,0.2079429030418396,0.7168610095977783,0.28796514868736267,0.7146802544593811,0.331683874130249,0.7538211941719055,0.28038257360458374,0.7554820775985718,0.21719340980052948,0.7535157799720764,0.29821619391441345,0.7463545799255371,0.34421688318252563,0.7952675223350525,0.29832014441490173,0.7948390245437622,0.25376272201538086,0.78582763671875,0.30780458450317383,0.7758261561393738,0.33975979685783386,fine
0.7399952411651611,0.4567718505859375,0.6771314144134521,0.41738462448120117,0.6418884992599487,0.3388344347476959,0.657107949256897,0.2828996777534485,0.6826907992362976,0.25567370653152466,0.6543121337890625,0.27732181549072266,0.6472308039665222,0.20911669731140137,0.6600995659828186,0.2655360698699951,0.6661748290061951,0.3138294517993927,0.6974186897277832,0.2690805196762085,0.6938384175300598,0.2031535804271698,0.7006909251213074,0.2792653441429138,0.6997271776199341,0.32417118549346924,0.7398506999015808,0.2741146981716156,0.7389659881591797,0.21036452054977417,0.7381367087364197,0.2883778512477875,0.7324625253677368,0.3336001932621002,0.7807990312576294,0.2900069057941437,0.7785864472389221,0.24513040482997894,0.7703898549079895,0.2965507507324219,0.7620238065719604,0.3282918632030487,fine
0.731573760509491,0.4573483467102051,0.6691763997077942,0.4195040166378021,0.6340160965919495,0.34306424856185913,0.6465851068496704,0.2851325571537018,0.669303834438324,0.2560770511627197,0.6438506245613098,0.28601813316345215,0.6374176740646362,0.21584588289260864,0.6517485976219177,0.2699916660785675,0.6591247320175171,0.3184341490268707,0.6854694485664368,0.2773773670196533,0.6827020049095154,0.20538485050201416,0.6900062561035156,0.2769559919834137,0.6903694272041321,0.3259471654891968,0.7270799875259399,0.2809200882911682,0.725382924079895,0.2167646884918213,0.7252325415611267,0.2894972562789917,0.7215294241905212,0.3359529674053192,0.7676418423652649,0.29463493824005127,0.7642855644226074,0.24653762578964233,0.7563548684120178,0.29392823576927185,0.7492902278900146,0.3276752233505249,fine
0.7214696407318115,0.4603341817855835,0.6600770950317383,0.42414844036102295,0.6242187023162842,0.3508724570274353,0.6318005323410034,0.29569318890571594,0.6488691568374634,0.26645535230636597,0.6341394186019897,0.2932181656360626,0.6272899508476257,0.22397956252098083,0.6410558223724365,0.2747229337692261,0.6465831398963928,0.3199787735939026,0.6748510003089905,0.2842300534248352,0.6700838208198547,0.21561293303966522,0.6787621974945068,0.2851784825325012,0.6783589720726013,0.33019083738327026,0.7157580852508545,0.28697875142097473,0.7130328416824341,0.22261956334114075,0.7143061757087708,0.2951456308364868,0.7095794677734375,0.340468168258667,0.755897045135498,0.30007293820381165,0.7522569298744202,0.2533600330352783,0.7452313303947449,0.30165916681289673,0.7375952005386353,0.33491891622543335,fine
0.724338173866272,0.4516303539276123,0.6650736927986145,0.4115535020828247,0.6334105134010315,0.33761152625083923,0.6520393490791321,0.2844468951225281,0.681667685508728,0.25949186086654663,0.64043790102005,0.28534919023513794,0.6316943168640137,0.219748854637146,0.6464124321937561,0.26990604400634766,0.6552479267120361,0.31661456823349,0.6795518398284912,0.2765437066555023,0.6750282049179077,0.20637866854667664,0.6830554008483887,0.27366095781326294,0.6854550838470459,0.32202139496803284,0.7197732329368591,0.2799731194972992,0.7191969752311707,0.21672572195529938,0.7187851071357727,0.2863885462284088,0.714911162853241,0.33273953199386597,0.7587123513221741,0.294135183095932,0.7564369440078735,0.24833086133003235,0.7490192651748657,0.29508650302886963,0.7425117492675781,0.3293692469596863,fine
0.7290111780166626,0.4462354779243469,0.6679708957672119,0.4100843071937561,0.6330351233482361,0.33872276544570923,0.6417779326438904,0.28392159938812256,0.6605830192565918,0.25442013144493103,0.6428353786468506,0.2829257845878601,0.6361317038536072,0.21469396352767944,0.6483297944068909,0.26207736134529114,0.6534869074821472,0.3074227273464203,0.6822866201400757,0.2744315266609192,0.6776411533355713,0.20645871758460999,0.6855025887489319,0.2733383774757385,0.685590922832489,0.31988778710365295,0.7220441102981567,0.27729466557502747,0.7190383672714233,0.21332761645317078,0.7202199697494507,0.2845866084098816,0.716189980506897,0.33172130584716797,0.7613614201545715,0.2908371388912201,0.7575519680976868,0.2438073456287384,0.7511395812034607,0.29212552309036255,0.744552493095398,0.32721132040023804,fine
0.7290065288543701,0.45433536171913147,0.6680684089660645,0.41566190123558044,0.6347694993019104,0.3436878025531769,0.6487917900085449,0.2893485426902771,0.6730044484138489,0.26107609272003174,0.6452835202217102,0.29049718379974365,0.6372508406639099,0.22146332263946533,0.6497309803962708,0.26861751079559326,0.6573581099510193,0.31564438343048096,0.6841335892677307,0.28169140219688416,0.6786426305770874,0.21096408367156982,0.6860471963882446,0.2767590582370758,0.6882951259613037,0.32576870918273926,0.7231003642082214,0.28458625078201294,0.7194747924804688,0.2209760695695877,0.7198707461357117,0.28980833292007446,0.717694878578186,0.33713412284851074,0.7621179819107056,0.2978619337081909,0.7580600380897522,0.2480795979499817,0.75025475025177,0.29315268993377686,0.7438915371894836,0.32830432057380676,fine
0.731651782989502,0.45836806297302246,0.6717324256896973,0.41891515254974365,0.6410239338874817,0.344296932220459,0.6536051034927368,0.2867089509963989,0.6716437935829163,0.25151991844177246,0.6475693583488464,0.28649210929870605,0.6309502124786377,0.2131495177745819,0.6415863037109375,0.24771055579185486,0.651702880859375,0.29477593302726746,0.6832623481750488,0.2744860053062439,0.6702244281768799,0.20289909839630127,0.6804414391517639,0.2593637704849243,0.6869325041770935,0.3103581368923187,0.7219569683074951,0.2758074700832367,0.7137165665626526,0.19994419813156128,0.7163921594619751,0.2617209553718567,0.7175606489181519,0.31479084491729736,0.7635107636451721,0.2886708378791809,0.7573719024658203,0.2356138974428177,0.749136209487915,0.2776409983634949,0.7437846064567566,0.318477988243103,fine
0.7414221167564392,0.4610970616340637,0.6737714409828186,0.43128734827041626,0.6289326548576355,0.3671044409275055,0.606809675693512,0.2920769453048706,0.5869342088699341,0.23891255259513855,0.6483439803123474,0.299699068069458,0.6438232660293579,0.24210423231124878,0.6568794250488281,0.2981841266155243,0.663393497467041,0.3359958529472351,0.6866430044174194,0.29383864998817444,0.6835710406303406,0.24170924723148346,0.6923362016677856,0.3119654655456543,0.6921071410179138,0.3426930904388428,0.7226611375808716,0.29553377628326416,0.7206571102142334,0.2466246485710144,0.7229555249214172,0.31526827812194824,0.7205492854118347,0.34930184483528137,0.7590994834899902,0.30351221561431885,0.7560802102088928,0.2633975148200989,0.7516511082649231,0.31203994154930115,0.7468417882919312,0.3412271738052368,fine
0.7394962310791016,0.46232250332832336,0.672162652015686,0.438213586807251,0.6297729015350342,0.3717252016067505,0.6146677136421204,0.29718947410583496,0.6017096042633057,0.24584367871284485,0.6517516374588013,0.31475692987442017,0.6478620171546936,0.2617776691913605,0.6583997011184692,0.3174252510070801,0.6630885601043701,0.3490068316459656,0.689430296421051,0.30993062257766724,0.6853638887405396,0.26335349678993225,0.6922053098678589,0.3328016996383667,0.6931966543197632,0.35880938172340393,0.7238246202468872,0.3116932511329651,0.7213072180747986,0.2655255198478699,0.7226764559745789,0.335507869720459,0.721968412399292,0.3672229051589966,0.7587721347808838,0.3179032504558563,0.7562990188598633,0.28194087743759155,0.7520484924316406,0.33185526728630066,0.7482978105545044,0.35958942770957947,fine
0.7461349964141846,0.45399922132492065,0.6797018051147461,0.42187246680259705,0.6346611380577087,0.36166325211524963,0.6170555353164673,0.2831089496612549,0.6231438517570496,0.22669383883476257,0.6561703085899353,0.2951522767543793,0.6538158655166626,0.24549821019172668,0.664081335067749,0.30184677243232727,0.6681002378463745,0.3331533670425415,0.6924576163291931,0.2896113991737366,0.689694881439209,0.2444985806941986,0.6984371542930603,0.3179734945297241,0.6987048387527466,0.3441420793533325,0.7272988557815552,0.2912057638168335,0.7279149293899536,0.2490609884262085,0.7300945520401001,0.3208557665348053,0.7283156514167786,0.3520142436027527,0.7648296356201172,0.29914236068725586,0.7623724937438965,0.2615633010864258,0.75941002368927,0.3127249479293823,0.7551165819168091,0.3397444486618042,fine
0.7455991506576538,0.45285868644714355,0.6804201006889343,0.4284849166870117,0.6260150671005249,0.37735098600387573,0.6042342185974121,0.30481988191604614,0.6273282170295715,0.25884342193603516,0.6542047262191772,0.2974133789539337,0.6535336375236511,0.24215716123580933,0.6630319356918335,0.3005114495754242,0.6659187078475952,0.33945152163505554,0.6927687525749207,0.2900054454803467,0.6908769011497498,0.23927101492881775,0.6998357772827148,0.31394463777542114,0.697452187538147,0.3477495610713959,0.7289584875106812,0.28936946392059326,0.7284528017044067,0.24339017271995544,0.7322615385055542,0.31620144844055176,0.7282742261886597,0.3523882329463959,0.7667417526245117,0.29764285683631897,0.7643967866897583,0.25776779651641846,0.7625977396965027,0.309783935546875,0.7559912800788879,0.3395245671272278,fine
0.7429357767105103,0.4548589587211609,0.6801905035972595,0.43481555581092834,0.6269004940986633,0.38125962018966675,0.6168869137763977,0.3072018623352051,0.6535467505455017,0.29151609539985657,0.6596477031707764,0.2903568148612976,0.6586510539054871,0.22149351239204407,0.6698672771453857,0.2777143120765686,0.6740893125534058,0.32299140095710754,0.698073148727417,0.28315186500549316,0.6979295611381531,0.22803106904029846,0.7073823809623718,0.3007243275642395,0.7047979831695557,0.3411153554916382,0.7340781688690186,0.28508108854293823,0.735411524772644,0.23604992032051086,0.7378286719322205,0.3062331974506378,0.7322371006011963,0.3469935357570648,0.7700480222702026,0.2977157533168793,0.7704831957817078,0.25594261288642883,0.7669941782951355,0.3044975996017456,0.7597307562828064,0.3360748887062073,fine
0.7423806190490723,0.463055819272995,0.6791189312934875,0.44118672609329224,0.6258563995361328,0.38572585582733154,0.615664005279541,0.31061309576034546,0.6528146862983704,0.2986251413822174,0.6583648920059204,0.29669520258903503,0.6578503847122192,0.2269262969493866,0.668279230594635,0.2833685874938965,0.6725816130638123,0.3283117711544037,0.6967771053314209,0.29012852907180786,0.6961050629615784,0.23524931073188782,0.7051011919975281,0.30784231424331665,0.7034068703651428,0.3479125201702118,0.7328534126281738,0.29222339391708374,0.7331078052520752,0.2436979115009308,0.7352162599563599,0.3134913444519043,0.7303736805915833,0.35429713129997253,0.7689993977546692,0.3044109642505646,0.7678670287132263,0.26255372166633606,0.7639210820198059,0.31017443537712097,0.7572336792945862,0.34188124537467957,fine
0.7455691695213318,0.4552936553955078,0.6821334958076477,0.43414390087127686,0.6299548149108887,0.3811338245868683,0.6199314594268799,0.30634039640426636,0.6570307016372681,0.2923271656036377,0.6624520421028137,0.28962770104408264,0.6622394323348999,0.2225111424922943,0.6724036931991577,0.2808808386325836,0.676112711429596,0.3241291642189026,0.7007321119308472,0.28363633155822754,0.7003265023231506,0.23003917932510376,0.7087606191635132,0.30365294218063354,0.7062236666679382,0.34129512310028076,0.7365309596061707,0.28631752729415894,0.7374265789985657,0.2390853762626648,0.7390271425247192,0.30948346853256226,0.7337849140167236,0.34768903255462646,0.7723960876464844,0.29932963848114014,0.7716976404190063,0.2583692669868469,0.7679991126060486,0.3066127896308899,0.7612961530685425,0.33701494336128235,fine
0.747024416923523,0.47408056259155273,0.6836513876914978,0.4523085057735443,0.631138026714325,0.3936241865158081,0.6225560307502747,0.31948038935661316,0.6601521372795105,0.30583056807518005,0.6652871966362,0.30862200260162354,0.6665743589401245,0.23905901610851288,0.6762343049049377,0.2972011864185333,0.6797604560852051,0.34088265895843506,0.7032299637794495,0.3027184307575226,0.7057332992553711,0.24512383341789246,0.7121132016181946,0.31918811798095703,0.7090264558792114,0.3586592674255371,0.738413393497467,0.30649250745773315,0.7416396141052246,0.2569011151790619,0.741443395614624,0.3265629708766937,0.7351168394088745,0.3647732436656952,0.773409903049469,0.3203338086605072,0.7748815417289734,0.2784619629383087,0.7700896263122559,0.3252466022968292,0.762862503528595,0.35514771938323975,fine
0.7470321655273438,0.4697064459323883,0.684551477432251,0.44621801376342773,0.6333587169647217,0.39050543308258057,0.6237146854400635,0.31615570187568665,0.6613323092460632,0.30552417039871216,0.6678737998008728,0.30170947313308716,0.6670407056808472,0.2356756329536438,0.6762640476226807,0.29450932145118713,0.6804750561714172,0.33920371532440186,0.7050552368164062,0.2959069013595581,0.7052527070045471,0.24396678805351257,0.7121008038520813,0.31639745831489563,0.7098842859268188,0.35462790727615356,0.7403151988983154,0.3004312217235565,0.7420071363449097,0.25478440523147583,0.7418540120124817,0.32310953736305237,0.7359671592712402,0.36145901679992676,0.7748562097549438,0.3161363899707794,0.7752730846405029,0.2764170169830322,0.7698966264724731,0.32312092185020447,0.7623289227485657,0.35315608978271484,fine
0.7482535243034363,0.4635978937149048,0.6857823729515076,0.4429781138896942,0.6332739591598511,0.3869937062263489,0.6235334873199463,0.31227076053619385,0.66068035364151,0.30031949281692505,0.6671878099441528,0.2983751893043518,0.6681733131408691,0.23043936491012573,0.6768880486488342,0.2901425361633301,0.6799376606941223,0.33345019817352295,0.7049856185913086,0.29352059960365295,0.7058732509613037,0.23992738127708435,0.7123844623565674,0.3131853938102722,0.7097473740577698,0.3504159450531006,0.7402022480964661,0.29695385694503784,0.7419850826263428,0.24984636902809143,0.742188572883606,0.3192518353462219,0.736695408821106,0.35684552788734436,0.7749112248420715,0.30984294414520264,0.7754542827606201,0.2685728371143341,0.770532488822937,0.3157023787498474,0.7633249163627625,0.3461516797542572,fine
0.7493579387664795,0.46462541818618774,0.6859784126281738,0.44043225049972534,0.6339172720909119,0.3847736418247223,0.6237338185310364,0.30984750390052795,0.6605998277664185,0.29567432403564453,0.6681461930274963,0.29659196734428406,0.6675704121589661,0.22870390117168427,0.6765815615653992,0.2873583436012268,0.680607259273529,0.3320995271205902,0.705743134021759,0.2905386984348297,0.7066478133201599,0.23713146150112152,0.7131317853927612,0.3107660710811615,0.7103480100631714,0.3490460515022278,0.740833044052124,0.29417747259140015,0.7427704930305481,0.24827077984809875,0.7429032921791077,0.3173832297325134,0.7372543215751648,0.35559913516044617,0.7760447263717651,0.3084156811237335,0.7766767740249634,0.2683371603488922,0.7714664936065674,0.31547650694847107,0.7639278769493103,0.3454461693763733,fine
0.7489261031150818,0.4673663377761841,0.6857737302780151,0.4441189765930176,0.6321941614151001,0.3870123326778412,0.6219137907028198,0.31263455748558044,0.6594274044036865,0.29790154099464417,0.6670184135437012,0.299956738948822,0.6671155095100403,0.2301906943321228,0.6759576201438904,0.28838494420051575,0.6793778538703918,0.333053320646286,0.7047610878944397,0.29506370425224304,0.705836296081543,0.23882684111595154,0.7125579714775085,0.3123057186603546,0.7093888521194458,0.3511577546596527,0.7398979067802429,0.2983739376068115,0.7420883774757385,0.2485657036304474,0.7422617077827454,0.31804242730140686,0.7360149621963501,0.35722288489341736,0.7749471664428711,0.31132301688194275,0.775672972202301,0.2687518298625946,0.7708873748779297,0.31607627868652344,0.763298511505127,0.34713488817214966,fine
0.7478364706039429,0.46876347064971924,0.6854668259620667,0.44870197772979736,0.6307041049003601,0.3901917636394501,0.6172777414321899,0.3163999021053314,0.6540537476539612,0.29969823360443115,0.6675708889961243,0.30332836508750916,0.6677165627479553,0.232061967253685,0.6756193041801453,0.2908059060573578,0.6783666610717773,0.3357160687446594,0.7058686017990112,0.2995148003101349,0.7074381113052368,0.24256905913352966,0.712612509727478,0.3158080577850342,0.709045946598053,0.35495761036872864,0.7412326335906982,0.3027736246585846,0.7426791191101074,0.2541157603263855,0.7424185872077942,0.3238540291786194,0.7360790967941284,0.36192452907562256,0.7766569256782532,0.3146619498729706,0.7764889597892761,0.2730870842933655,0.7720845341682434,0.32085272669792175,0.7649819850921631,0.3510616421699524,fine
0.747262179851532,0.4792884588241577,0.6858913898468018,0.4506082534790039,0.6378581523895264,0.3922286033630371,0.6342182159423828,0.32137754559516907,0.6711402535438538,0.3113488256931305,0.6713544726371765,0.306252658367157,0.6718056201934814,0.2320631742477417,0.681664764881134,0.28371408581733704,0.6861652135848999,0.3323066532611847,0.7096523642539978,0.30168524384498596,0.7104484438896179,0.2360353171825409,0.7173064947128296,0.30549415946006775,0.7148300409317017,0.3537086844444275,0.7451775670051575,0.30612799525260925,0.7479850649833679,0.24749436974525452,0.7475597858428955,0.31436192989349365,0.7408150434494019,0.362328439950943,0.780307948589325,0.3215411305427551,0.7819764614105225,0.2743166983127594,0.7766945958137512,0.3178015649318695,0.7687944769859314,0.3528776466846466,fine
0.7486263513565063,0.4743916988372803,0.6867925524711609,0.44558095932006836,0.6415205597877502,0.387270450592041,0.63841712474823,0.32175037264823914,0.6619297862052917,0.2915728986263275,0.6703900098800659,0.30338796973228455,0.672518789768219,0.24127322435379028,0.6829530596733093,0.2965974807739258,0.6845313310623169,0.3399865925312042,0.7085715532302856,0.30006444454193115,0.7101079225540161,0.2431119978427887,0.7173806428909302,0.318376749753952,0.712867259979248,0.35914719104766846,0.7440950274467468,0.3045862019062042,0.747640073299408,0.2549359202384949,0.7473762631416321,0.3276718556880951,0.7394099831581116,0.3678317666053772,0.7789995074272156,0.3184739947319031,0.781363844871521,0.276917427778244,0.7757161855697632,0.32625946402549744,0.7661606073379517,0.35730883479118347,fine
0.7465397715568542,0.4667477309703827,0.6857890486717224,0.4388538599014282,0.6451733112335205,0.3735933005809784,0.6492825150489807,0.30640044808387756,0.6697013974189758,0.26542311906814575,0.6636741161346436,0.301522433757782,0.6546553373336792,0.22791001200675964,0.6735426783561707,0.26602673530578613,0.6844075918197632,0.3118109405040741,0.6994516253471375,0.28887566924095154,0.6929440498352051,0.21664954721927643,0.7072457671165466,0.27793362736701965,0.7101874351501465,0.33104926347732544,0.7334465384483337,0.2892806828022003,0.730937123298645,0.22725477814674377,0.7367666959762573,0.28917554020881653,0.7363787889480591,0.34090378880500793,0.7697615027427673,0.30024993419647217,0.7674004435539246,0.2512863874435425,0.7648687958717346,0.29123470187187195,0.7600839734077454,0.3297176957130432,fine
0.7315213084220886,0.46721723675727844,0.6693012118339539,0.4378567636013031,0.6309880614280701,0.3746201694011688,0.6368573904037476,0.3150060772895813,0.6614058613777161,0.2831198573112488,0.6404187083244324,0.313717782497406,0.6250994205474854,0.24328628182411194,0.6388495564460754,0.2861025631427765,0.6499257683753967,0.3270322382450104,0.681255042552948,0.3060073256492615,0.6747121810913086,0.24110710620880127,0.6827982068061829,0.31220605969429016,0.6832890510559082,0.34811851382255554,0.7194687724113464,0.310798317193985,0.7135103344917297,0.26174196600914,0.7139337062835693,0.330714613199234,0.7127802968025208,0.36129429936408997,0.7584286332130432,0.3233508765697479,0.750015914440155,0.28991883993148804,0.7443796992301941,0.33643797039985657,0.7416766881942749,0.3585030734539032,fine
0.7384417653083801,0.45417678356170654,0.6758814454078674,0.41932594776153564,0.63983154296875,0.35891056060791016,0.6444330215454102,0.29965147376060486,0.6675940155982971,0.2693747878074646,0.6457746028900146,0.29661083221435547,0.6327273845672607,0.22665977478027344,0.6493940949440002,0.2723282277584076,0.6606393456459045,0.31498196721076965,0.6862969994544983,0.2869207561016083,0.680220901966095,0.21992193162441254,0.6910033822059631,0.28938162326812744,0.69276362657547,0.32958394289016724,0.724539041519165,0.2906280755996704,0.7198158502578735,0.23966661095619202,0.7217795848846436,0.30765581130981445,0.7210302352905273,0.3431694507598877,0.7636925578117371,0.30398687720298767,0.7560291886329651,0.26753970980644226,0.7513703107833862,0.313487708568573,0.7478045225143433,0.33859923481941223,fine
0.7415488362312317,0.45096251368522644,0.678942859172821,0.4109073579311371,0.6442177295684814,0.3544502258300781,0.649561882019043,0.2951340973377228,0.6744697690010071,0.26782363653182983,0.6497525572776794,0.2886165678501129,0.637624979019165,0.22176682949066162,0.654335618019104,0.2679605185985565,0.6648407578468323,0.31056666374206543,0.6897949576377869,0.27984297275543213,0.6843191981315613,0.21690811216831207,0.6957502365112305,0.28840693831443787,0.6962202787399292,0.32855507731437683,0.7276743650436401,0.28486886620521545,0.7250106334686279,0.23395484685897827,0.7265222072601318,0.3037577271461487,0.7242165207862854,0.34158822894096375,0.7667989134788513,0.30084627866744995,0.7632356286048889,0.26147696375846863,0.7569094300270081,0.30908235907554626,0.7499001622200012,0.3368891477584839,fine
0.7429055571556091,0.4522400200366974,0.6797980070114136,0.4146493077278137,0.6431990265846252,0.3563687801361084,0.6492172479629517,0.29672446846961975,0.673572301864624,0.2637178301811218,0.6487895250320435,0.2916870415210724,0.634031355381012,0.2220185548067093,0.6501855850219727,0.2639288902282715,0.6616652011871338,0.3090932369232178,0.6891905665397644,0.28102609515190125,0.6797866225242615,0.2160475254058838,0.6914887428283691,0.2842106223106384,0.6934758424758911,0.328593909740448,0.7276337742805481,0.28436508774757385,0.7212129831314087,0.22745837271213531,0.7242758870124817,0.2957555651664734,0.7234983444213867,0.33814096450805664,0.7680321335792542,0.2985107898712158,0.7612266540527344,0.25685665011405945,0.7556484937667847,0.3039993941783905,0.7503353357315063,0.33468079566955566,fine
0.7437479496002197,0.4508115351200104,0.6817667484283447,0.4231720268726349,0.6329405307769775,0.37439966201782227,0.6249517202377319,0.30241265892982483,0.6597121357917786,0.2875094413757324,0.6533141732215881,0.28167060017585754,0.6393477320671082,0.2061765491962433,0.64918053150177,0.24292950332164764,0.6577651500701904,0.28821977972984314,0.6915271878242493,0.2757219970226288,0.6815846562385559,0.21589204668998718,0.6922246217727661,0.28417208790779114,0.6948305368423462,0.32879936695098877,0.7276368141174316,0.280663400888443,0.7201793789863586,0.22485660016536713,0.7222610712051392,0.29134634137153625,0.7218444347381592,0.3364162743091583,0.7669180035591125,0.29610675573349,0.7592452168464661,0.25594478845596313,0.75359046459198,0.30202463269233704,0.7486127614974976,0.33316394686698914,fine
0.7467751502990723,0.4550476670265198,0.6831321120262146,0.42016154527664185,0.6342808604240417,0.38049811124801636,0.6075797080993652,0.3124454915523529,0.6358124613761902,0.281196266412735,0.6600377559661865,0.28170228004455566,0.65352863073349,0.20873501896858215,0.6623941659927368,0.2587527632713318,0.6695845723152161,0.30674436688423157,0.6984378099441528,0.2792806029319763,0.6953274607658386,0.22165876626968384,0.7021706104278564,0.2917640507221222,0.7002552151679993,0.33146974444389343,0.7353430390357971,0.2871147394180298,0.733627438545227,0.23699936270713806,0.7317120432853699,0.3016471862792969,0.7274928092956543,0.34167271852493286,0.772363543510437,0.3070126175880432,0.7688056826591492,0.267052561044693,0.7615676522254944,0.3116232454776764,0.754949152469635,0.3409936726093292,fine
0.7478512525558472,0.4540153741836548,0.6855262517929077,0.4136127531528473,0.6400578022003174,0.37529873847961426,0.6141208410263062,0.30855628848075867,0.6408249139785767,0.2809751331806183,0.6663427352905273,0.28156688809394836,0.661811113357544,0.21613503992557526,0.6704519987106323,0.27021536231040955,0.6761690378189087,0.31757086515426636,0.7037330269813538,0.27814406156539917,0.7021166682243347,0.22624412178993225,0.7080767154693604,0.3015822172164917,0.7062236070632935,0.3396676182746887,0.7395213842391968,0.28734785318374634,0.7386105060577393,0.24209290742874146,0.7361327409744263,0.30904853343963623,0.7327279448509216,0.3474891781806946,0.7754290103912354,0.30989891290664673,0.7725729942321777,0.2692596912384033,0.7643370032310486,0.31487929821014404,0.7567226886749268,0.3426361083984375,fine
0.7569590210914612,0.45514798164367676,0.6957165002822876,0.42351865768432617,0.6479276418685913,0.38100823760032654,0.6246539354324341,0.31289252638816833,0.6520320773124695,0.28602334856987,0.6778431534767151,0.2917577624320984,0.6739773750305176,0.22503860294818878,0.6819034814834595,0.28003039956092834,0.6864904165267944,0.3260602056980133,0.7146540284156799,0.2906237840652466,0.7139018177986145,0.23747190833091736,0.7185699939727783,0.3096313774585724,0.715576708316803,0.3467174172401428,0.7496492862701416,0.2983016073703766,0.7496540546417236,0.25002244114875793,0.7469456195831299,0.3158400058746338,0.7417447566986084,0.35318803787231445,0.7848910093307495,0.3173007369041443,0.7827490568161011,0.2775841951370239,0.7749393582344055,0.32243189215660095,0.7672908306121826,0.35111910104751587,fine
0.7571974396705627,0.4623833894729614,0.6989334225654602,0.4378214478492737,0.6517219543457031,0.3931505084037781,0.6299282908439636,0.3284410834312439,0.6556428670883179,0.30238014459609985,0.682247519493103,0.30879849195480347,0.6771531105041504,0.24442976713180542,0.6842337250709534,0.2972474694252014,0.6891323924064636,0.3391033411026001,0.7177026867866516,0.3078130781650543,0.71379154920578,0.2547375559806824,0.7182819247245789,0.32288074493408203,0.7169474363327026,0.3568631708621979,0.7516400814056396,0.31362688541412354,0.7481159567832947,0.26547378301620483,0.7466347813606262,0.3296222984790802,0.744001030921936,0.3623555302619934,0.7862858772277832,0.32910165190696716,0.7803340554237366,0.29354938864707947,0.774100124835968,0.3376092314720154,0.7703291177749634,0.3630755543708801,fine
0.750811755657196,0.46580326557159424,0.6942461729049683,0.4424131512641907,0.6470898389816284,0.39823639392852783,0.6271510124206543,0.3325740694999695,0.652805745601654,0.30636298656463623,0.676293134689331,0.31416580080986023,0.674031138420105,0.2521020770072937,0.6810680627822876,0.3065647482872009,0.6837549805641174,0.3465517461299896,0.7113725543022156,0.31425046920776367,0.7109884023666382,0.26447048783302307,0.7145560383796692,0.3326528072357178,0.7095192074775696,0.36193689703941345,0.7445553541183472,0.32031717896461487,0.7456361651420593,0.2748027741909027,0.7431418895721436,0.3382895290851593,0.7368803024291992,0.36815425753593445,0.777179479598999,0.3359321355819702,0.7763205766677856,0.3011992573738098,0.7700333595275879,0.3455502986907959,0.7636836171150208,0.3700041174888611,fine
0.7391824126243591,0.4656495451927185,0.6814892292022705,0.44095975160598755,0.6350085735321045,0.39786049723625183,0.6156520843505859,0.3333938419818878,0.6410579085350037,0.30254220962524414,0.6659016609191895,0.31538522243499756,0.6641930937767029,0.25339633226394653,0.6711836457252502,0.3067893385887146,0.6740549802780151,0.34838151931762695,0.7009762525558472,0.3141879737377167,0.7014898657798767,0.2632730305194855,0.7049829363822937,0.3321433961391449,0.7008383870124817,0.3655688762664795,0.7334480285644531,0.31989505887031555,0.7344736456871033,0.2747419774532318,0.732168972492218,0.3385222852230072,0.7263953685760498,0.37101638317108154,0.766181230545044,0.33530476689338684,0.7643795013427734,0.2993745803833008,0.7585870623588562,0.3444850742816925,0.7517332434654236,0.3703482747077942,fine
0.7359422445297241,0.4646204113960266,0.6810667514801025,0.4479920268058777,0.6318023800849915,0.3999602794647217,0.6098431944847107,0.33504828810691833,0.6348609328269958,0.3057594299316406,0.6612786054611206,0.3188877999782562,0.6592279672622681,0.25721660256385803,0.667202889919281,0.309955358505249,0.6713697910308838,0.35189950466156006,0.6965098977088928,0.31866759061813354,0.6972656846046448,0.2673323452472687,0.7012283802032471,0.3365059196949005,0.6977581977844238,0.3711070716381073,0.7287158966064453,0.32406455278396606,0.7299872040748596,0.2788122296333313,0.7285817265510559,0.34354427456855774,0.7231181263923645,0.37615448236465454,0.7611911296844482,0.33666500449180603,0.7598179578781128,0.3025544583797455,0.7553054094314575,0.34775176644325256,0.7491096258163452,0.37331730127334595,fine
0.737144410610199,0.4531439542770386,0.681350588798523,0.43222886323928833,0.6332389712333679,0.38777196407318115,0.6121714115142822,0.3252210319042206,0.6366761922836304,0.294442743062973,0.6622511148452759,0.30986037850379944,0.6595563888549805,0.24977822601795197,0.66750568151474,0.30122917890548706,0.6714355945587158,0.34235790371894836,0.6962584853172302,0.3089312016963959,0.6960918307304382,0.2592136561870575,0.7005413770675659,0.32604414224624634,0.6977298259735107,0.3604125678539276,0.7278110384941101,0.3136773407459259,0.7275763750076294,0.2681855857372284,0.7271428108215332,0.3312956392765045,0.7227368354797363,0.3647139370441437,0.7596479058265686,0.32666054368019104,0.7570286989212036,0.29043546319007874,0.7527557015419006,0.33497220277786255,0.7475522756576538,0.36165857315063477,fine
0.762336015701294,0.39855366945266724,0.7028277516365051,0.37461021542549133,0.6532251238822937,0.3317705988883972,0.6305977702140808,0.26782193779945374,0.6580665707588196,0.23780226707458496,0.6808942556381226,0.25410884618759155,0.6774465441703796,0.19640348851680756,0.6877354979515076,0.2480934113264084,0.6913439631462097,0.28652074933052063,0.7164402604103088,0.2518482208251953,0.7155814170837402,0.2035580426454544,0.7228370308876038,0.2715369462966919,0.7199254035949707,0.3045109808444977,0.7488377094268799,0.2570789158344269,0.7484061121940613,0.21359914541244507,0.7500061392784119,0.277161180973053,0.7461320757865906,0.31053122878074646,0.781655490398407,0.27068620920181274,0.7786461710929871,0.2367781400680542,0.7756352424621582,0.28098323941230774,0.77057284116745,0.3059930205345154,fine
0.7734734416007996,0.3730859160423279,0.7113355398178101,0.34500810503959656,0.662817656993866,0.30717363953590393,0.6375303864479065,0.24179762601852417,0.6652710437774658,0.210264191031456,0.6880767345428467,0.22363197803497314,0.6817545890808105,0.1661466509103775,0.6936715245246887,0.21744565665721893,0.6998264789581299,0.2571416199207306,0.7237833142280579,0.21920257806777954,0.7212550044059753,0.17163529992103577,0.7299590706825256,0.24188509583473206,0.7283658385276794,0.275897353887558,0.7571802139282227,0.2238842248916626,0.7554572224617004,0.18063867092132568,0.7572335600852966,0.2457258552312851,0.7545767426490784,0.2803269326686859,0.7916333675384521,0.23843933641910553,0.7867287993431091,0.2031378298997879,0.7836401462554932,0.2486545294523239,0.779093861579895,0.2739742398262024,fine
0.7921240329742432,0.3741976320743561,0.7306353449821472,0.34862449765205383,0.6796266436576843,0.3054943084716797,0.653194010257721,0.238755464553833,0.6799789667129517,0.21033838391304016,0.7064698934555054,0.2197871208190918,0.7018312215805054,0.16227306425571442,0.7110570073127747,0.21605971455574036,0.7152338027954102,0.25499099493026733,0.7427772879600525,0.2167695015668869,0.7404450178146362,0.16878746449947357,0.7471545934677124,0.23916979134082794,0.744587242603302,0.271363765001297,0.7765809297561646,0.2214501053094864,0.7740738391876221,0.17706522345542908,0.7751575112342834,0.24233253300189972,0.7723246812820435,0.2755945324897766,0.8115730881690979,0.23477204144001007,0.806673526763916,0.1982848346233368,0.8028163909912109,0.2451292872428894,0.7984800338745117,0.2713407576084137,fine
0.8001378178596497,0.3625083863735199,0.7359646558761597,0.3306652307510376,0.6860385537147522,0.2932388484477997,0.6602779626846313,0.22528685629367828,0.6847426891326904,0.18810637295246124,0.7124019861221313,0.2030191719532013,0.7090542316436768,0.14577800035476685,0.7181025147438049,0.20153963565826416,0.7221338152885437,0.24361005425453186,0.7490389347076416,0.1986665576696396,0.7470958828926086,0.1505686342716217,0.7534372210502625,0.22326132655143738,0.749322235584259,0.2550375461578369,0.7836966514587402,0.20346780121326447,0.7839921116828918,0.16042444109916687,0.7832784056663513,0.22740903496742249,0.7780581712722778,0.26139041781425476,0.8180450797080994,0.22041484713554382,0.8170412182807922,0.18378569185733795,0.8112707138061523,0.23220200836658478,0.8037896156311035,0.2593008875846863,fine
0.8098793029785156,0.36045700311660767,0.747311532497406,0.3281261920928955,0.6969864368438721,0.28832921385765076,0.6724033355712891,0.21909236907958984,0.6973205208778381,0.18288490176200867,0.7252997159957886,0.19581446051597595,0.7222749590873718,0.13966813683509827,0.7306921482086182,0.1967466026544571,0.73369961977005,0.2381751388311386,0.7629015445709229,0.19324469566345215,0.7608660459518433,0.14544585347175598,0.7664275765419006,0.2197149097919464,0.7615552544593811,0.25026875734329224,0.7980809211730957,0.19942070543766022,0.7973548173904419,0.15616169571876526,0.796685516834259,0.22487816214561462,0.79163658618927,0.257022887468338,0.8330141305923462,0.21702168881893158,0.8299774527549744,0.1793309450149536,0.8252341151237488,0.22939930856227875,0.8191392421722412,0.255321741104126,fine
0.8175729513168335,0.3762243092060089,0.7541032433509827,0.33905330300331116,0.7069590091705322,0.2988550364971161,0.6818985939025879,0.23154471814632416,0.706866979598999,0.1953784078359604,0.7339164018630981,0.20855474472045898,0.7326290607452393,0.1506539285182953,0.7400842308998108,0.20774167776107788,0.7429986000061035,0.24802154302597046,0.7716237306594849,0.2069242000579834,0.7725999355316162,0.15788182616233826,0.7770215272903442,0.23176023364067078,0.7707475423812866,0.26094362139701843,0.8084364533424377,0.2139940857887268,0.8111785054206848,0.1709306836128235,0.8088001608848572,0.23906363546848297,0.8016912341117859,0.27086004614830017,0.8437811732292175,0.23308609426021576,0.8438149690628052,0.1964794397354126,0.8374219536781311,0.24604813754558563,0.8295780420303345,0.2708761692047119,fine
0.8158444166183472,0.3891538381576538,0.7501717209815979,0.3525697886943817,0.701266348361969,0.31068673729896545,0.677493691444397,0.24114704132080078,0.7018477916717529,0.2044488489627838,0.7327443361282349,0.21943019330501556,0.7309038043022156,0.15941154956817627,0.7371631264686584,0.21739882230758667,0.7394618988037109,0.25853151082992554,0.771633505821228,0.21809086203575134,0.7712836265563965,0.16696178913116455,0.7742027640342712,0.24272437393665314,0.7684407830238342,0.2733232378959656,0.8088292479515076,0.22554247081279755,0.8100681304931641,0.17994347214698792,0.8062256574630737,0.2498912662267685,0.7997199892997742,0.28248411417007446,0.8451560139656067,0.24450835585594177,0.8432780504226685,0.20766784250736237,0.8358001112937927,0.2577103078365326,0.8285243511199951,0.28188928961753845,fine
0.8075401186943054,0.36964327096939087,0.7432130575180054,0.3372206687927246,0.6910859942436218,0.28891342878341675,0.6661005020141602,0.21757011115550995,0.693439245223999,0.18745078146457672,0.7246731519699097,0.2000378966331482,0.7202191352844238,0.13561975955963135,0.7276234030723572,0.19660942256450653,0.7307755351066589,0.23791101574897766,0.7644892930984497,0.19986668229103088,0.7622275948524475,0.1456933319568634,0.7659856677055359,0.223040372133255,0.7610646486282349,0.2535984218120575,0.8023897409439087,0.20653894543647766,0.801856517791748,0.15727874636650085,0.799325704574585,0.22851870954036713,0.7938003540039062,0.25965067744255066,0.8394310474395752,0.22423653304576874,0.8355734348297119,0.18678250908851624,0.8289226293563843,0.23662921786308289,0.823736310005188,0.26114416122436523,fine
0.799435019493103,0.37631210684776306,0.7325455546379089,0.3355766534805298,0.6822471618652344,0.2932790517807007,0.6558042764663696,0.21960635483264923,0.6847550272941589,0.18715976178646088,0.7149957418441772,0.19790390133857727,0.7110803723335266,0.13849088549613953,0.7192407846450806,0.1997101753950119,0.724844217300415,0.24511012434959412,0.7551780939102173,0.1943000853061676,0.7517075538635254,0.1428682506084442,0.7573210597038269,0.22530853748321533,0.7561859488487244,0.2616930603981018,0.7928714156150818,0.20302918553352356,0.7912459373474121,0.15530186891555786,0.789065957069397,0.2305876463651657,0.7863280177116394,0.26758459210395813,0.8314490914344788,0.22456422448158264,0.8259484767913818,0.18397103250026703,0.8193526864051819,0.23660476505756378,0.8133010268211365,0.2619597017765045,fine
0.7953683137893677,0.3826335668563843,0.7317200899124146,0.35233354568481445,0.6777404546737671,0.30555954575538635,0.651860773563385,0.2325836420059204,0.6811642050743103,0.2003377228975296,0.7112743854522705,0.21359863877296448,0.7082197070121765,0.15171107649803162,0.7157965302467346,0.2125832885503769,0.7204124331474304,0.2571762502193451,0.7511643171310425,0.21137872338294983,0.7483891844749451,0.1586708426475525,0.7537685036659241,0.23817665874958038,0.7522063255310059,0.27329233288764954,0.7881693243980408,0.21797965466976166,0.7868667840957642,0.16874045133590698,0.7855252027511597,0.24306486546993256,0.7824543714523315,0.27900001406669617,0.8257877230644226,0.23460239171981812,0.8212926387786865,0.19644412398338318,0.8156270384788513,0.2487192004919052,0.8099233508110046,0.27467888593673706,fine
0.7866201400756836,0.38487380743026733,0.7229039669036865,0.3536205291748047,0.6705310344696045,0.3069304823875427,0.644632875919342,0.23407843708992004,0.6741742491722107,0.20428837835788727,0.70371013879776,0.21591520309448242,0.699661135673523,0.1533040702342987,0.7068979144096375,0.2139134705066681,0.7112333178520203,0.2578737437725067,0.7425806522369385,0.21333551406860352,0.7387586236000061,0.16085034608840942,0.74385666847229,0.239054873585701,0.7423313856124878,0.2737520635128021,0.778853178024292,0.21917937695980072,0.7762675881385803,0.17083358764648438,0.7751162052154541,0.24429015815258026,0.7726408243179321,0.28057295083999634,0.8166366219520569,0.23504553735256195,0.8111247420310974,0.19550606608390808,0.8054804801940918,0.24664026498794556,0.8001610040664673,0.27396878600120544,fine
0.7808368802070618,0.3911222815513611,0.7159906625747681,0.3548199236392975,0.6658222675323486,0.31291693449020386,0.6393541097640991,0.24144673347473145,0.6683527827262878,0.21073809266090393,0.6970614194869995,0.22172188758850098,0.6929333209991455,0.16308757662773132,0.7014424204826355,0.22226008772850037,0.7069607377052307,0.26571062207221985,0.736169159412384,0.21768835186958313,0.73197340965271,0.16670557856559753,0.7390533685684204,0.24605154991149902,0.7387186884880066,0.2818557620048523,0.7729736566543579,0.22466373443603516,0.7700865864753723,0.17750968039035797,0.7699552774429321,0.25097885727882385,0.7681849598884583,0.2872850298881531,0.8114044666290283,0.2438446283340454,0.8045918941497803,0.20412865281105042,0.7999088168144226,0.2558887302875519,0.7949634790420532,0.2814409136772156,fine
0.7763878703117371,0.4106717109680176,0.7138739228248596,0.38522353768348694,0.6607478260993958,0.33814215660095215,0.6358034014701843,0.26929882168769836,0.6635362505912781,0.23791804909706116,0.6917822360992432,0.2519058585166931,0.6884633898735046,0.18898862600326538,0.6959752440452576,0.2483544945716858,0.7000051140785217,0.29034683108329773,0.7298278212547302,0.24919088184833527,0.7269555926322937,0.19599534571170807,0.7330018877983093,0.27166804671287537,0.7322370409965515,0.3057086169719696,0.7655529379844666,0.25363701581954956,0.762837290763855,0.20567810535430908,0.7631861567497253,0.276516854763031,0.7606293559074402,0.31067290902137756,0.8021389842033386,0.26731178164482117,0.7966539263725281,0.23025405406951904,0.7919777631759644,0.2798237204551697,0.7873704433441162,0.3059881031513214,fine
0.7422170639038086,0.4049009084701538,0.6752049922943115,0.3796997666358948,0.6200610995292664,0.3376844823360443,0.5922343134880066,0.2667509615421295,0.6221177577972412,0.23810797929763794,0.6510010361671448,0.24651999771595,0.6414349675178528,0.18509386479854584,0.6515661478042603,0.24719104170799255,0.6582996845245361,0.28979331254959106,0.6899755001068115,0.240303173661232,0.679800271987915,0.1893244981765747,0.6899183392524719,0.26730939745903015,0.6918662786483765,0.29999104142189026,0.7272132635116577,0.24277764558792114,0.7184471487998962,0.1940876841545105,0.7225324511528015,0.2682986557483673,0.7233582735061646,0.3027138411998749,0.7666498422622681,0.2558386027812958,0.7558190226554871,0.21704933047294617,0.7537314295768738,0.26899999380111694,0.7512190937995911,0.29456984996795654,fine
0.6897941827774048,0.4040297269821167,0.6197957992553711,0.38365963101387024,0.5632039904594421,0.33902010321617126,0.5355432629585266,0.26943156123161316,0.5610361099243164,0.24294328689575195,0.5944073796272278,0.24918074905872345,0.5838344693183899,0.1846509575843811,0.5942638516426086,0.24332423508167267,0.6017147302627563,0.28552380204200745,0.6327894330024719,0.24234242737293243,0.6230462193489075,0.18846121430397034,0.6330516338348389,0.26272112131118774,0.6355940699577332,0.2971826195716858,0.6700785160064697,0.24380435049533844,0.6598509550094604,0.1945066750049591,0.6642102003097534,0.26545238494873047,0.6654295325279236,0.3007603585720062,0.709324836730957,0.2556733787059784,0.6968725919723511,0.2182452529668808,0.6943438053131104,0.2680535912513733,0.6938032507896423,0.2942828834056854,fine
0.6705037355422974,0.4063224196434021,0.601649820804596,0.3818840980529785,0.547960102558136,0.33642539381980896,0.5212513208389282,0.26431047916412354,0.547160267829895,0.23929467797279358,0.5808236598968506,0.2463804930448532,0.5685760974884033,0.1809457540512085,0.5775570273399353,0.2405826896429062,0.5866889357566833,0.2842371165752411,0.6177220344543457,0.23960883915424347,0.6066945195198059,0.18507015705108643,0.6155796051025391,0.261094331741333,0.6200520396232605,0.29767170548439026,0.6538017988204956,0.2423543483018875,0.6427299976348877,0.1909675896167755,0.645125687122345,0.26269006729125977,0.6478988528251648,0.30041027069091797,0.6927809715270996,0.25513121485710144,0.6801032423973083,0.2147364318370819,0.6749233603477478,0.26470696926116943,0.6738650798797607,0.29275915026664734,fine
0.6772128343582153,0.40430307388305664,0.6081609725952148,0.3767412304878235,0.5549864172935486,0.336515873670578,0.5284506678581238,0.26304659247398376,0.5560176372528076,0.23412294685840607,0.5849828720092773,0.24295435845851898,0.5748810172080994,0.1805954873561859,0.582976758480072,0.2410636842250824,0.59063720703125,0.28149354457855225,0.6219348311424255,0.23637104034423828,0.6122956871986389,0.1835385113954544,0.6207413077354431,0.2601999044418335,0.6233264803886414,0.2936837673187256,0.6586977243423462,0.23901155591011047,0.6498916745185852,0.18959829211235046,0.6520212888717651,0.2617000639438629,0.6538640260696411,0.2985455095767975,0.6972694993019104,0.2525472939014435,0.6861576437950134,0.2143200933933258,0.6814356446266174,0.265227347612381,0.6800787448883057,0.2928384244441986,fine
0.700890064239502,0.4239216446876526,0.63909912109375,0.39302492141723633,0.5995544195175171,0.325931191444397,0.5828142166137695,0.2533617913722992,0.5685247182846069,0.2001597136259079,0.6197065711021423,0.2659478485584259,0.6134803295135498,0.20713230967521667,0.6265610456466675,0.26004570722579956,0.6344441175460815,0.2966059744358063,0.6564030647277832,0.2632501721382141,0.6525730490684509,0.20902569591999054,0.6599966883659363,0.28033387660980225,0.6615591049194336,0.31197836995124817,0.6917402744293213,0.268277108669281,0.6890960931777954,0.21920938789844513,0.689124345779419,0.2897792160511017,0.6879547238349915,0.32222914695739746,0.7273814678192139,0.2797960937023163,0.7210240364074707,0.24352799355983734,0.7162627577781677,0.291969895362854,0.714474618434906,0.31774118542671204,fine
0.718437910079956,0.42046919465065,0.6567972898483276,0.38878756761550903,0.6203837394714355,0.3211495876312256,0.6057217121124268,0.24950677156448364,0.589484691619873,0.20122599601745605,0.639876127243042,0.2687148153781891,0.6377216577529907,0.2112002968788147,0.6492425799369812,0.26290813088417053,0.6543638706207275,0.29762932658195496,0.6765767335891724,0.268280565738678,0.6754733920097351,0.21630226075649261,0.6812214255332947,0.28374388813972473,0.680463433265686,0.3125801980495453,0.7103440761566162,0.27460041642189026,0.709807813167572,0.22590333223342896,0.7088910341262817,0.29323193430900574,0.7056789994239807,0.32454735040664673,0.7437335252761841,0.2861614525318146,0.7411366701126099,0.25156471133232117,0.7359731197357178,0.29901811480522156,0.7319652438163757,0.32466086745262146,fine
0.7237846851348877,0.43619227409362793,0.6630871891975403,0.40371015667915344,0.6289291381835938,0.33495664596557617,0.6164758801460266,0.26099058985710144,0.6003011465072632,0.21210023760795593,0.6482754945755005,0.2792576551437378,0.648793637752533,0.22498667240142822,0.6579952239990234,0.2797766327857971,0.660889208316803,0.31272467970848083,0.6831298470497131,0.27955716848373413,0.6846825480461121,0.2305213361978531,0.6883753538131714,0.29939061403274536,0.6856220960617065,0.3246214687824249,0.7153451442718506,0.28723591566085815,0.7175720930099487,0.2415657788515091,0.7153136134147644,0.3093819320201874,0.7111027240753174,0.33859360218048096,0.7477548122406006,0.3004491329193115,0.7473904490470886,0.2658877372741699,0.74136883020401,0.31332722306251526,0.7363433241844177,0.3380214273929596,fine
0.7266000509262085,0.41954293847084045,0.6661134362220764,0.3910466730594635,0.6339564919471741,0.3218885660171509,0.6265824437141418,0.24847981333732605,0.6142554879188538,0.19909964501857758,0.6544923782348633,0.26622501015663147,0.6572653651237488,0.21293768286705017,0.6629680395126343,0.26563560962677,0.6643954515457153,0.29527372121810913,0.6883447170257568,0.2682502865791321,0.6929591298103333,0.22047919034957886,0.6935603618621826,0.28694868087768555,0.6911484003067017,0.30919504165649414,0.719507098197937,0.27645817399024963,0.7242100834846497,0.2338353544473648,0.7202960252761841,0.2998000383377075,0.7170091867446899,0.3252994120121002,0.7512984871864319,0.28943777084350586,0.7527016997337341,0.25703951716423035,0.746288001537323,0.3038158118724823,0.7420329451560974,0.3267289102077484,fine
0.7171732187271118,0.42835116386413574,0.6641696691513062,0.3855457901954651,0.6359384655952454,0.31332483887672424,0.6225261688232422,0.24685338139533997,0.5991293787956238,0.20633530616760254,0.6484497785568237,0.2615812420845032,0.6472122073173523,0.20059141516685486,0.661198079586029,0.23234868049621582,0.6693478226661682,0.2714138627052307,0.6790840029716492,0.25922125577926636,0.6789262294769287,0.1952611356973648,0.6855373382568359,0.24411123991012573,0.6858302354812622,0.28781014680862427,0.7094101905822754,0.2656688988208771,0.7117509841918945,0.20611026883125305,0.7111696004867554,0.259013831615448,0.7072317004203796,0.30298370122909546,0.7406565546989441,0.2801283299922943,0.7397207617759705,0.23730365931987762,0.7337586879730225,0.27526214718818665,0.7278941869735718,0.3089563548564911,fine
0.7174175977706909,0.42468032240867615,0.6613444685935974,0.3844756484031677,0.6312034130096436,0.31093716621398926,0.6168208718299866,0.2434268593788147,0.5929571390151978,0.20658817887306213,0.6446551084518433,0.26414138078689575,0.6433203220367432,0.20032939314842224,0.6586287021636963,0.2384078949689865,0.666618824005127,0.2786463797092438,0.6773995161056519,0.2624272406101227,0.6775637865066528,0.19693399965763092,0.6857581734657288,0.255122572183609,0.6855586171150208,0.2989417016506195,0.7085494995117188,0.27121788263320923,0.7107056379318237,0.20899930596351624,0.7104644179344177,0.26673951745033264,0.7065765857696533,0.31019315123558044,0.7401095628738403,0.2879818379878998,0.7382979989051819,0.24745747447013855,0.7328266501426697,0.28738802671432495,0.7282251715660095,0.31787484884262085,fine
0.716005802154541,0.4178495705127716,0.659489631652832,0.38189879059791565,0.6277360320091248,0.3101096451282501,0.6130290627479553,0.2421986609697342,0.5896052122116089,0.20510804653167725,0.6420989632606506,0.261798232793808,0.6398741602897644,0.20250339806079865,0.6540722846984863,0.24421274662017822,0.6613656878471375,0.2837214469909668,0.6753564476966858,0.26142367720603943,0.6741681098937988,0.19631972908973694,0.6811553239822388,0.25737327337265015,0.6814735531806946,0.2998902499675751,0.7072630524635315,0.270963191986084,0.7086966037750244,0.21107283234596252,0.7069435119628906,0.2715284824371338,0.7025154232978821,0.31219232082366943,0.7385762929916382,0.2878247797489166,0.7363458275794983,0.2507658898830414,0.7296995520591736,0.29123738408088684,0.7244040369987488,0.3193487524986267,fine
0.7162990570068359,0.41311097145080566,0.6575372219085693,0.38325878977775574,0.624260663986206,0.313175231218338,0.6101030707359314,0.2434333860874176,0.588138997554779,0.20463864505290985,0.6401814222335815,0.2637399137020111,0.639602780342102,0.2034306824207306,0.6534571647644043,0.2494732290506363,0.6599439978599548,0.2873421311378479,0.6745418310165405,0.26209044456481934,0.6741556525230408,0.1979994773864746,0.680748462677002,0.2620142102241516,0.6800153255462646,0.3009679615497589,0.7069201469421387,0.2695137858390808,0.707067608833313,0.2125556766986847,0.7060636281967163,0.2761909067630768,0.7018424868583679,0.31350627541542053,0.7387315630912781,0.28324270248413086,0.7364569902420044,0.24989429116249084,0.7307085394859314,0.2934874892234802,0.7254795432090759,0.3199354410171509,fine
0.7188255786895752,0.4153673052787781,0.6591923832893372,0.38763004541397095,0.6250305771827698,0.31841814517974854,0.6114264726638794,0.24854908883571625,0.5920688509941101,0.2067711055278778,0.6434486508369446,0.2659602165222168,0.6447671055793762,0.20713479816913605,0.6550889611244202,0.25703924894332886,0.6588616967201233,0.29224729537963867,0.6780911684036255,0.2645501494407654,0.6785210371017456,0.20209603011608124,0.6833087801933289,0.2708926796913147,0.6821892857551575,0.3051247000694275,0.7098965048789978,0.2719825208187103,0.7102624773979187,0.21822169423103333,0.7083916068077087,0.2850635349750519,0.70439612865448,0.3174077272415161,0.7411118149757385,0.28546926379203796,0.7386855483055115,0.25276896357536316,0.7333853840827942,0.29926609992980957,0.7285721302032471,0.3234185576438904,fine
0.7195143699645996,0.4193993806838989,0.6597344279289246,0.3931289613246918,0.625425398349762,0.32219821214675903,0.6131367683410645,0.25144684314727783,0.5950403213500977,0.20866629481315613,0.645425021648407,0.2696622908115387,0.6483428478240967,0.21217480301856995,0.6571080088615417,0.26674535870552063,0.660155177116394,0.30065688490867615,0.6814199686050415,0.26884084939956665,0.6831531524658203,0.20730775594711304,0.6854801774024963,0.2788395881652832,0.6837121844291687,0.3093201816082001,0.7135015726089478,0.27696019411087036,0.714964747428894,0.22601881623268127,0.7112045884132385,0.2936038672924042,0.7072977423667908,0.3210691213607788,0.7445949912071228,0.29059797525405884,0.7425563931465149,0.2600720524787903,0.7365093231201172,0.30716919898986816,0.7322399020195007,0.3279440999031067,fine
0.7217051982879639,0.4206239879131317,0.6619487404823303,0.3964059352874756,0.627974271774292,0.32586079835891724,0.616628110408783,0.253469854593277,0.6000610589981079,0.21000728011131287,0.6486796736717224,0.272549569606781,0.6526115536689758,0.2168455272912979,0.6593661308288574,0.2711871266365051,0.6623007655143738,0.3039488196372986,0.6848880648612976,0.27279481291770935,0.6865696310997009,0.21358275413513184,0.686916172504425,0.2848578095436096,0.6859042644500732,0.3135397434234619,0.717126727104187,0.2808482050895691,0.7183077335357666,0.2311364859342575,0.7130486369132996,0.2991732358932495,0.7101199626922607,0.32595717906951904,0.7479004859924316,0.29322195053100586,0.7445414662361145,0.2665005326271057,0.738699197769165,0.31359848380088806,0.7366909980773926,0.3325788378715515,fine
0.7233375906944275,0.41750094294548035,0.6618883013725281,0.3948534429073334,0.628008246421814,0.3239738941192627,0.6191504001617432,0.25058749318122864,0.6050238609313965,0.2072203904390335,0.6515447497367859,0.27298909425735474,0.6559190154075623,0.21823494136333466,0.6612535119056702,0.27395308017730713,0.663296639919281,0.305113822221756,0.6887193918228149,0.27378860116004944,0.6902797222137451,0.21621587872505188,0.6891166567802429,0.28737276792526245,0.6882218718528748,0.3130866289138794,0.7211024165153503,0.28203561902046204,0.7222779989242554,0.23298335075378418,0.7154577970504761,0.299646258354187,0.7124342918395996,0.32389840483665466,0.7516638040542603,0.294246107339859,0.7497053742408752,0.26733991503715515,0.7425785660743713,0.31193968653678894,0.7402180433273315,0.3293018341064453,fine
0.7260710000991821,0.4156050980091095,0.6649333238601685,0.39294713735580444,0.6292761564254761,0.3217218816280365,0.621532678604126,0.24893425405025482,0.6103878021240234,0.20297154784202576,0.6548730731010437,0.27010199427604675,0.6590604186058044,0.21663811802864075,0.6639808416366577,0.2701922059059143,0.6656228303909302,0.3012941777706146,0.6916604042053223,0.2713817358016968,0.6936342120170593,0.21590405702590942,0.6919600367546082,0.2855023443698883,0.690746009349823,0.3119068741798401,0.7239720225334167,0.2797519862651825,0.7255426049232483,0.23229321837425232,0.7183956503868103,0.2989044785499573,0.7150379419326782,0.32432326674461365,0.7548014521598816,0.29234084486961365,0.7524749636650085,0.2671765387058258,0.745076060295105,0.31181278824806213,0.7424737215042114,0.3297486901283264,fine
0.7270298600196838,0.4137783348560333,0.6658048033714294,0.393646240234375,0.6301720142364502,0.320995032787323,0.6236910223960876,0.2467469424009323,0.6148552298545837,0.2000279575586319,0.6577680706977844,0.2669008672237396,0.6615144610404968,0.21485301852226257,0.6649740934371948,0.27036818861961365,0.667020320892334,0.29990509152412415,0.6943705081939697,0.2686521112918854,0.6957741975784302,0.21522371470928192,0.6920098066329956,0.28595617413520813,0.6915214657783508,0.3089700937271118,0.7261977791786194,0.27814674377441406,0.7280663847923279,0.2324342578649521,0.7188457250595093,0.2992766201496124,0.7160475850105286,0.32099801301956177,0.7565773725509644,0.29098114371299744,0.7543138265609741,0.2692350149154663,0.7456588745117188,0.3141747713088989,0.7438879013061523,0.329227477312088,fine
0.7267290949821472,0.4165593087673187,0.6650053262710571,0.39258724451065063,0.6308484077453613,0.3186146318912506,0.6254542469978333,0.24446743726730347,0.6175398826599121,0.19661426544189453,0.6590144634246826,0.26682472229003906,0.6632829308509827,0.21362432837486267,0.6662159562110901,0.27057361602783203,0.667205274105072,0.29957881569862366,0.6957007646560669,0.26965269446372986,0.697888195514679,0.21617306768894196,0.6935293078422546,0.2866992652416229,0.6926397681236267,0.30830681324005127,0.72777259349823,0.27968716621398926,0.7299714088439941,0.2331305295228958,0.7203223705291748,0.2992466390132904,0.7174019813537598,0.32052990794181824,0.7585276961326599,0.29325708746910095,0.7565077543258667,0.26844078302383423,0.7472808361053467,0.3130490183830261,0.7452502250671387,0.32911771535873413,fine
0.7257269620895386,0.4200655519962311,0.6642752289772034,0.392726331949234,0.631274938583374,0.3206654191017151,0.6258496046066284,0.24663680791854858,0.6184098720550537,0.19810833036899567,0.6581141948699951,0.26739513874053955,0.6625977754592896,0.215213805437088,0.6661756634712219,0.27143043279647827,0.6682419180870056,0.30134254693984985,0.6952130198478699,0.2693970501422882,0.6977851390838623,0.21525374054908752,0.6939745545387268,0.28544577956199646,0.6931585073471069,0.30839917063713074,0.7278611660003662,0.2799188196659088,0.7309914827346802,0.23283198475837708,0.7211771607398987,0.2986833155155182,0.7182122468948364,0.32092970609664917,0.75914067029953,0.2949083149433136,0.7571780681610107,0.2713507413864136,0.7472953200340271,0.31499484181404114,0.7447866201400757,0.32982659339904785,fine
0.7216637134552002,0.41574063897132874,0.659885823726654,0.39084678888320923,0.6260034441947937,0.3178922235965729,0.6217329502105713,0.2420044243335724,0.6197788119316101,0.191782608628273,0.6524556875228882,0.26241910457611084,0.6587328314781189,0.2107846438884735,0.6615040302276611,0.2683180570602417,0.6633722186088562,0.29902219772338867,0.6888280510902405,0.2649258077144623,0.6925058364868164,0.2112252116203308,0.6889438033103943,0.28263622522354126,0.6886466145515442,0.30718180537223816,0.7210572957992554,0.2746674716472626,0.7263427376747131,0.22834524512290955,0.7165367007255554,0.29571372270584106,0.7130878567695618,0.3197700083255768,0.7533767223358154,0.2878289520740509,0.7540408968925476,0.2625051438808441,0.7441310882568359,0.30875083804130554,0.7398536801338196,0.32607775926589966,fine
0.7204766273498535,0.4321082830429077,0.6601874232292175,0.39858174324035645,0.6257230639457703,0.3303312659263611,0.6209700107574463,0.252684086561203,0.6294032335281372,0.2021394968032837,0.654464840888977,0.2737308144569397,0.6595562100410461,0.22520478069782257,0.66204434633255,0.2823646366596222,0.6629762053489685,0.31174227595329285,0.6892587542533875,0.2755966782569885,0.6929643750190735,0.22633501887321472,0.6911032199859619,0.29820874333381653,0.6884976625442505,0.32141217589378357,0.7206245064735413,0.2848125696182251,0.7267023921012878,0.2401616871356964,0.7190217971801758,0.3079797625541687,0.7142075896263123,0.3325148820877075,0.753423273563385,0.29976582527160645,0.7547887563705444,0.2707751393318176,0.7460864782333374,0.31878289580345154,0.7404705882072449,0.33776000142097473,fine
0.7125087976455688,0.44490981101989746,0.6547211408615112,0.4168859124183655,0.6195022463798523,0.34614619612693787,0.6146380305290222,0.2688278257846832,0.6236660480499268,0.22014926373958588,0.649436354637146,0.29176950454711914,0.6551525592803955,0.24324128031730652,0.6570754647254944,0.3009577691555023,0.657501220703125,0.32975977659225464,0.6832069754600525,0.2937989830970764,0.6876220703125,0.24595105648040771,0.6845020055770874,0.31789630651474,0.6811076402664185,0.3378629684448242,0.7135304808616638,0.30260053277015686,0.7215341925621033,0.2597302198410034,0.7121846079826355,0.32700443267822266,0.7061136364936829,0.34792155027389526,0.7451531291007996,0.3157207667827606,0.7480099201202393,0.2918127775192261,0.7382565140724182,0.33928626775741577,0.7321603298187256,0.3553699553012848,fine
0.700279951095581,0.4459429979324341,0.6448609232902527,0.4334857165813446,0.6024430394172668,0.36838576197624207,0.5941526293754578,0.2921428382396698,0.6055402755737305,0.2455011010169983,0.6293132901191711,0.3116001486778259,0.6302049160003662,0.2620331645011902,0.6366066336631775,0.316436767578125,0.6378352642059326,0.3425110876560211,0.6621729731559753,0.30992260575294495,0.6627646684646606,0.267175555229187,0.6653323173522949,0.33360645174980164,0.6622258424758911,0.35167789459228516,0.6926316618919373,0.31381598114967346,0.695612370967865,0.2724974751472473,0.6938361525535583,0.33910810947418213,0.6888374090194702,0.3616381287574768,0.7250728607177734,0.32183125615119934,0.7262312769889832,0.2929717004299164,0.7215161323547363,0.3418557941913605,0.7149742841720581,0.36327311396598816,fine
0.6821475028991699,0.4365811347961426,0.6268254518508911,0.4203072190284729,0.5860148668289185,0.36398106813430786,0.5740322470664978,0.2950434684753418,0.5864017605781555,0.24893486499786377,0.6114553809165955,0.3106667399406433,0.6115657091140747,0.2658342719078064,0.6171197295188904,0.3169403076171875,0.6176363825798035,0.34034404158592224,0.6444393396377563,0.3094189763069153,0.6431378722190857,0.2682739198207855,0.6463260650634766,0.33106017112731934,0.6442573666572571,0.349725604057312,0.6739135384559631,0.31226956844329834,0.6747215986251831,0.2723637819290161,0.6743732690811157,0.33444342017173767,0.671352744102478,0.3577331006526947,0.7052356004714966,0.317900151014328,0.7058778405189514,0.2885815501213074,0.7018991708755493,0.3332858085632324,0.6966500878334045,0.3547835052013397,fine
0.6832607984542847,0.44114547967910767,0.630222499370575,0.4270867705345154,0.5889832973480225,0.3690983057022095,0.5784855484962463,0.29873472452163696,0.5925454497337341,0.2543480396270752,0.6176789402961731,0.3123263418674469,0.6199260354042053,0.26854512095451355,0.6228876113891602,0.3186074495315552,0.6226234436035156,0.3435179889202118,0.6493220329284668,0.31211143732070923,0.6492734551429749,0.2712385654449463,0.6515524387359619,0.3353416323661804,0.6498811841011047,0.3557202219963074,0.6783169507980347,0.31534823775291443,0.6800299286842346,0.2757190465927124,0.6783144474029541,0.33933043479919434,0.6745821833610535,0.36380261182785034,0.707787811756134,0.32201194763183594,0.7086066007614136,0.2927301824092865,0.7051514387130737,0.33820509910583496,0.7008544206619263,0.35892656445503235,fine
0.7165116667747498,0.4173962473869324,0.6664689779281616,0.40407463908195496,0.6246771216392517,0.3397035598754883,0.6155869364738464,0.26911062002182007,0.6324676871299744,0.2263762205839157,0.6581209897994995,0.28249141573905945,0.657169759273529,0.23944364488124847,0.6587512493133545,0.29218074679374695,0.6610972881317139,0.31360042095184326,0.6916557550430298,0.284635066986084,0.687456488609314,0.243907630443573,0.6871845722198486,0.3096623122692108,0.6899493336677551,0.32588720321655273,0.7223178744316101,0.2913743555545807,0.7202069163322449,0.2501664459705353,0.7155451774597168,0.31393805146217346,0.7160629630088806,0.3350946307182312,0.7541989088058472,0.3002502918243408,0.7495511770248413,0.27044299244880676,0.7430003881454468,0.3155154585838318,0.741884171962738,0.3342440724372864,fine
0.7431069612503052,0.43006646633148193,0.6888439655303955,0.39606404304504395,0.6601511240005493,0.32678380608558655,0.6773979067802429,0.26848942041397095,0.7052100896835327,0.23425446450710297,0.6621577143669128,0.2718559503555298,0.655434250831604,0.2158832848072052,0.6691321134567261,0.2647336423397064,0.6796244978904724,0.3118637800216675,0.6992260217666626,0.26390862464904785,0.6917849183082581,0.19661261141300201,0.6999428272247314,0.2594916522502899,0.7063142657279968,0.31447768211364746,0.7368936538696289,0.26766854524612427,0.7334339618682861,0.21425855159759521,0.7339747548103333,0.2838272452354431,0.7323775291442871,0.336801677942276,0.7727787494659424,0.28057318925857544,0.7676541805267334,0.23969855904579163,0.7620036602020264,0.28639817237854004,0.7574436068534851,0.3253476619720459,fine
0.7384105324745178,0.4296690821647644,0.6797305345535278,0.3974609971046448,0.6470093131065369,0.32909491658210754,0.6590383052825928,0.27510693669319153,0.6832032203674316,0.24767403304576874,0.656192421913147,0.27213287353515625,0.6504223942756653,0.21331478655338287,0.6637812852859497,0.26481345295906067,0.6724283695220947,0.31142088770866394,0.6945092082023621,0.26482266187667847,0.6902677416801453,0.20050016045570374,0.6976829171180725,0.26872241497039795,0.699975311756134,0.31754499673843384,0.7319166660308838,0.268825501203537,0.7305944561958313,0.21499133110046387,0.7302463054656982,0.28511640429496765,0.7261829376220703,0.3314875364303589,0.7678874135017395,0.28181904554367065,0.7647815942764282,0.24348701536655426,0.7584541440010071,0.29170575737953186,0.7520577311515808,0.32559821009635925,fine
0.7305180430412292,0.4285963773727417,0.6748561859130859,0.3946111798286438,0.645313560962677,0.3255317211151123,0.6591547727584839,0.277305006980896,0.683899998664856,0.2580340504646301,0.6561843752861023,0.27073484659194946,0.6513938307762146,0.20944520831108093,0.6626715660095215,0.26050233840942383,0.6693971753120422,0.30632075667381287,0.6944980025291443,0.26542332768440247,0.6930863261222839,0.1983180195093155,0.6968424320220947,0.26409924030303955,0.6970804929733276,0.31288647651672363,0.7310952544212341,0.27153143286705017,0.73166424036026,0.21831154823303223,0.7284760475158691,0.28444671630859375,0.7236170172691345,0.3284700810909271,0.7658365368843079,0.2862184941768646,0.7637538909912109,0.24654053151607513,0.7550376653671265,0.2899816632270813,0.74782395362854,0.3211855888366699,fine
0.7213106155395508,0.4445131719112396,0.6658796072006226,0.4068154990673065,0.6385987997055054,0.33610010147094727,0.6559128165245056,0.28762340545654297,0.6824058294296265,0.26947295665740967,0.6530210375785828,0.28340446949005127,0.6517611145973206,0.22440867125988007,0.6596692204475403,0.2767542004585266,0.6648431420326233,0.32296687364578247,0.6907970309257507,0.280550479888916,0.6910921335220337,0.216171532869339,0.6922520399093628,0.28156062960624695,0.6923708319664001,0.32981428503990173,0.7265539765357971,0.2885555624961853,0.7289437055587769,0.23720940947532654,0.7232615947723389,0.3037130534648895,0.7169878482818604,0.3482462465763092,0.7597165703773499,0.30509912967681885,0.7592618465423584,0.266571581363678,0.7487918734550476,0.3104611933231354,0.7400081157684326,0.34242305159568787,fine
0.7196304202079773,0.4416070580482483,0.6639969944953918,0.4054141938686371,0.6361035108566284,0.33634132146835327,0.6470927000045776,0.28588002920150757,0.6680764555931091,0.2649661898612976,0.6513100862503052,0.28287947177886963,0.6501330733299255,0.22417497634887695,0.6600950956344604,0.2740955054759979,0.6650184392929077,0.31947803497314453,0.6886643767356873,0.280274897813797,0.6891934275627136,0.21720461547374725,0.6922369003295898,0.28117725253105164,0.6915945410728455,0.3288912773132324,0.7240574359893799,0.2884787917137146,0.726396381855011,0.23818935453891754,0.7219191193580627,0.30265796184539795,0.7158147692680359,0.34650057554244995,0.757702112197876,0.3053268790245056,0.7585707306861877,0.264629602432251,0.7495049238204956,0.3060254156589508,0.7410751581192017,0.33723944425582886,fine
0.7224906086921692,0.43824803829193115,0.6664627194404602,0.4011223018169403,0.6388023495674133,0.3337423801422119,0.6529434323310852,0.2847559452056885,0.6747851371765137,0.26278215646743774,0.6522087454795837,0.2789064645767212,0.6471031904220581,0.22302326560020447,0.6567096710205078,0.2724246084690094,0.6634565591812134,0.3172905743122101,0.6899935007095337,0.27470332384109497,0.6877504587173462,0.21377411484718323,0.6907339692115784,0.27661705017089844,0.692046582698822,0.32478171586990356,0.7260964512825012,0.28167349100112915,0.7265316843986511,0.23259195685386658,0.7221599221229553,0.29788023233413696,0.7170026302337646,0.3434196710586548,0.7602521181106567,0.29756736755371094,0.7577147483825684,0.2594664990901947,0.7479360103607178,0.3035861849784851,0.7397352457046509,0.3378850221633911,fine
0.7313063144683838,0.43853700160980225,0.6742584705352783,0.39553844928741455,0.6444848775863647,0.33110201358795166,0.6543274521827698,0.28167811036109924,0.6796817779541016,0.25929322838783264,0.6580135226249695,0.2755383253097534,0.6489313244819641,0.20488663017749786,0.6598241925239563,0.24557706713676453,0.6664454340934753,0.29260164499282837,0.6953752636909485,0.2702295482158661,0.6913363337516785,0.20940625667572021,0.6987618803977966,0.27198266983032227,0.6985704302787781,0.32012638449668884,0.7317498922348022,0.2754916250705719,0.7302443385124207,0.21245038509368896,0.7302387356758118,0.27589064836502075,0.7268920540809631,0.3255586326122284,0.7687637805938721,0.2903183698654175,0.7690905332565308,0.24216768145561218,0.7616012096405029,0.28124773502349854,0.7542346715927124,0.31605082750320435,fine
0.7266983389854431,0.4396565556526184,0.6700254082679749,0.3979845941066742,0.642810583114624,0.32822462916374207,0.6542840003967285,0.2760169506072998,0.6733229160308838,0.25007063150405884,0.6589061617851257,0.2783689498901367,0.6556503772735596,0.2095973789691925,0.6652892231941223,0.25220680236816406,0.6691402792930603,0.29809537529945374,0.6964210867881775,0.27700021862983704,0.6969046592712402,0.2143804430961609,0.7011172771453857,0.275310754776001,0.699198842048645,0.3209342658519745,0.731935441493988,0.28483811020851135,0.7338138818740845,0.23077881336212158,0.7310661673545837,0.2939300835132599,0.7249792218208313,0.33750465512275696,0.7661311626434326,0.30071890354156494,0.7653406858444214,0.2589554786682129,0.7571641206741333,0.3014827072620392,0.7496653199195862,0.33361631631851196,fine
0.7244651913642883,0.44173720479011536,0.6693020462989807,0.4019273519515991,0.6406564116477966,0.3367106020450592,0.6520980596542358,0.28963446617126465,0.6748822927474976,0.2684926390647888,0.6582909822463989,0.283672034740448,0.6517252922058105,0.2172844111919403,0.6585167050361633,0.25669530034065247,0.6626527309417725,0.3011128306388855,0.6951274275779724,0.2842612862586975,0.694460928440094,0.2245025634765625,0.6962748169898987,0.28398412466049194,0.6939399838447571,0.32936346530914307,0.7300553321838379,0.2935398817062378,0.7316330075263977,0.24137794971466064,0.7275381088256836,0.3018965721130371,0.7215134501457214,0.344036728143692,0.7643251419067383,0.31045064330101013,0.7649257779121399,0.26955464482307434,0.7552247047424316,0.3091258406639099,0.7467504143714905,0.33939582109451294,fine
0.730486273765564,0.43926405906677246,0.6734345555305481,0.3935987949371338,0.6404231786727905,0.3169134259223938,0.6285796165466309,0.2448951005935669,0.6069875359535217,0.20610231161117554,0.6783847808837891,0.26513001322746277,0.6893012523651123,0.20928797125816345,0.6877325773239136,0.2676956355571747,0.6841530799865723,0.3080970048904419,0.7154073715209961,0.2731247544288635,0.7254021763801575,0.22052215039730072,0.7175493240356445,0.294589638710022,0.7099388837814331,0.33189916610717773,0.7479122877120972,0.28665533661842346,0.7583198547363281,0.2350776195526123,0.7447078824043274,0.3039689064025879,0.7336563467979431,0.34115922451019287,0.7782158255577087,0.306608110666275,0.7875210046768188,0.266066312789917,0.7734696865081787,0.3110341429710388,0.7613873481750488,0.338382363319397,fine
0.7326262593269348,0.4382786154747009,0.675884485244751,0.39085233211517334,0.6423950791358948,0.31775376200675964,0.6296190023422241,0.24697613716125488,0.6067889928817749,0.21174287796020508,0.6795535087585449,0.2661954164505005,0.6920731663703918,0.2131081223487854,0.690653383731842,0.2705031633377075,0.6868582963943481,0.3111613988876343,0.7167948484420776,0.2736569344997406,0.7272917032241821,0.22369959950447083,0.7206235527992249,0.2970559298992157,0.7133280038833618,0.3353545665740967,0.7496234178543091,0.28765952587127686,0.7612550258636475,0.23934274911880493,0.7480641007423401,0.30731821060180664,0.7360919117927551,0.3451552987098694,0.779897928237915,0.30816325545310974,0.7898958921432495,0.2703697979450226,0.7766005396842957,0.3154318034648895,0.763602614402771,0.34104326367378235,fine
0.7314671277999878,0.4317898154258728,0.6765553951263428,0.38771528005599976,0.6411396861076355,0.31670960783958435,0.6224367022514343,0.25075215101242065,0.5945533514022827,0.22003543376922607,0.6779735684394836,0.2623094320297241,0.6882379651069641,0.21191254258155823,0.6884878277778625,0.26931753754615784,0.6854901313781738,0.31072524189949036,0.7151950001716614,0.2687358260154724,0.7238645553588867,0.219767227768898,0.7186509370803833,0.2904030382633209,0.7121211886405945,0.3302775025367737,0.7482308149337769,0.2826292812824249,0.759267270565033,0.2354763150215149,0.7469196915626526,0.3007051348686218,0.7350935935974121,0.34108200669288635,0.7789367437362671,0.3026374280452728,0.7892362475395203,0.2651601731777191,0.7751445174217224,0.3070557713508606,0.7614295482635498,0.3350715637207031,fine
0.7301615476608276,0.4279891848564148,0.6756480932235718,0.3841917812824249,0.6406684517860413,0.3138456642627716,0.6223910450935364,0.24736550450325012,0.5945353507995605,0.21706783771514893,0.6779043078422546,0.2593308389186859,0.6883743405342102,0.20968268811702728,0.688879668712616,0.26606568694114685,0.6860813498497009,0.30624184012413025,0.714389979839325,0.26555877923965454,0.7224341630935669,0.2179790735244751,0.7179983258247375,0.2886425256729126,0.7118396162986755,0.32740578055381775,0.7470515966415405,0.2791275084018707,0.7569064497947693,0.2328217625617981,0.7452724575996399,0.297961562871933,0.7337712049484253,0.33757340908050537,0.7773048877716064,0.2986218333244324,0.7860748171806335,0.261648952960968,0.7727655172348022,0.30366969108581543,0.7597318887710571,0.331349641084671,fine
0.7311830520629883,0.42727720737457275,0.676005482673645,0.38007742166519165,0.6397438049316406,0.31238555908203125,0.6201331615447998,0.24535369873046875,0.592997133731842,0.21440798044204712,0.6759366989135742,0.25563767552375793,0.686759352684021,0.2070886194705963,0.6872890591621399,0.26458829641342163,0.684682309627533,0.30379319190979004,0.7131688594818115,0.26065996289253235,0.7212832570075989,0.2144436091184616,0.7168487906455994,0.2881411910057068,0.7113646864891052,0.32532942295074463,0.7463210821151733,0.2745721936225891,0.7564422488212585,0.2297358214855194,0.7447144985198975,0.29734015464782715,0.7341140508651733,0.33549806475639343,0.7774760723114014,0.2953549921512604,0.7857241034507751,0.257881760597229,0.7721766829490662,0.30310383439064026,0.7595193386077881,0.32940077781677246,fine
0.7289565205574036,0.4271785020828247,0.6739588975906372,0.3829793334007263,0.6399748921394348,0.30973130464553833,0.6241108775138855,0.24262213706970215,0.5981796979904175,0.21176235377788544,0.6733957529067993,0.2610180377960205,0.6821452975273132,0.2112659066915512,0.6848995089530945,0.26657387614250183,0.6841378211975098,0.30703189969062805,0.7107836604118347,0.2661782503128052,0.7175894379615784,0.2179715633392334,0.7155380249023438,0.2878669202327728,0.7111626863479614,0.32785454392433167,0.7443326711654663,0.27890846133232117,0.7526971101760864,0.23197564482688904,0.7429226636886597,0.29722556471824646,0.7331379652023315,0.33798080682754517,0.7753479480743408,0.2975471615791321,0.7829262018203735,0.2602183520793915,0.7708330154418945,0.3021776080131531,0.7590979337692261,0.33003562688827515,fine
0.7304734587669373,0.43248409032821655,0.674584686756134,0.38714122772216797,0.6409642100334167,0.31244421005249023,0.6247932314872742,0.24377037584781647,0.5995199084281921,0.21280315518379211,0.6685003638267517,0.2671920657157898,0.6746257543563843,0.21468019485473633,0.6810545325279236,0.269045352935791,0.6828103065490723,0.3087938129901886,0.7054703235626221,0.2692610025405884,0.7114689350128174,0.219416543841362,0.71290123462677,0.2896674871444702,0.7094002366065979,0.3305642604827881,0.7387803196907043,0.2798314094543457,0.7465755939483643,0.23123681545257568,0.7396373152732849,0.29668354988098145,0.7311599850654602,0.3382001519203186,0.770003080368042,0.29686233401298523,0.7771637439727783,0.25839489698410034,0.7667982578277588,0.3015797436237335,0.7560455799102783,0.33070307970046997,fine
0.7303501963615417,0.43496692180633545,0.6750890612602234,0.3893224895000458,0.6411167979240417,0.31464990973472595,0.62367844581604,0.2465086281299591,0.5978311896324158,0.21538686752319336,0.6684026718139648,0.26859673857688904,0.6741200685501099,0.21790289878845215,0.6802284121513367,0.2734484374523163,0.6814751625061035,0.3128276765346527,0.7051923871040344,0.2705938518047333,0.7105998396873474,0.2218811810016632,0.711742103099823,0.29301974177360535,0.7084059715270996,0.3323625922203064,0.7384338974952698,0.281323105096817,0.7461207509040833,0.23370982706546783,0.7387723922729492,0.30020278692245483,0.7305114269256592,0.3407340943813324,0.7696760892868042,0.29863864183425903,0.7769375443458557,0.2599968910217285,0.7661576867103577,0.3034907877445221,0.7553110122680664,0.3321620225906372,fine
0.7272841930389404,0.4274676442146301,0.6719347238540649,0.38334256410598755,0.6379863023757935,0.30959460139274597,0.6210698485374451,0.2429753839969635,0.5954955816268921,0.21112731099128723,0.6662001013755798,0.26186269521713257,0.6712331175804138,0.21214714646339417,0.6778717637062073,0.2656593322753906,0.6801602244377136,0.3051362633705139,0.702954113483429,0.26492586731910706,0.7078198790550232,0.21625271439552307,0.7088812589645386,0.28553932905197144,0.7061079740524292,0.3248445689678192,0.7361388206481934,0.27533262968063354,0.7432404160499573,0.22734278440475464,0.7356213331222534,0.2921144962310791,0.7275620698928833,0.3317965567111969,0.7672299146652222,0.29224979877471924,0.7735654711723328,0.25460103154182434,0.7626713514328003,0.297759473323822,0.7522684931755066,0.3262970447540283,fine
0.7246615290641785,0.4333701431751251,0.6710379123687744,0.390943706035614,0.6362064480781555,0.3144179880619049,0.6195285320281982,0.248093381524086,0.5941524505615234,0.21859753131866455,0.6664506793022156,0.26962146162986755,0.6729546189308167,0.22025293111801147,0.6780123710632324,0.27399033308029175,0.678963303565979,0.31205397844314575,0.7027302980422974,0.2749425172805786,0.7104451656341553,0.225967675447464,0.7088021636009216,0.29292064905166626,0.704444408416748,0.3287985622882843,0.7354907989501953,0.28522375226020813,0.7441936731338501,0.2401643991470337,0.7356615662574768,0.3032706379890442,0.727725625038147,0.3389565348625183,0.7659632563591003,0.3007366955280304,0.7723494172096252,0.2643449008464813,0.7627801299095154,0.30755189061164856,0.7544902563095093,0.33426016569137573,fine
0.7279610633850098,0.40881583094596863,0.6747068762779236,0.36651766300201416,0.6398747563362122,0.29108524322509766,0.6224380731582642,0.22530710697174072,0.596794843673706,0.19308309257030487,0.6700078248977661,0.24512247741222382,0.6745541095733643,0.19558587670326233,0.6811425685882568,0.24910461902618408,0.6826075911521912,0.2897586524486542,0.7068403363227844,0.24931888282299042,0.7120245099067688,0.20275616645812988,0.712891697883606,0.27026504278182983,0.7083535194396973,0.31210431456565857,0.7400818467140198,0.26044002175331116,0.7468469142913818,0.21409094333648682,0.7399088144302368,0.27772074937820435,0.7309560179710388,0.31915342807769775,0.7710227966308594,0.27811482548713684,0.7777560949325562,0.24172767996788025,0.767117440700531,0.2845328450202942,0.7556721568107605,0.31490811705589294,fine
0.7265236377716064,0.43888959288597107,0.6709322333335876,0.39270642399787903,0.6352427005767822,0.31673771142959595,0.6171833276748657,0.24871651828289032,0.5924649238586426,0.21358521282672882,0.6683934926986694,0.2711891233921051,0.6754141449928284,0.22332075238227844,0.6788491606712341,0.27987006306648254,0.6780135631561279,0.31918245553970337,0.7053101658821106,0.2755305767059326,0.7107074856758118,0.22915969789028168,0.7099085450172424,0.30000144243240356,0.7054672837257385,0.33852002024650574,0.7385529279708862,0.2874770164489746,0.7460562586784363,0.24100860953330994,0.7373937964439392,0.3070180118083954,0.7279629707336426,0.34709227085113525,0.7694568634033203,0.30525267124176025,0.7764695882797241,0.26718878746032715,0.7654791474342346,0.31048470735549927,0.7546338438987732,0.338739275932312,fine
0.7297443151473999,0.4405851662158966,0.6722970604896545,0.39180290699005127,0.6274318695068359,0.3333657383918762,0.592380702495575,0.2755627930164337,0.558326005935669,0.25259870290756226,0.6671940684318542,0.2622387707233429,0.6764837503433228,0.21356257796287537,0.6800891757011414,0.273456335067749,0.6788195371627808,0.315632164478302,0.704992413520813,0.26611700654029846,0.712598443031311,0.22066625952720642,0.7097968459129333,0.2947911322116852,0.7037744522094727,0.3313864469528198,0.7389215230941772,0.279466450214386,0.7477361559867859,0.2356836199760437,0.7378829717636108,0.29965654015541077,0.7278809547424316,0.3360527753829956,0.7697271108627319,0.3001510798931122,0.7762947678565979,0.26126912236213684,0.7633886337280273,0.30452582240104675,0.7524311542510986,0.32995477318763733,fine
0.7319910526275635,0.4339388608932495,0.6753012537956238,0.39015406370162964,0.6274044513702393,0.33575108647346497,0.5842334628105164,0.28705641627311707,0.5464327335357666,0.2759799659252167,0.6586942672729492,0.26127997040748596,0.6657991409301758,0.21023163199424744,0.673152506351471,0.2700781524181366,0.6733888387680054,0.31059354543685913,0.6972288489341736,0.26072195172309875,0.7043881416320801,0.21406802535057068,0.7044447064399719,0.2895165681838989,0.699098527431488,0.3244776129722595,0.7324986457824707,0.27109724283218384,0.7405884861946106,0.22718501091003418,0.7338683605194092,0.2930360734462738,0.7254140377044678,0.3287118375301361,0.7642942070960999,0.288719117641449,0.7699827551841736,0.25069841742515564,0.7596047520637512,0.29503336548805237,0.7502275705337524,0.3197764456272125,fine
0.7349156737327576,0.44283804297447205,0.6764077544212341,0.3987516760826111,0.6274682879447937,0.3471323847770691,0.5842158794403076,0.2979619801044464,0.5472770929336548,0.2846296429634094,0.6595357060432434,0.2732176184654236,0.6660690903663635,0.22462233901023865,0.6732450127601624,0.28394684195518494,0.6740710735321045,0.3239439129829407,0.6974704265594482,0.2727435827255249,0.7040061950683594,0.22743892669677734,0.7046053409576416,0.30262628197669983,0.700346827507019,0.33730486035346985,0.7322194576263428,0.28249937295913696,0.7403106689453125,0.24015098810195923,0.7338622212409973,0.30580806732177734,0.7260573506355286,0.3408161699771881,0.7639455795288086,0.2991999387741089,0.769923746585846,0.26208311319351196,0.7600603103637695,0.3073660433292389,0.7508988380432129,0.3311645984649658,fine
0.7375819683074951,0.4264158606529236,0.6776853203773499,0.3781636953353882,0.6308591365814209,0.3273882269859314,0.5899449586868286,0.27697721123695374,0.5529499053955078,0.26328131556510925,0.664381206035614,0.25251632928848267,0.6713026762008667,0.2050628960132599,0.6788206100463867,0.2647187113761902,0.6798184514045715,0.3057192265987396,0.7028067708015442,0.251010537147522,0.7089797258377075,0.20731616020202637,0.7102085947990417,0.28440678119659424,0.7064648270606995,0.32026711106300354,0.7376088500022888,0.26192739605903625,0.7451660633087158,0.2187960296869278,0.7385801076889038,0.2854290008544922,0.7307563424110413,0.3213365077972412,0.7700070738792419,0.28186923265457153,0.7755857110023499,0.2435939460992813,0.7650134563446045,0.288125216960907,0.7546533942222595,0.3116014897823334,fine
0.7328243255615234,0.4293060898780823,0.6762487292289734,0.3900596797466278,0.6284806728363037,0.33142873644828796,0.5899850130081177,0.2793632447719574,0.5532771348953247,0.2650381028652191,0.6631852984428406,0.26264792680740356,0.6709163188934326,0.21982741355895996,0.6776869297027588,0.27558228373527527,0.6775122284889221,0.3104304373264313,0.7007274031639099,0.26386088132858276,0.7074217200279236,0.22215500473976135,0.7078865170478821,0.2929033041000366,0.7030899524688721,0.32463523745536804,0.73455810546875,0.2735947370529175,0.742454469203949,0.23495745658874512,0.7366781830787659,0.2980019450187683,0.7287548780441284,0.3297879099845886,0.7655912637710571,0.2906287610530853,0.7717125415802002,0.25666868686676025,0.7629387378692627,0.2994755804538727,0.7532882690429688,0.3225076496601105,fine
0.7346778512001038,0.433847039937973,0.6765412092208862,0.3873445689678192,0.6294247508049011,0.3288995623588562,0.592229425907135,0.27332597970962524,0.5565893650054932,0.25384998321533203,0.6645088195800781,0.2593693733215332,0.6720870137214661,0.2117752730846405,0.6785598993301392,0.27156612277030945,0.6794310212135315,0.31274092197418213,0.7027686834335327,0.26033952832221985,0.7094664573669434,0.21540260314941406,0.7101461291313171,0.29053938388824463,0.7062029838562012,0.32777372002601624,0.7373770475387573,0.27176111936569214,0.7455665469169617,0.22923493385314941,0.7388175129890442,0.2943221926689148,0.7305378913879395,0.33120933175086975,0.768817663192749,0.29032519459724426,0.7748488187789917,0.25205692648887634,0.7646448016166687,0.29672589898109436,0.7547664642333984,0.32214194536209106,fine
0.7314542531967163,0.41956549882888794,0.680475115776062,0.37736213207244873,0.6424546241760254,0.30974912643432617,0.6319212317466736,0.23900336027145386,0.6539880633354187,0.19940727949142456,0.672698974609375,0.2546434700489044,0.6779301166534424,0.2143573760986328,0.6836731433868408,0.26754918694496155,0.6842412948608398,0.3043847680091858,0.7080584764480591,0.25568878650665283,0.7106304168701172,0.2150285243988037,0.7148148417472839,0.28550758957862854,0.713620662689209,0.3221397399902344,0.7410443425178528,0.26442474126815796,0.7445911765098572,0.2247425615787506,0.7418938875198364,0.29113948345184326,0.7356408834457397,0.32825642824172974,0.7723839282989502,0.28265637159347534,0.7749125361442566,0.24551133811473846,0.7677776217460632,0.29161176085472107,0.7595125436782837,0.3199620842933655,fine
0.7279038429260254,0.43464961647987366,0.6740108132362366,0.3970355987548828,0.634771466255188,0.32843920588493347,0.6264826655387878,0.25749263167381287,0.6500524878501892,0.21973048150539398,0.6644402146339417,0.2757726311683655,0.6707375645637512,0.23193559050559998,0.6765444874763489,0.2871035933494568,0.6773561835289001,0.3258656859397888,0.7001497745513916,0.2760095000267029,0.7060060501098633,0.23648205399513245,0.7094700932502747,0.30514636635780334,0.7065736651420593,0.3426196575164795,0.7334170341491699,0.2817552983760834,0.7407421469688416,0.24256855249404907,0.7364007234573364,0.3072381913661957,0.7279894948005676,0.34647637605667114,0.7649563550949097,0.2957034409046173,0.7716392278671265,0.2602039575576782,0.7632791996002197,0.30191370844841003,0.75250643491745,0.33085405826568604,fine
0.7307290434837341,0.4365941882133484,0.6763640642166138,0.38575005531311035,0.6393613815307617,0.3256436884403229,0.6294439435005188,0.2517903745174408,0.6521453261375427,0.21421211957931519,0.6683838367462158,0.2691766321659088,0.6744663119316101,0.22560501098632812,0.6784776449203491,0.28143754601478577,0.6798739433288574,0.3196121156215668,0.7032722234725952,0.2700407803058624,0.7082783579826355,0.22942964732646942,0.7106848955154419,0.3019546568393707,0.7078039646148682,0.3378712832927704,0.736392080783844,0.2785509526729584,0.7433285713195801,0.23824821412563324,0.7377278804779053,0.3042484521865845,0.7298369407653809,0.3423033654689789,0.7682450413703918,0.2970349192619324,0.7740627527236938,0.259285032749176,0.7651246190071106,0.3039407432079315,0.7543075084686279,0.33051010966300964,fine
0.7250592112541199,0.4462117552757263,0.6693640351295471,0.4085327684879303,0.6282707452774048,0.35349979996681213,0.6180344820022583,0.28218671679496765,0.6507335305213928,0.25883087515830994,0.6699138283729553,0.27412089705467224,0.6732156276702881,0.19883930683135986,0.6758943200111389,0.233877032995224,0.6777491569519043,0.2816455364227295,0.7051021456718445,0.2794550061225891,0.7098171710968018,0.22915588319301605,0.7077540159225464,0.29542607069015503,0.701768159866333,0.34182584285736084,0.7365583777427673,0.2910985052585602,0.7410967350006104,0.24564683437347412,0.7321205735206604,0.3077298700809479,0.7242684960365295,0.35136526823043823,0.7692051529884338,0.3114915192127228,0.7715265154838562,0.2725215554237366,0.7603757977485657,0.31323081254959106,0.7509346008300781,0.3423316478729248,fine
0.7272270321846008,0.42498117685317993,0.674578845500946,0.38731151819229126,0.6336196660995483,0.3307071626186371,0.6349632740020752,0.2599531412124634,0.6748573184013367,0.2487507164478302,0.6682267189025879,0.24658498167991638,0.6702818274497986,0.1725408434867859,0.6759408712387085,0.20136681199073792,0.6788612008094788,0.24605847895145416,0.7042757868766785,0.25234493613243103,0.7083844542503357,0.20221403241157532,0.7083530426025391,0.2689581513404846,0.7027440667152405,0.3177124857902527,0.7369290590286255,0.26423484086990356,0.7427127361297607,0.21755915880203247,0.7345133423805237,0.2810063660144806,0.7251413464546204,0.3285062611103058,0.7702713012695312,0.28444793820381165,0.7743724584579468,0.2430408000946045,0.7640275359153748,0.28371554613113403,0.7531169056892395,0.31490427255630493,fine
0.7231786847114563,0.4225672483444214,0.6724779009819031,0.376770555973053,0.6475509405136108,0.3157144784927368,0.6634598970413208,0.2646191716194153,0.6880366206169128,0.23382383584976196,0.6640765070915222,0.24815455079078674,0.6630536317825317,0.17880716919898987,0.6736685037612915,0.2015383243560791,0.6799893379211426,0.2388431876897812,0.6972852945327759,0.24440312385559082,0.7018916010856628,0.17652404308319092,0.7078986167907715,0.2222573459148407,0.706817090511322,0.26978856325149536,0.7291017174720764,0.2513912320137024,0.735210120677948,0.1913718283176422,0.734813392162323,0.23769812285900116,0.7307744026184082,0.2836134135723114,0.7600674033164978,0.2685355246067047,0.7647704482078552,0.2152416855096817,0.7593859434127808,0.2447245717048645,0.7523654699325562,0.2808360159397125,fine
0.7272344827651978,0.41793155670166016,0.674015462398529,0.37468045949935913,0.6516932845115662,0.30152904987335205,0.6693633794784546,0.24299569427967072,0.6896542310714722,0.21102367341518402,0.6632681488990784,0.24944236874580383,0.6649576425552368,0.17915070056915283,0.6776354908943176,0.2222689986228943,0.6827676892280579,0.26726120710372925,0.698982834815979,0.24686916172504425,0.7053205966949463,0.18149138987064362,0.7096000909805298,0.24299944937229156,0.7058101892471313,0.29141998291015625,0.7327605485916138,0.2528649568557739,0.7379747629165649,0.1955166757106781,0.7344231605529785,0.2552489638328552,0.7278190851211548,0.3007337749004364,0.7660576105117798,0.2674437165260315,0.769508421421051,0.21775327622890472,0.7613364458084106,0.2569425106048584,0.7528521418571472,0.29238465428352356,fine
0.7264318466186523,0.4235874116420746,0.6715921759605408,0.38677239418029785,0.6442065834999084,0.3218037784099579,0.6580334305763245,0.2644365429878235,0.6811614036560059,0.23813371360301971,0.6614866852760315,0.26244667172431946,0.6583927273750305,0.19244477152824402,0.6664989590644836,0.23138725757598877,0.6704367399215698,0.27409428358078003,0.6970858573913574,0.26286694407463074,0.6996891498565674,0.20545697212219238,0.7011330127716064,0.2678026556968689,0.6975984573364258,0.31381872296333313,0.7301480770111084,0.27126526832580566,0.7325006723403931,0.22257818281650543,0.7274593710899353,0.28574469685554504,0.7205873131752014,0.3298526406288147,0.7626092433929443,0.28745925426483154,0.7631053924560547,0.24566958844661713,0.7536031007766724,0.2885231673717499,0.7444539070129395,0.32304152846336365,fine
0.7272823452949524,0.4198548197746277,0.6737082600593567,0.38338208198547363,0.6447767019271851,0.31934869289398193,0.658168375492096,0.26313337683677673,0.6861684322357178,0.2382856011390686,0.6626742482185364,0.25907036662101746,0.6593974828720093,0.18666577339172363,0.668205738067627,0.22590135037899017,0.673242449760437,0.26875966787338257,0.6987936496734619,0.2594127357006073,0.7028467059135437,0.20135673880577087,0.7044121026992798,0.26467058062553406,0.7008068561553955,0.31097713112831116,0.7323347330093384,0.26753684878349304,0.7352501749992371,0.21858695149421692,0.7307572960853577,0.2826344668865204,0.7241451740264893,0.3262665271759033,0.7653709053993225,0.28377842903137207,0.7658255696296692,0.24268752336502075,0.7567261457443237,0.28677254915237427,0.7479634881019592,0.32061436772346497,fine
0.7292770147323608,0.42477476596832275,0.6761717200279236,0.3888248801231384,0.6456725001335144,0.3264992833137512,0.6549889445304871,0.2681090831756592,0.6778805255889893,0.24077269434928894,0.6671473383903503,0.26158615946769714,0.6644355058670044,0.19207194447517395,0.6734817028045654,0.22735357284545898,0.6776696443557739,0.26952892541885376,0.7029186487197876,0.2641606330871582,0.7063234448432922,0.2098582535982132,0.707609236240387,0.2723742723464966,0.7034590840339661,0.3171703815460205,0.7357228994369507,0.2730790078639984,0.7391183972358704,0.22510559856891632,0.7342420816421509,0.2878614366054535,0.7279977202415466,0.33074086904525757,0.768455982208252,0.28939536213874817,0.7697020173072815,0.24785877764225006,0.7608788013458252,0.29106658697128296,0.7523977756500244,0.32438406348228455,fine
0.728972315788269,0.4395865797996521,0.6730301380157471,0.40586820244789124,0.6322424411773682,0.3437666594982147,0.6333857178688049,0.27761033177375793,0.66629958152771,0.2736476957798004,0.6678844690322876,0.26949524879455566,0.6715487241744995,0.20514529943466187,0.6762717962265015,0.25784075260162354,0.6754223108291626,0.3015214800834656,0.7038218975067139,0.27307865023612976,0.7081730961799622,0.2206421196460724,0.7080195546150208,0.2889458239078522,0.7007189989089966,0.33010753989219666,0.7369944453239441,0.2821349799633026,0.7415180206298828,0.23173043131828308,0.735224723815918,0.29740771651268005,0.7251281142234802,0.3391312062740326,0.7685778141021729,0.2992396354675293,0.7706444263458252,0.2568133771419525,0.7621549367904663,0.30035561323165894,0.7531148791313171,0.33279791474342346,fine
0.7252943515777588,0.43193739652633667,0.6695979833602905,0.3986135423183441,0.6287394762039185,0.337267130613327,0.6304315328598022,0.27029818296432495,0.6627841591835022,0.2637450695037842,0.6639909148216248,0.26142582297325134,0.6681128740310669,0.19798673689365387,0.6740292906761169,0.24957601726055145,0.6733182668685913,0.29372161626815796,0.7001251578330994,0.2651888132095337,0.7052596211433411,0.21421629190444946,0.7059528827667236,0.282220721244812,0.6979134678840637,0.3243577182292938,0.7331674695014954,0.2744888365268707,0.7386180758476257,0.22529400885105133,0.7328175902366638,0.29045161604881287,0.7218396067619324,0.3324469327926636,0.7643750905990601,0.29178711771965027,0.7676231861114502,0.25026628375053406,0.7597290277481079,0.29384562373161316,0.7500398755073547,0.3258340358734131,fine
0.7228193283081055,0.4397646188735962,0.66591477394104,0.40333083271980286,0.6259215474128723,0.3454791307449341,0.6283155083656311,0.2785840928554535,0.6613249182701111,0.2741867005825043,0.6613674759864807,0.27008211612701416,0.6639578938484192,0.20656967163085938,0.6696704626083374,0.25866156816482544,0.6694216728210449,0.302255779504776,0.6968381404876709,0.272649884223938,0.7001414895057678,0.22200581431388855,0.7012280821800232,0.2908990681171417,0.6940402984619141,0.33120620250701904,0.7296232581138611,0.28213879466056824,0.7338624000549316,0.23335051536560059,0.72822505235672,0.29836592078208923,0.7185391783714294,0.3400076627731323,0.7609091401100159,0.3005561828613281,0.7635602355003357,0.2587282061576843,0.755027711391449,0.3014783561229706,0.7455663084983826,0.33268970251083374,fine
0.7230479717254639,0.4375402331352234,0.667245090007782,0.40404993295669556,0.6240305304527283,0.349619597196579,0.6200809478759766,0.28110072016716003,0.6557232141494751,0.2702350914478302,0.659991443157196,0.2690439820289612,0.663169264793396,0.2023066282272339,0.6668168902397156,0.2549896240234375,0.6665827035903931,0.30039381980895996,0.695835292339325,0.27247801423072815,0.6991106867790222,0.22020065784454346,0.6989567279815674,0.28790482878685,0.692573606967926,0.3291690945625305,0.7290256023406982,0.2813555896282196,0.7334253787994385,0.23183205723762512,0.7269899845123291,0.2956812083721161,0.7173105478286743,0.3371860682964325,0.7612171173095703,0.2994738817214966,0.763280987739563,0.2583710253238678,0.7545930743217468,0.30098292231559753,0.7450672388076782,0.33259227871894836,fine
0.7170782685279846,0.4454009532928467,0.6618229746818542,0.4138451814651489,0.6174448728561401,0.3633876144886017,0.608687162399292,0.2930407226085663,0.6415314674377441,0.27866774797439575,0.6531803011894226,0.28049078583717346,0.6546337604522705,0.21488164365291595,0.6586235165596008,0.26623016595840454,0.6589566469192505,0.3111330270767212,0.6879709362983704,0.2829268276691437,0.6898878812789917,0.23425054550170898,0.6917643547058105,0.30230236053466797,0.6868199706077576,0.33969488739967346,0.7202186584472656,0.29112064838409424,0.7228095531463623,0.245431050658226,0.7183387279510498,0.30943751335144043,0.7107134461402893,0.3476206958293915,0.7521200776100159,0.3085783123970032,0.7533476948738098,0.2663670778274536,0.7457414269447327,0.30892229080200195,0.7369990348815918,0.3385249674320221,fine
0.6995320916175842,0.46369874477386475,0.6457291841506958,0.4326704740524292,0.6048284769058228,0.3837268650531769,0.5961403846740723,0.31699228286743164,0.6269232630729675,0.30051174759864807,0.6381195783615112,0.30663371086120605,0.6406971216201782,0.24084562063217163,0.6439411044120789,0.2879898250102997,0.6447920799255371,0.3315635621547699,0.6716788411140442,0.30970996618270874,0.675048828125,0.2581431567668915,0.6754270792007446,0.322444349527359,0.6706936955451965,0.36344051361083984,0.7028972506523132,0.31763872504234314,0.7062103748321533,0.2705599367618561,0.7005682587623596,0.3315451145172119,0.6927862167358398,0.37178075313568115,0.7336246371269226,0.33392196893692017,0.7347244024276733,0.29448047280311584,0.7267389297485352,0.3348299562931061,0.7188419699668884,0.3646520674228668,fine
0.6905270218849182,0.47974878549575806,0.6377686858177185,0.448272168636322,0.5967988967895508,0.3976154625415802,0.5861603617668152,0.33360958099365234,0.6146359443664551,0.3184467852115631,0.6295320987701416,0.3242676854133606,0.6328087449073792,0.2620965540409088,0.6376292109489441,0.30921104550361633,0.6371028423309326,0.3502406179904938,0.6631410121917725,0.32786259055137634,0.6672312021255493,0.2792637348175049,0.6682481169700623,0.34118834137916565,0.6615121960639954,0.3777046501636505,0.6950153112411499,0.33530229330062866,0.6979137659072876,0.28938496112823486,0.6938180923461914,0.34860050678253174,0.6853440403938293,0.3848518431186676,0.725044846534729,0.3503316044807434,0.7260380387306213,0.31164535880088806,0.7190561294555664,0.35177329182624817,0.7110055685043335,0.37986499071121216,fine
0.6800408959388733,0.46432095766067505,0.6289453506469727,0.433195024728775,0.5879837274551392,0.38286784291267395,0.5745962858200073,0.3203025758266449,0.6006615161895752,0.30048730969429016,0.6213008165359497,0.30845504999160767,0.6249272227287292,0.24650214612483978,0.6291159987449646,0.2961474061012268,0.628292441368103,0.3363080620765686,0.6552910804748535,0.31305646896362305,0.6604901552200317,0.26556533575057983,0.6603084802627563,0.3295644223690033,0.6524940133094788,0.36327433586120605,0.6872460246086121,0.3212438225746155,0.6910703778266907,0.2765771746635437,0.6862155199050903,0.3370952308177948,0.6772686839103699,0.3699286878108978,0.7170776724815369,0.336821585893631,0.7190791368484497,0.298572838306427,0.7118704319000244,0.3400050401687622,0.7039067149162292,0.365688681602478,fine
0.6762688755989075,0.481550395488739,0.6236307621002197,0.4546859562397003,0.5804640650749207,0.4018959105014801,0.5695174336433411,0.33655232191085815,0.5986766219139099,0.31837475299835205,0.61637943983078,0.32882094383239746,0.6202027201652527,0.2647293210029602,0.6233763694763184,0.3180050849914551,0.6225712895393372,0.3607141077518463,0.6497734785079956,0.332707941532135,0.6538661122322083,0.281942754983902,0.6544219851493835,0.34908321499824524,0.6491642594337463,0.3842697739601135,0.6803379058837891,0.3403061330318451,0.6849038600921631,0.293167382478714,0.6801936030387878,0.3565729856491089,0.672335684299469,0.3911704123020172,0.7110486030578613,0.3552376627922058,0.71363765001297,0.3151727616786957,0.7067583203315735,0.35698840022087097,0.6985587477684021,0.3835996985435486,fine
0.6768707633018494,0.4545721113681793,0.6232762336730957,0.41740381717681885,0.5819132328033447,0.36844322085380554,0.5683339238166809,0.3005109131336212,0.5968122482299805,0.2847619354724884,0.6160596609115601,0.2893718183040619,0.6206455826759338,0.232610821723938,0.6222783923149109,0.2871450185775757,0.6211640238761902,0.32597580552101135,0.6499654650688171,0.29339995980262756,0.6547939777374268,0.2461872696876526,0.6533618569374084,0.3152528703212738,0.6464098691940308,0.34646549820899963,0.6824353933334351,0.30336257815361023,0.6869857907295227,0.2606571912765503,0.6807885766029358,0.32357242703437805,0.6725910902023315,0.35520192980766296,0.7125658392906189,0.3228106200695038,0.7161998152732849,0.2842109203338623,0.7077157497406006,0.32753661274909973,0.6990247964859009,0.35142242908477783,fine
0.6855494976043701,0.500881552696228,0.6340281963348389,0.4630216360092163,0.5940199494361877,0.4121888279914856,0.5813201069831848,0.3450542390346527,0.6083340048789978,0.32476571202278137,0.6291292309761047,0.3345277011394501,0.6356406211853027,0.27683526277542114,0.6370543837547302,0.33003976941108704,0.6351673007011414,0.3697058856487274,0.663299560546875,0.34048521518707275,0.6705255508422852,0.2927314043045044,0.6679322719573975,0.3610917925834656,0.6594390273094177,0.3929024934768677,0.6955337524414062,0.35126879811286926,0.7024041414260864,0.30776962637901306,0.6948451399803162,0.37017643451690674,0.6849038004875183,0.4015938639640808,0.7251662611961365,0.37086397409439087,0.730972170829773,0.3317483067512512,0.7215339541435242,0.3745418190956116,0.7113961577415466,0.39861762523651123,fine
0.7040091156959534,0.4966805577278137,0.6514738202095032,0.46686235070228577,0.6086552739143372,0.41276225447654724,0.5989006161689758,0.34448739886283875,0.6278077363967896,0.3214428424835205,0.6484684944152832,0.33246535062789917,0.654951810836792,0.27158209681510925,0.655889093875885,0.32735633850097656,0.6545948386192322,0.3704724907875061,0.6832382082939148,0.33868053555488586,0.6909618973731995,0.28838372230529785,0.6875398755073547,0.3605429232120514,0.6808152794837952,0.3956945836544037,0.7144925594329834,0.3491513431072235,0.7230098843574524,0.30487969517707825,0.7142987251281738,0.370926171541214,0.7048367261886597,0.4034353494644165,0.7448854446411133,0.3673626780509949,0.7504987120628357,0.32946085929870605,0.7416999340057373,0.37441548705101013,0.7321251034736633,0.39871451258659363,fine
0.7248916029930115,0.47509822249412537,0.6694342494010925,0.43886345624923706,0.6235043406486511,0.39843106269836426,0.6059873700141907,0.3303268551826477,0.6335819363594055,0.30381184816360474,0.6513144373893738,0.31003957986831665,0.6554838418960571,0.2545645236968994,0.6609392762184143,0.3107660114765167,0.6609079241752625,0.3514733612537384,0.6872038841247559,0.3084432780742645,0.6918758153915405,0.2629966139793396,0.6951123476028442,0.336102694272995,0.6876816153526306,0.36641260981559753,0.7207096219062805,0.3138576149940491,0.727701723575592,0.27354782819747925,0.7233996391296387,0.3392789363861084,0.7130081653594971,0.37184688448905945,0.7518460750579834,0.3301929831504822,0.7577257752418518,0.2923595607280731,0.7509218454360962,0.33799517154693604,0.7390722036361694,0.3619588315486908,fine
0.7609795331954956,0.4235103130340576,0.7006461024284363,0.3924352824687958,0.6512153148651123,0.3553082048892975,0.6299072504043579,0.2868803143501282,0.6587066650390625,0.25858074426651,0.6782888174057007,0.2612782120704651,0.6778779029846191,0.20291657745838165,0.68679279088974,0.2602584660053253,0.6908493041992188,0.30428093671798706,0.7158483266830444,0.25509849190711975,0.7167123556137085,0.20759764313697815,0.7238790988922119,0.2835144102573395,0.721224308013916,0.31859514117240906,0.7508901357650757,0.2586286962032318,0.7545902132987976,0.21764376759529114,0.7536488175392151,0.28662681579589844,0.7478104829788208,0.32199621200561523,0.7855753302574158,0.27386876940727234,0.7871731519699097,0.23500502109527588,0.782439112663269,0.28341659903526306,0.7737317085266113,0.30914413928985596,fine
0.7738254070281982,0.4123586118221283,0.7122974395751953,0.39050331711769104,0.6606059074401855,0.34463101625442505,0.63959139585495,0.2733933627605438,0.669166088104248,0.2485325187444687,0.6908302307128906,0.253516286611557,0.6849088668823242,0.1894223541021347,0.6934213638305664,0.2500159740447998,0.6981307864189148,0.29028162360191345,0.728226900100708,0.25033754110336304,0.7244543433189392,0.1977347731590271,0.7308593392372131,0.274014413356781,0.7287504076957703,0.3051617443561554,0.7634267210960388,0.25289446115493774,0.7615340352058411,0.2067432403564453,0.7613622546195984,0.2791432738304138,0.7578445076942444,0.31155651807785034,0.8000569939613342,0.26400095224380493,0.7961207628250122,0.22467376291751862,0.7917001247406006,0.27425944805145264,0.7874179482460022,0.3010382652282715,fine
0.7493183016777039,0.4072358012199402,0.6930654644966125,0.3690871000289917,0.6622886657714844,0.2942739725112915,0.6795798540115356,0.23489278554916382,0.717555820941925,0.21991944313049316,0.671420156955719,0.23134154081344604,0.6540086269378662,0.1594344675540924,0.6585755348205566,0.20133838057518005,0.6682217717170715,0.24266524612903595,0.7034518122673035,0.2156260907649994,0.6897917985916138,0.13219308853149414,0.6888489127159119,0.1772175282239914,0.695222020149231,0.22156496345996857,0.7379431128501892,0.2120831459760666,0.7309897541999817,0.12560631334781647,0.7209910750389099,0.1614636778831482,0.7210315465927124,0.20629265904426575,0.7747312188148499,0.2180531620979309,0.768632173538208,0.14983603358268738,0.7522867918014526,0.16260510683059692,0.7449502348899841,0.19652059674263,fine
0.7375009059906006,0.41486865282058716,0.6769768595695496,0.3923852741718292,0.6365301012992859,0.3204164206981659,0.6496645212173462,0.2591392993927002,0.6774147748947144,0.22396817803382874,0.6383097171783447,0.2607521414756775,0.6278281807899475,0.19829097390174866,0.6465344429016113,0.25412067770957947,0.6580248475074768,0.29883873462677,0.6787909269332886,0.24675102531909943,0.6717373132705688,0.17955061793327332,0.6837891936302185,0.2558198571205139,0.6863629817962646,0.30188557505607605,0.719636857509613,0.245443195104599,0.714291512966156,0.18680022656917572,0.718005359172821,0.26444268226623535,0.714356005191803,0.3087110221385956,0.7596808075904846,0.25361061096191406,0.7541712522506714,0.21480318903923035,0.7501204609870911,0.2668941020965576,0.7441014051437378,0.29861122369766235,fine
0.7261108160018921,0.41700106859207153,0.6752358675003052,0.3871139883995056,0.649791419506073,0.30170443654060364,0.6856716275215149,0.2391471415758133,0.7251773476600647,0.20512524247169495,0.6410720348358154,0.25618624687194824,0.6258998513221741,0.19557178020477295,0.6473941206932068,0.24692179262638092,0.6624321937561035,0.28789636492729187,0.6745744347572327,0.23250903189182281,0.6571097373962402,0.16041907668113708,0.6754890084266663,0.22683267295360565,0.6864822506904602,0.27181169390678406,0.7107915878295898,0.22277945280075073,0.6974620223045349,0.1405523419380188,0.7053555250167847,0.2004115879535675,0.7111645936965942,0.24809935688972473,0.7485641837120056,0.22293898463249207,0.7396549582481384,0.15890279412269592,0.7349762320518494,0.19197294116020203,0.7320833206176758,0.22927166521549225,fine
0.7218554615974426,0.42527124285697937,0.6728343963623047,0.3923507630825043,0.6511606574058533,0.31854403018951416,0.6813014149665833,0.25845134258270264,0.7120621204376221,0.21646738052368164,0.6356770992279053,0.2705215513706207,0.6209842562675476,0.2273351401090622,0.641216516494751,0.2828366160392761,0.6577763557434082,0.3300708532333374,0.6717439293861389,0.2519330382347107,0.6560346484184265,0.19155636429786682,0.6714212894439697,0.2603030800819397,0.6835742592811584,0.30949681997299194,0.7124003767967224,0.2494955211877823,0.7054410576820374,0.19031165540218353,0.7096800804138184,0.26266714930534363,0.7100163102149963,0.31110963225364685,0.7525180578231812,0.25724679231643677,0.7459884881973267,0.21489392220973969,0.7405223846435547,0.26181164383888245,0.7352131009101868,0.29529640078544617,fine
0.7204157114028931,0.427207887172699,0.6724006533622742,0.3952903151512146,0.650870680809021,0.32203033566474915,0.6807570457458496,0.26093822717666626,0.7103843688964844,0.21746176481246948,0.6343629956245422,0.2759017050266266,0.6180285811424255,0.23213157057762146,0.6392318606376648,0.28567928075790405,0.6563816070556641,0.3306220769882202,0.6702234745025635,0.2569645643234253,0.6531209349632263,0.1949719488620758,0.6690118312835693,0.2620624303817749,0.6813738942146301,0.30902689695358276,0.7106717228889465,0.25442612171173096,0.7039731740951538,0.19467458128929138,0.7085871696472168,0.2670249342918396,0.7088569402694702,0.3144393563270569,0.7509264945983887,0.2618541121482849,0.7445436120033264,0.2185640037059784,0.7396985292434692,0.26511502265930176,0.7348091006278992,0.29771456122398376,fine
0.7207190990447998,0.428268164396286,0.6736576557159424,0.39730095863342285,0.6513494849205017,0.3245071768760681,0.6796766519546509,0.26256099343299866,0.7081779837608337,0.21747362613677979,0.6343532204627991,0.2755603790283203,0.6178996562957764,0.23289069533348083,0.6383743286132812,0.2849988341331482,0.6557002067565918,0.32804906368255615,0.670555055141449,0.2571069300174713,0.6527779698371887,0.1956368088722229,0.667769730091095,0.2629745900630951,0.6800819635391235,0.30783379077911377,0.7108370065689087,0.2552497684955597,0.7038468718528748,0.19570299983024597,0.7076162099838257,0.26718035340309143,0.7079002857208252,0.3119998872280121,0.7510356903076172,0.2634408473968506,0.744278073310852,0.21885502338409424,0.7390587329864502,0.2645787298679352,0.7341386675834656,0.2959357500076294,fine
0.7204583287239075,0.4238089919090271,0.6727235317230225,0.3938802182674408,0.6494702100753784,0.32220011949539185,0.6762495040893555,0.26057082414627075,0.7048777341842651,0.21643468737602234,0.6339390277862549,0.2725178599357605,0.618009090423584,0.23030732572078705,0.6385627388954163,0.28314733505249023,0.6551209092140198,0.32596778869628906,0.6702724099159241,0.2542315125465393,0.6522562503814697,0.1930484026670456,0.6676989793777466,0.26120874285697937,0.6796966195106506,0.3055837154388428,0.7107431888580322,0.2524389624595642,0.7036327719688416,0.19256576895713806,0.707557201385498,0.2652381956577301,0.707308828830719,0.31023070216178894,0.7508313059806824,0.26085659861564636,0.7443203926086426,0.21761392056941986,0.738682746887207,0.26441651582717896,0.7330039739608765,0.29587626457214355,fine
0.7251017093658447,0.4111677408218384,0.6761788129806519,0.38162535429000854,0.6530975103378296,0.30875810980796814,0.6806833148002625,0.24536539614200592,0.7096747159957886,0.20071539282798767,0.639411211013794,0.25934797525405884,0.6229850649833679,0.213395893573761,0.642816424369812,0.26512953639030457,0.6592913269996643,0.30899250507354736,0.6751042604446411,0.2420484870672226,0.6570550203323364,0.17681488394737244,0.6707794070243835,0.24329660832881927,0.6826651692390442,0.29070016741752625,0.7150309681892395,0.24104711413383484,0.7081825137138367,0.17968878149986267,0.7109378576278687,0.2513965368270874,0.7108635902404785,0.2981534004211426,0.7548224329948425,0.25049492716789246,0.7478547096252441,0.2061307728290558,0.7427760362625122,0.25248900055885315,0.7384824156761169,0.2850250005722046,fine
0.7257406115531921,0.4164443016052246,0.6770725846290588,0.3859221041202545,0.6535391211509705,0.31613296270370483,0.6792896389961243,0.25395768880844116,0.7080584764480591,0.21049942076206207,0.64164137840271,0.2644451856613159,0.623543381690979,0.21834176778793335,0.6427130699157715,0.2718299925327301,0.6592459082603455,0.31628164649009705,0.6767573356628418,0.24773725867271423,0.6583685874938965,0.18397417664527893,0.6713326573371887,0.25131934881210327,0.6831516623497009,0.29816603660583496,0.7163074612617493,0.24698112905025482,0.7086500525474548,0.18620868027210236,0.7102593779563904,0.2575152516365051,0.7100781202316284,0.30393531918525696,0.7558565139770508,0.25665366649627686,0.7493181824684143,0.2123493254184723,0.7429589033126831,0.25841885805130005,0.73804771900177,0.29116156697273254,fine
0.7355889081954956,0.42196622490882874,0.6759857535362244,0.3947228193283081,0.6282312870025635,0.3402611017227173,0.6085252165794373,0.26579517126083374,0.6357832551002502,0.2278331220149994,0.6550341844558716,0.23493148386478424,0.644459068775177,0.15717720985412598,0.6443271636962891,0.14993789792060852,0.6521081328392029,0.18295349180698395,0.6936002373695374,0.23227167129516602,0.6878380179405212,0.15153896808624268,0.6896215081214905,0.1973053514957428,0.6928719878196716,0.25084373354911804,0.731285572052002,0.2430604249238968,0.7275558114051819,0.18293772637844086,0.7250598669052124,0.2464965581893921,0.7225139141082764,0.3013772666454315,0.771314799785614,0.26435166597366333,0.7616937160491943,0.22348833084106445,0.7542836666107178,0.2665235102176666,0.748666524887085,0.3059996962547302,fine
0.7500314712524414,0.4219604730606079,0.6855337023735046,0.38170182704925537,0.6464979648590088,0.30613788962364197,0.6280195116996765,0.22817090153694153,0.6025360822677612,0.1861795336008072,0.6701675653457642,0.2555924654006958,0.6683812737464905,0.1986044943332672,0.6806195974349976,0.25808465480804443,0.6871375441551208,0.29889675974845886,0.7099368572235107,0.25412487983703613,0.7099642157554626,0.20281074941158295,0.7156277298927307,0.27974733710289,0.7150273323059082,0.31693777441978455,0.7458056807518005,0.2606731653213501,0.7484304904937744,0.20850792527198792,0.7449013590812683,0.28217801451683044,0.7402422428131104,0.3205203711986542,0.7815370559692383,0.27363112568855286,0.7823270559310913,0.23388433456420898,0.7751798033714294,0.28427448868751526,0.7685084939002991,0.3128570020198822,fine
0.749264657497406,0.43352657556533813,0.6850402355194092,0.39357486367225647,0.634377658367157,0.3331471383571625,0.594008207321167,0.27341529726982117,0.5579685568809509,0.252672404050827,0.6616926789283752,0.27081096172332764,0.6643038988113403,0.22043204307556152,0.6747221946716309,0.2787816524505615,0.6794682145118713,0.3205941915512085,0.6998705863952637,0.26528191566467285,0.6998679637908936,0.21809116005897522,0.7075189352035522,0.29425859451293945,0.709006130695343,0.33170589804649353,0.7366237044334412,0.2695257365703583,0.7384814620018005,0.22259590029716492,0.7381228804588318,0.29325446486473083,0.7354952096939087,0.3329533636569977,0.7728211879730225,0.28202763199806213,0.7730798721313477,0.24229152500629425,0.7667137980461121,0.29119160771369934,0.7610682249069214,0.31963005661964417,fine
0.7527768611907959,0.42901116609573364,0.6868544220924377,0.3899419605731964,0.6328268647193909,0.33676669001579285,0.5903468132019043,0.27950114011764526,0.553945004940033,0.25947055220603943,0.6625263094902039,0.2639438807964325,0.6639915108680725,0.21102465689182281,0.6746517419815063,0.27089723944664,0.6802920699119568,0.31321263313293457,0.701560914516449,0.2571749985218048,0.7006197571754456,0.2078905701637268,0.7084891200065613,0.2879462242126465,0.7107629179954529,0.3243688941001892,0.7378421425819397,0.26273113489151,0.7388412356376648,0.21312648057937622,0.738385796546936,0.28553441166877747,0.7366833090782166,0.32356542348861694,0.7738789319992065,0.27710315585136414,0.7736565470695496,0.23405277729034424,0.7665396332740784,0.2834731340408325,0.7600274085998535,0.30991610884666443,fine
0.7507462501525879,0.43527737259864807,0.6865767240524292,0.4012310206890106,0.6316480040550232,0.3494737148284912,0.5875806212425232,0.29350876808166504,0.5501636266708374,0.2762128412723541,0.659325122833252,0.2729519009590149,0.6639048457145691,0.22265562415122986,0.6740399599075317,0.28374847769737244,0.6771024465560913,0.3257789611816406,0.6994097828865051,0.2667391300201416,0.6997848153114319,0.21867507696151733,0.7073050737380981,0.2966848313808441,0.706372857093811,0.33093854784965515,0.7370656728744507,0.2698402404785156,0.7388832569122314,0.22288617491722107,0.7387326955795288,0.2940594255924225,0.7340214252471924,0.33056530356407166,0.7732144594192505,0.28175830841064453,0.7732837796211243,0.24173277616500854,0.7682836055755615,0.29129496216773987,0.7618761658668518,0.31767401099205017,fine
0.7485935091972351,0.4340348243713379,0.6852172017097473,0.3973373472690582,0.6337345838546753,0.3380475640296936,0.5953294038772583,0.27803289890289307,0.5614181756973267,0.25404128432273865,0.660781741142273,0.2743620276451111,0.66624915599823,0.22615259885787964,0.6739116311073303,0.2860352694988251,0.6748102903366089,0.3262934684753418,0.7002989053726196,0.2704610824584961,0.7028261423110962,0.22241735458374023,0.7080892324447632,0.29840436577796936,0.7053402662277222,0.3326350748538971,0.7371997833251953,0.27342790365219116,0.7405228614807129,0.2264227569103241,0.7392607927322388,0.29738032817840576,0.7334809303283691,0.3332074284553528,0.7730257511138916,0.2846345603466034,0.7741473317146301,0.24645555019378662,0.7685562968254089,0.2970280945301056,0.7615903615951538,0.3240748345851898,fine
0.7444232702255249,0.42334967851638794,0.6796919703483582,0.3873444199562073,0.6377235651016235,0.31799912452697754,0.6183679699897766,0.2422557920217514,0.5936782360076904,0.1977645307779312,0.6646676063537598,0.26595640182495117,0.6644405126571655,0.21459238231182098,0.6745886206626892,0.2735540568828583,0.6811161041259766,0.3142753839492798,0.7032610177993774,0.2614731788635254,0.7029380798339844,0.2129116654396057,0.707970380783081,0.28618255257606506,0.7097453474998474,0.3242360055446625,0.7382188439369202,0.26561203598976135,0.7401214241981506,0.2159777581691742,0.737063467502594,0.2856270670890808,0.7339880466461182,0.3240021765232086,0.7731316089630127,0.2775081694126129,0.7736227512359619,0.23649504780769348,0.7665666937828064,0.2848235070705414,0.7605324387550354,0.3143920302391052,fine
0.7402280569076538,0.41920924186706543,0.6787925958633423,0.3850213587284088,0.6385594010353088,0.3132604956626892,0.626584529876709,0.23543861508369446,0.6180195808410645,0.17742811143398285,0.6612499952316284,0.256264865398407,0.662851095199585,0.2035207450389862,0.6728657484054565,0.2608881890773773,0.6785727143287659,0.3054300546646118,0.6993874907493591,0.2528091371059418,0.6995755434036255,0.2044866979122162,0.7056961059570312,0.27747929096221924,0.7074910998344421,0.3181300461292267,0.734383225440979,0.2571617364883423,0.7363656163215637,0.20813044905662537,0.7339177131652832,0.2792940139770508,0.7305492162704468,0.32121431827545166,0.7699247598648071,0.26938503980636597,0.7702491283416748,0.22761458158493042,0.7632619738578796,0.27545365691185,0.7565057277679443,0.307704895734787,fine
0.7341773509979248,0.4174509048461914,0.6763331294059753,0.3823537528514862,0.6333745121955872,0.3155164420604706,0.621086061000824,0.23951487243175507,0.6390554308891296,0.18433862924575806,0.6606667041778564,0.25598835945129395,0.6639194488525391,0.2080537974834442,0.6720702648162842,0.2598799467086792,0.6759817004203796,0.3017403781414032,0.6975585222244263,0.25313800573349,0.6989951729774475,0.2087520956993103,0.7054455876350403,0.2802000641822815,0.706491231918335,0.3212489187717438,0.7329596877098083,0.25727197527885437,0.7358757853507996,0.21213853359222412,0.7346845269203186,0.28198155760765076,0.7307297587394714,0.3226844072341919,0.7689447999000549,0.2707008421421051,0.7691666483879089,0.23250582814216614,0.7638325095176697,0.2813411056995392,0.757820725440979,0.3124000132083893,fine
0.7349701523780823,0.4099573493003845,0.6769677400588989,0.371792197227478,0.6350700259208679,0.3032550811767578,0.6251013278961182,0.22531521320343018,0.6416774392127991,0.17123445868492126,0.6627248525619507,0.24299544095993042,0.6640709638595581,0.1938566416501999,0.6732016205787659,0.2502157390117645,0.678783655166626,0.2932077646255493,0.6994898319244385,0.24012216925621033,0.700014054775238,0.19551317393779755,0.7063692808151245,0.2700955867767334,0.7079031467437744,0.3112134337425232,0.7347544431686401,0.24547822773456573,0.7367914915084839,0.19957590103149414,0.7344915866851807,0.2714056968688965,0.7311577200889587,0.31341055035591125,0.7714374661445618,0.260072261095047,0.7699517607688904,0.22036641836166382,0.7630682587623596,0.26915061473846436,0.7568254470825195,0.29990437626838684,fine
0.7353774905204773,0.4076308608055115,0.6786363124847412,0.37835320830345154,0.6347883939743042,0.3084852695465088,0.6242396235466003,0.23144106566905975,0.6431543231010437,0.17644959688186646,0.6645749807357788,0.24837595224380493,0.6693309545516968,0.1995660364627838,0.6759907007217407,0.2491963803768158,0.679304301738739,0.29014667868614197,0.7018303871154785,0.24705752730369568,0.7027500867843628,0.19889605045318604,0.7081501483917236,0.26995614171028137,0.7096295952796936,0.3122088611125946,0.7369979023933411,0.25231999158859253,0.7388761043548584,0.20327940583229065,0.7374978065490723,0.27524182200431824,0.7338552474975586,0.31809088587760925,0.7726494073867798,0.2654591202735901,0.7721210718154907,0.22529493272304535,0.7665731906890869,0.2744899094104767,0.7606216073036194,0.3061958849430084,fine
0.7372549772262573,0.41631177067756653,0.6783626079559326,0.3728887736797333,0.6380070447921753,0.3079254925251007,0.627865195274353,0.23055191338062286,0.6461496949195862,0.17621970176696777,0.6689064502716064,0.24995356798171997,0.6696401834487915,0.20006144046783447,0.6761958599090576,0.2523001730442047,0.6807993650436401,0.2962028384208679,0.7047119140625,0.24760322272777557,0.7042482495307922,0.20325931906700134,0.7080318927764893,0.2740710973739624,0.709125280380249,0.3170880079269409,0.7390266060829163,0.2538088262081146,0.7404922246932983,0.20743602514266968,0.7362236976623535,0.27750667929649353,0.7319909930229187,0.3209858238697052,0.7749460935592651,0.27038028836250305,0.7740465998649597,0.22938449680805206,0.7647929787635803,0.2776598036289215,0.756809413433075,0.31025975942611694,fine
0.7385152578353882,0.4178553819656372,0.6803497672080994,0.3757703900337219,0.6388499140739441,0.30935198068618774,0.6285451650619507,0.23139888048171997,0.6475555896759033,0.17903974652290344,0.6691124439239502,0.25074076652526855,0.670002281665802,0.20095250010490417,0.6775372624397278,0.2546525001525879,0.6823343634605408,0.2977119982242584,0.7054560780525208,0.24877500534057617,0.7050375938415527,0.20363563299179077,0.7097843289375305,0.2768493890762329,0.7110459804534912,0.31945618987083435,0.7398815751075745,0.25489094853401184,0.7418359518051147,0.2074321210384369,0.7378106117248535,0.2782008945941925,0.7339845299720764,0.322611540555954,0.7753351926803589,0.27079063653945923,0.7751391530036926,0.22927537560462952,0.766171395778656,0.27568915486335754,0.7582756876945496,0.3078283667564392,fine
0.7409960031509399,0.4120241105556488,0.6831244826316833,0.37568190693855286,0.6407447457313538,0.3062821328639984,0.6318382620811462,0.2291470468044281,0.650402307510376,0.17540234327316284,0.670384407043457,0.24737215042114258,0.6746742725372314,0.19996300339698792,0.6821803450584412,0.2515476644039154,0.6853293180465698,0.29383814334869385,0.7072352766990662,0.24699798226356506,0.708885908126831,0.20131972432136536,0.7139382362365723,0.27243953943252563,0.7140305042266846,0.3137890100479126,0.7421677708625793,0.25301504135131836,0.7452995777130127,0.20620399713516235,0.7426363229751587,0.2762000560760498,0.7378882765769958,0.3176702558994293,0.7774243354797363,0.2675822973251343,0.7774062156677246,0.2288757562637329,0.7709196209907532,0.2761118412017822,0.7645738124847412,0.3061341643333435,fine
0.7422252297401428,0.4132278561592102,0.6848196983337402,0.3661169409751892,0.644986629486084,0.30148518085479736,0.6357074975967407,0.22257418930530548,0.6549118757247925,0.17028871178627014,0.6749516725540161,0.24352458119392395,0.6774608492851257,0.19530510902404785,0.6847664713859558,0.2511185109615326,0.6895220279693604,0.2929665446281433,0.7111603021621704,0.24188658595085144,0.712536633014679,0.19713297486305237,0.7168056964874268,0.27163684368133545,0.7168922424316406,0.3117021918296814,0.7452091574668884,0.24924081563949585,0.7489275336265564,0.2029985785484314,0.7445296049118042,0.2732195556163788,0.7401416301727295,0.3146333396434784,0.780702531337738,0.26678842306137085,0.7814913988113403,0.2250918447971344,0.7731223702430725,0.2714991569519043,0.7654929161071777,0.3004817068576813,fine
0.7423906326293945,0.40055277943611145,0.6869624853134155,0.36158937215805054,0.6473819613456726,0.292222261428833,0.6387184858322144,0.21591717004776,0.6568963527679443,0.1625785380601883,0.6757537126541138,0.23473712801933289,0.6789488792419434,0.18610051274299622,0.6871099472045898,0.23938995599746704,0.6916108131408691,0.28287506103515625,0.7127584218978882,0.23389320075511932,0.715202271938324,0.18935155868530273,0.7197097539901733,0.2621181011199951,0.7202020883560181,0.30441704392433167,0.7477280497550964,0.24101491272449493,0.7522940635681152,0.19571717083454132,0.7480158805847168,0.2662487328052521,0.7430334091186523,0.3085406422615051,0.7836300730705261,0.25751784443855286,0.7847093343734741,0.21788808703422546,0.7765379548072815,0.2650779187679291,0.7690635919570923,0.29546675086021423,fine
0.7368898987770081,0.4118785858154297,0.6817361116409302,0.375163197517395,0.6420062184333801,0.3113028109073639,0.6335874199867249,0.23835349082946777,0.6524409651756287,0.18697486817836761,0.669135570526123,0.25624915957450867,0.6733455657958984,0.2112674117088318,0.6804907321929932,0.2602549195289612,0.6840879321098328,0.2975471317768097,0.705761730670929,0.2567407488822937,0.7086350321769714,0.21120578050613403,0.7127957940101624,0.2796173393726349,0.7131847143173218,0.316210001707077,0.7404587268829346,0.2634139657020569,0.7449319958686829,0.21756130456924438,0.7423474192619324,0.2846187353134155,0.7380591630935669,0.3213141858577728,0.7749226689338684,0.2793256938457489,0.7756621837615967,0.23988497257232666,0.7701460123062134,0.2869027853012085,0.764422595500946,0.31566566228866577,fine
0.7384956479072571,0.42593276500701904,0.6800814867019653,0.3832405209541321,0.640623152256012,0.3164793848991394,0.6328642964363098,0.23755648732185364,0.6531960368156433,0.18647867441177368,0.6726847290992737,0.2592066526412964,0.6734499335289001,0.21190893650054932,0.6803832650184631,0.26727095246315,0.6856594681739807,0.30961874127388,0.7081456184387207,0.25792592763900757,0.7081558108329773,0.2146989405155182,0.7112717628479004,0.28762760758399963,0.712378978729248,0.32726624608039856,0.7414184212684631,0.26540055871009827,0.7440887689590454,0.21957650780677795,0.7387889623641968,0.2901293635368347,0.7344603538513184,0.3307015299797058,0.7760599851608276,0.2833750545978546,0.7763921022415161,0.243543341755867,0.7664315104484558,0.2919299900531769,0.7587366104125977,0.322386234998703,fine
0.7393127679824829,0.4200202226638794,0.6807664632797241,0.3744997978210449,0.6411923766136169,0.3091360330581665,0.6329864263534546,0.2308526337146759,0.6541257500648499,0.1802140176296234,0.6733890771865845,0.2526748776435852,0.6752340197563171,0.20450356602668762,0.6809062361717224,0.26019933819770813,0.6847901344299316,0.30324840545654297,0.70895916223526,0.2521170973777771,0.7100803256034851,0.20836642384529114,0.7127941250801086,0.28075671195983887,0.712855875492096,0.3205846846103668,0.7429260611534119,0.25935396552085876,0.7462167143821716,0.21341025829315186,0.7409495115280151,0.2829330563545227,0.7356476187705994,0.3235127925872803,0.7776842713356018,0.2773929238319397,0.7782766819000244,0.23654314875602722,0.7686818242073059,0.284179151058197,0.7605767846107483,0.314641535282135,fine
0.7362444996833801,0.4167120158672333,0.6742655634880066,0.3702274560928345,0.6366497278213501,0.30106621980667114,0.625495970249176,0.22372297942638397,0.6131465435028076,0.16885097324848175,0.6657984852790833,0.24802953004837036,0.6665260195732117,0.1969158947467804,0.6739321947097778,0.2546217143535614,0.6785249710083008,0.2988501787185669,0.7041199207305908,0.2461848258972168,0.7041775584220886,0.19844189286231995,0.7066559195518494,0.27164000272750854,0.7071877121925354,0.3150143623352051,0.7389354109764099,0.25405648350715637,0.7413861751556396,0.20488162338733673,0.734937310218811,0.27438488602638245,0.7302084565162659,0.3193151652812958,0.7741089463233948,0.27103257179260254,0.7748392224311829,0.22847209870815277,0.7642847299575806,0.2743336856365204,0.7559742331504822,0.30647850036621094,fine
0.736083984375,0.42043447494506836,0.6730403900146484,0.3752528429031372,0.636754035949707,0.3039737343788147,0.6271157264709473,0.2260439693927765,0.6129790544509888,0.17199906706809998,0.6661892533302307,0.25238037109375,0.6681857109069824,0.20166350901126862,0.6749250888824463,0.25910696387290955,0.6798164248466492,0.30247125029563904,0.7042531371116638,0.2516501247882843,0.7049925327301025,0.2026647925376892,0.7065088152885437,0.2752240300178528,0.7074196338653564,0.317834734916687,0.7382901310920715,0.2598004937171936,0.7415859699249268,0.2094694972038269,0.7344872355461121,0.2790110409259796,0.7299756407737732,0.32229799032211304,0.7724718451499939,0.27591657638549805,0.7735038995742798,0.23257926106452942,0.7635321617126465,0.27905941009521484,0.7565045952796936,0.31088969111442566,fine
0.7353618144989014,0.418775737285614,0.672825038433075,0.3725159168243408,0.6364373564720154,0.30242791771888733,0.6270298361778259,0.22568708658218384,0.6147027015686035,0.17125201225280762,0.6662254333496094,0.251994788646698,0.6667262315750122,0.20023077726364136,0.6734912395477295,0.2565849721431732,0.6782187819480896,0.30098092555999756,0.7041717171669006,0.25097376108169556,0.7041751146316528,0.20289860665798187,0.7064024806022644,0.27493739128112793,0.7074385285377502,0.31805574893951416,0.7385393381118774,0.2589673399925232,0.740898609161377,0.20952177047729492,0.7346452474594116,0.27885088324546814,0.7304773330688477,0.32293784618377686,0.7731300592422485,0.27517780661582947,0.773608386516571,0.2323087453842163,0.7635946273803711,0.27782952785491943,0.7562230229377747,0.3090111017227173,fine
0.7347837686538696,0.41924089193344116,0.6722902655601501,0.3731130361557007,0.6359302401542664,0.30189916491508484,0.6266685128211975,0.2251981943845749,0.6141714453697205,0.17065778374671936,0.6664121150970459,0.25183340907096863,0.666854977607727,0.2004922330379486,0.6736823916435242,0.25668177008628845,0.6785261631011963,0.3011869490146637,0.7043294906616211,0.25106289982795715,0.7044107913970947,0.20319238305091858,0.7063744068145752,0.2747402489185333,0.707480788230896,0.31783604621887207,0.7386094331741333,0.2591584324836731,0.7408816814422607,0.20940786600112915,0.7345702648162842,0.2785227596759796,0.7306898832321167,0.3225843012332916,0.7731173038482666,0.2754713296890259,0.7735208868980408,0.23217931389808655,0.7634228467941284,0.27747267484664917,0.7564118504524231,0.308846116065979,fine
0.7350630164146423,0.4171231985092163,0.6729564070701599,0.3746567666530609,0.6363951563835144,0.30093997716903687,0.6274880766868591,0.22349439561367035,0.614625871181488,0.16839899122714996,0.6659035086631775,0.2506319284439087,0.6676020622253418,0.1989458203315735,0.6742871403694153,0.2560167610645294,0.6789365410804749,0.3005967438220978,0.7042315006256104,0.2505221664905548,0.7047476768493652,0.20190906524658203,0.7064468264579773,0.27351945638656616,0.7070518136024475,0.31687113642692566,0.7388690710067749,0.2583324611186981,0.7412033677101135,0.20783847570419312,0.734492838382721,0.27711859345436096,0.7299421429634094,0.32145875692367554,0.7734232544898987,0.2735828161239624,0.7740338444709778,0.23126338422298431,0.763986349105835,0.2763097882270813,0.7565773129463196,0.30800843238830566,fine
0.7353849411010742,0.41820770502090454,0.6728789806365967,0.37439364194869995,0.6364223957061768,0.30260834097862244,0.6275572180747986,0.22453409433364868,0.6147329807281494,0.1699780374765396,0.664928138256073,0.25168347358703613,0.6673666834831238,0.20003199577331543,0.6739583015441895,0.2567574381828308,0.6782748699188232,0.3005729019641876,0.7033351063728333,0.25082844495773315,0.7047628164291382,0.202177032828331,0.7064253687858582,0.2742598056793213,0.7066707015037537,0.31722041964530945,0.7377705574035645,0.2584559917449951,0.7411213517189026,0.2087380439043045,0.734265923500061,0.27835267782211304,0.7293382287025452,0.32201558351516724,0.7722434997558594,0.2741115987300873,0.7734450101852417,0.23242896795272827,0.7635321021080017,0.2785445749759674,0.7561252117156982,0.3097919821739197,fine
0.7349660992622375,0.41966065764427185,0.6727457046508789,0.378012478351593,0.6363912224769592,0.30427902936935425,0.6280683875083923,0.22669044137001038,0.6154669523239136,0.17177997529506683,0.6652529835700989,0.2533907890319824,0.6675189137458801,0.20119056105613708,0.6742357611656189,0.2583351135253906,0.6788207292556763,0.30228251218795776,0.7032983303070068,0.25278663635253906,0.7044219374656677,0.2040730118751526,0.7061015963554382,0.27577847242355347,0.706978440284729,0.31892406940460205,0.7375959753990173,0.2603537142276764,0.740414023399353,0.21051563322544098,0.7338881492614746,0.2803927958011627,0.7295936942100525,0.3243134319782257,0.7718325853347778,0.27537181973457336,0.7727565169334412,0.2336423248052597,0.7628693580627441,0.2800244092941284,0.7556804418563843,0.3124832212924957,fine
0.7345420718193054,0.4205052852630615,0.6724713444709778,0.3782537877559662,0.6371519565582275,0.30391547083854675,0.6292932033538818,0.2270219475030899,0.6159258484840393,0.1732688844203949,0.6659759283065796,0.254172146320343,0.6677478551864624,0.20301133394241333,0.6743152141571045,0.2593342661857605,0.6789667010307312,0.3034784197807312,0.7038872838020325,0.2538886070251465,0.7044579386711121,0.20587027072906494,0.7061113119125366,0.27632176876068115,0.707344114780426,0.32008272409439087,0.7381251454353333,0.2616457939147949,0.740507185459137,0.2119346559047699,0.7340481281280518,0.2801937162876129,0.7300562262535095,0.32444849610328674,0.7721586227416992,0.27650079131126404,0.7733864784240723,0.23438003659248352,0.7631788849830627,0.27930524945259094,0.755804181098938,0.31184113025665283,fine
0.7348110675811768,0.4211239814758301,0.6734985113143921,0.38019827008247375,0.6370266675949097,0.3045627474784851,0.6287779808044434,0.22730158269405365,0.6162857413291931,0.1724267303943634,0.6658098697662354,0.2544587254524231,0.6678195595741272,0.20303639769554138,0.6748378872871399,0.25916773080825806,0.6795341372489929,0.30396389961242676,0.7038551568984985,0.25405633449554443,0.7053835391998291,0.2055341601371765,0.7069855332374573,0.2766866683959961,0.7074456810951233,0.321323424577713,0.7381628155708313,0.2616080939769745,0.74134761095047,0.211985781788826,0.7347203493118286,0.2818399965763092,0.7299644947052002,0.3269433379173279,0.7720896005630493,0.27647915482521057,0.7731465101242065,0.2355780303478241,0.7632071375846863,0.2821625769138336,0.7557567954063416,0.3149375915527344,fine
0.7350999116897583,0.4189825654029846,0.6726099848747253,0.3786495327949524,0.6365503072738647,0.30481424927711487,0.6286699771881104,0.22844615578651428,0.6172575950622559,0.173710435628891,0.6655526757240295,0.2546113133430481,0.6678926944732666,0.20280224084854126,0.6741546988487244,0.25983956456184387,0.6789962649345398,0.30377116799354553,0.7036523222923279,0.25486695766448975,0.7049561142921448,0.20610207319259644,0.7061155438423157,0.2777060866355896,0.7075304985046387,0.32090234756469727,0.7382122874259949,0.26230713725090027,0.7410910725593567,0.21216806769371033,0.7342430353164673,0.28241443634033203,0.73040372133255,0.3264443576335907,0.7725761532783508,0.27670755982398987,0.7735117673873901,0.23496386408805847,0.7634484171867371,0.2810029983520508,0.7565109133720398,0.3131430745124817,fine
0.7346647381782532,0.4210735559463501,0.6737080216407776,0.3787388205528259,0.6381104588508606,0.30493539571762085,0.629774808883667,0.22804710268974304,0.6177951097488403,0.17351466417312622,0.6659800410270691,0.2539072632789612,0.668718159198761,0.20298011600971222,0.6757107973098755,0.2600811719894409,0.680366575717926,0.3035852909088135,0.7040373086929321,0.25390735268592834,0.7056590914726257,0.20533491671085358,0.7073933482170105,0.2769942283630371,0.7082083821296692,0.3199158012866974,0.7383124232292175,0.2617495656013489,0.7416681051254272,0.21266353130340576,0.7349828481674194,0.28199610114097595,0.7304284572601318,0.32517972588539124,0.7724537253379822,0.27687889337539673,0.7742170691490173,0.2360183596611023,0.7641889452934265,0.2821837365627289,0.756568968296051,0.3141133487224579,fine
0.7351670861244202,0.4198887348175049,0.6732521653175354,0.37895286083221436,0.6375666856765747,0.3046332895755768,0.6296103596687317,0.2284175604581833,0.6167260408401489,0.17401131987571716,0.666546642780304,0.25561782717704773,0.66895991563797,0.20260822772979736,0.674992024898529,0.2581161856651306,0.6793282628059387,0.3028835654258728,0.7045707702636719,0.2556646168231964,0.7061854600906372,0.2066778838634491,0.706911563873291,0.27727264165878296,0.7075797915458679,0.3213919699192047,0.7388904094696045,0.26314154267311096,0.741885244846344,0.21385911107063293,0.7348542809486389,0.28343063592910767,0.7304717302322388,0.32763370871543884,0.7730016112327576,0.27752766013145447,0.7742657661437988,0.23633627593517303,0.7640100121498108,0.28223881125450134,0.7565845847129822,0.3144885301589966,fine
0.733126699924469,0.4256702661514282,0.6724059581756592,0.3886520266532898,0.6363853216171265,0.3139416575431824,0.628490149974823,0.23866388201713562,0.6174178719520569,0.1834678053855896,0.6644700169563293,0.2632265090942383,0.6677500605583191,0.21130898594856262,0.673129677772522,0.2674667537212372,0.6775446534156799,0.3115537166595459,0.7024813294410706,0.26392489671707153,0.7046712040901184,0.21565090119838715,0.7052339911460876,0.2858903110027313,0.7062554955482483,0.3281557559967041,0.7369420528411865,0.27156510949134827,0.7404110431671143,0.22249972820281982,0.7333309650421143,0.29094991087913513,0.7288203835487366,0.33252644538879395,0.7710890769958496,0.28561854362487793,0.7727631330490112,0.2445800006389618,0.763570249080658,0.28882694244384766,0.7569671273231506,0.3185707926750183,fine
0.7418175935745239,0.41009148955345154,0.6809769868850708,0.3717619776725769,0.6445555090904236,0.29700762033462524,0.6356964111328125,0.22013509273529053,0.6251424551010132,0.165155291557312,0.6719585061073303,0.24711845815181732,0.6767028570175171,0.19490040838718414,0.682777464389801,0.25228816270828247,0.6860707998275757,0.29469314217567444,0.7099286913871765,0.24775409698486328,0.7135507464408875,0.19794248044490814,0.7144765853881836,0.2682805359363556,0.7136213779449463,0.309057354927063,0.7440910935401917,0.2546021044254303,0.7486766576766968,0.20434904098510742,0.7422066330909729,0.2733454406261444,0.7363945841789246,0.3144591450691223,0.7777547240257263,0.2685600519180298,0.7795146107673645,0.22995012998580933,0.77036452293396,0.2779068052768707,0.7628475427627563,0.31002187728881836,fine
0.7414863705635071,0.40141698718070984,0.6823686361312866,0.36374855041503906,0.6463269591331482,0.28899580240249634,0.6371523141860962,0.21416610479354858,0.6267149448394775,0.15966695547103882,0.6737044453620911,0.24083858728408813,0.6764309406280518,0.18922372162342072,0.6837443709373474,0.2446485012769699,0.6878812909126282,0.28730735182762146,0.7121159434318542,0.24127481877803802,0.7146027684211731,0.19366228580474854,0.7166582345962524,0.2630522847175598,0.7161988615989685,0.30547502636909485,0.7469976544380188,0.24842774868011475,0.7498417496681213,0.20087677240371704,0.7443302273750305,0.26839810609817505,0.7388300895690918,0.31030139327049255,0.7813663482666016,0.2630307972431183,0.782442033290863,0.223670095205307,0.7729689478874207,0.2710217833518982,0.7646952271461487,0.30420345067977905,fine
0.7410987615585327,0.4052932560443878,0.684063196182251,0.3659885823726654,0.6474515199661255,0.2936389744281769,0.6429535746574402,0.21759085357189178,0.656457781791687,0.1599489152431488,0.6751651763916016,0.23488757014274597,0.6787518262863159,0.19018518924713135,0.68681401014328,0.2417769432067871,0.6913133859634399,0.28470104932785034,0.71120285987854,0.23450160026550293,0.7122613191604614,0.1907326877117157,0.7143087983131409,0.2621777653694153,0.7149897217750549,0.3055688440799713,0.7450737357139587,0.24221161007881165,0.7485074400901794,0.19784018397331238,0.7422782182693481,0.2698681652545929,0.7371113300323486,0.31264224648475647,0.7801450490951538,0.259960800409317,0.7815026640892029,0.22102943062782288,0.7711315155029297,0.27074506878852844,0.7620593309402466,0.3049914240837097,fine
0.7372192144393921,0.41120776534080505,0.6771899461746216,0.36974838376045227,0.6461715698242188,0.2938525974750519,0.6399214863777161,0.21734409034252167,0.6248302459716797,0.16586539149284363,0.6687899231910706,0.24845197796821594,0.6767135262489319,0.19474217295646667,0.6840775609016418,0.24777019023895264,0.686162531375885,0.28947913646698,0.7068067789077759,0.24952399730682373,0.7116320133209229,0.19767871499061584,0.7145060300827026,0.2639317512512207,0.713640034198761,0.30441176891326904,0.7412937879562378,0.25681591033935547,0.7459518909454346,0.20625729858875275,0.7413460612297058,0.27287474274635315,0.73598313331604,0.3142786920070648,0.7747488617897034,0.2716726064682007,0.7755856513977051,0.23179449141025543,0.7670925855636597,0.2783436179161072,0.7599356770515442,0.3109235167503357,fine
0.7339391112327576,0.41278091073036194,0.6740520596504211,0.3722240626811981,0.6437685489654541,0.29171621799468994,0.6407692432403564,0.21363136172294617,0.6270313858985901,0.15880900621414185,0.6684061288833618,0.2447999268770218,0.6766291856765747,0.19208669662475586,0.6830535531044006,0.24784629046916962,0.6855638027191162,0.29130634665489197,0.7066840529441833,0.24603664875030518,0.7114736437797546,0.19505277276039124,0.7129758596420288,0.2634096145629883,0.7124090790748596,0.3062800168991089,0.7412774562835693,0.2542632222175598,0.746131956577301,0.20219185948371887,0.7398805022239685,0.2697816491127014,0.7344846725463867,0.3136371374130249,0.7745257616043091,0.27004921436309814,0.7762580513954163,0.22835290431976318,0.7666136026382446,0.2744581401348114,0.7589319944381714,0.30895692110061646,fine
0.7361466288566589,0.39726948738098145,0.6783534288406372,0.357970654964447,0.6445661783218384,0.2816186845302582,0.6426143050193787,0.20523276925086975,0.649033784866333,0.14795510470867157,0.6735367178916931,0.2270280420780182,0.6794912219047546,0.17965640127658844,0.686556339263916,0.23405110836029053,0.6900656223297119,0.27858129143714905,0.7101973295211792,0.22802338004112244,0.7135801315307617,0.18133682012557983,0.7148474454879761,0.25199320912361145,0.7152344584465027,0.29541444778442383,0.7440418601036072,0.23691870272159576,0.7495337128639221,0.18957163393497467,0.742156445980072,0.26009297370910645,0.7366949319839478,0.3027416169643402,0.7785142660140991,0.2551729083061218,0.7803975343704224,0.21557728946208954,0.7694072723388672,0.26448482275009155,0.7607107758522034,0.2984391748905182,fine
0.736736536026001,0.3943777084350586,0.6824330687522888,0.3597678542137146,0.6456177234649658,0.2826325297355652,0.6424729824066162,0.20647791028022766,0.6589453220367432,0.1505277156829834,0.6737335920333862,0.22528396546840668,0.678679347038269,0.18150107562541962,0.6880068182945251,0.22924548387527466,0.6933358907699585,0.27212488651275635,0.7101702094078064,0.22552098333835602,0.7126710414886475,0.18067128956317902,0.7155322432518005,0.2525085210800171,0.71592777967453,0.2989690601825714,0.7446938753128052,0.23409688472747803,0.7493699193000793,0.18842652440071106,0.7434540390968323,0.2609686553478241,0.7375449538230896,0.3064466416835785,0.7794572710990906,0.25180941820144653,0.7812879085540771,0.2129085510969162,0.7714876532554626,0.2619662284851074,0.762321949005127,0.2960708737373352,fine
0.7373520135879517,0.3992348313331604,0.6823762059211731,0.3629005253314972,0.6453750133514404,0.28884080052375793,0.6411150693893433,0.21369798481464386,0.6584565043449402,0.15882830321788788,0.6734153032302856,0.2300998568534851,0.6778832077980042,0.18582311272621155,0.6866798996925354,0.23442763090133667,0.6923598647117615,0.2788267433643341,0.7096846103668213,0.23139265179634094,0.7120732069015503,0.1854909062385559,0.7143808007240295,0.25778108835220337,0.7152017951011658,0.3056858479976654,0.7437641620635986,0.24039342999458313,0.7484464645385742,0.19440025091171265,0.7419795989990234,0.2671870291233063,0.7368601560592651,0.3139277994632721,0.7782459259033203,0.257696270942688,0.7798826694488525,0.21911905705928802,0.7697578072547913,0.2667119801044464,0.7608843445777893,0.3007374405860901,fine
0.7394495010375977,0.4118097424507141,0.6823713183403015,0.3755738139152527,0.6429459452629089,0.3058931827545166,0.6359937787055969,0.22924959659576416,0.655735194683075,0.17596936225891113,0.6727980375289917,0.24957522749900818,0.6749839782714844,0.20318973064422607,0.6831558346748352,0.2551986873149872,0.6884878277778625,0.29927536845207214,0.7084128856658936,0.24821604788303375,0.7087153792381287,0.2032635658979416,0.7123656272888184,0.27314192056655884,0.7138824462890625,0.318092405796051,0.7420926690101624,0.2545444965362549,0.7440279722213745,0.2120538353919983,0.7395448684692383,0.2818894386291504,0.7350203990936279,0.32588788866996765,0.7770053744316101,0.270391583442688,0.7761171460151672,0.23193125426769257,0.766975462436676,0.28052517771720886,0.7590420246124268,0.31581705808639526,fine
0.7429783344268799,0.42914870381355286,0.6932231187820435,0.390817254781723,0.6557514071464539,0.31163012981414795,0.6503200531005859,0.23817986249923706,0.6665571928024292,0.18112653493881226,0.6869692802429199,0.2522266209125519,0.6902409791946411,0.21923232078552246,0.6973752379417419,0.2727709412574768,0.7022919058799744,0.3173304498195648,0.7246253490447998,0.25421828031539917,0.7237380743026733,0.21388983726501465,0.7246050834655762,0.287486732006073,0.7265739440917969,0.33263519406318665,0.7608613967895508,0.2663355767726898,0.7626672387123108,0.222102552652359,0.7568199038505554,0.28843915462493896,0.7533262968063354,0.32709944248199463,0.7963744401931763,0.2885286211967468,0.7969107031822205,0.2503163516521454,0.7858690023422241,0.29681113362312317,0.7780963182449341,0.3266916871070862,fine
0.8227461576461792,0.5379459261894226,0.777979850769043,0.5034411549568176,0.7502279281616211,0.43342071771621704,0.7551993131637573,0.37699905037879944,0.7753419280052185,0.34172534942626953,0.7959810495376587,0.34850433468818665,0.7988917827606201,0.3299735188484192,0.7979776263237,0.3825104534626007,0.7960894107818604,0.4132884442806244,0.8361437916755676,0.35995110869407654,0.8368446230888367,0.3546833395957947,0.83097243309021,0.4133366048336029,0.8294430375099182,0.44672954082489014,0.871830403804779,0.3836003243923187,0.8709971308708191,0.38265278935432434,0.8617797493934631,0.43565165996551514,0.8563855290412903,0.467715322971344,0.9009813070297241,0.41737815737724304,0.9029921293258667,0.4132855534553528,0.8892362117767334,0.453794002532959,0.8804517984390259,0.47957414388656616,fine
0.7174099683761597,0.7313988208770752,0.6595668792724609,0.6968965530395508,0.6289265155792236,0.6248865127563477,0.6439745426177979,0.5587562322616577,0.6633517742156982,0.5098612904548645,0.6262202262878418,0.5722352266311646,0.5996127724647522,0.515887439250946,0.6108981370925903,0.5651355981826782,0.6285790205001831,0.6124936938285828,0.6590913534164429,0.5548828840255737,0.6305010318756104,0.483115017414093,0.6401177644729614,0.5497564673423767,0.6573298573493958,0.5958847999572754,0.6978240609169006,0.5504265427589417,0.6787424683570862,0.4941653311252594,0.6847652792930603,0.5698255896568298,0.6950629353523254,0.6129201054573059,0.7404900193214417,0.5558435320854187,0.7187655568122864,0.511030912399292,0.7161023020744324,0.5649715065956116,0.7217543125152588,0.5997256636619568,fine
0.7309409379959106,0.719336211681366,0.6743566393852234,0.6845163702964783,0.6463292241096497,0.6111215353012085,0.6657041907310486,0.5459927916526794,0.6878191232681274,0.5000028014183044,0.6427868604660034,0.5614790320396423,0.617989182472229,0.5011504292488098,0.6294371485710144,0.5483477115631104,0.6455386877059937,0.5956929326057434,0.6760314702987671,0.5451128482818604,0.6501206755638123,0.47014886140823364,0.659026026725769,0.5334622263908386,0.6743666529655457,0.5809482336044312,0.714834988117218,0.541896641254425,0.6985838413238525,0.48008036613464355,0.702609121799469,0.5522148013114929,0.7103689908981323,0.597185492515564,0.7570813894271851,0.5485551357269287,0.7387353181838989,0.5004958510398865,0.7342677116394043,0.5509803295135498,0.7371847033500671,0.5867752432823181,fine
0.7337467670440674,0.7182916402816772,0.6770401000976562,0.6819079518318176,0.6498437523841858,0.6094935536384583,0.668041467666626,0.5446516275405884,0.6880843043327332,0.4983203709125519,0.6469144225120544,0.5615451335906982,0.6219337582588196,0.5009003281593323,0.6332046985626221,0.5458176732063293,0.6493628025054932,0.5921337008476257,0.6799386143684387,0.5453375577926636,0.6541472673416138,0.47057878971099854,0.6624590754508972,0.5305798053741455,0.6774638891220093,0.5780022740364075,0.7180908918380737,0.5420281887054443,0.7018867135047913,0.48093360662460327,0.7052940726280212,0.5510627031326294,0.7128527760505676,0.5967403054237366,0.7599416971206665,0.5485904812812805,0.7419491410255432,0.5016136169433594,0.7367458939552307,0.5511875748634338,0.7389355897903442,0.5877991318702698,fine
0.7937510013580322,0.6458591222763062,0.7280928492546082,0.6077776551246643,0.6954209804534912,0.5322801470756531,0.7140108346939087,0.4683242440223694,0.7423256635665894,0.4299631416797638,0.7006057500839233,0.48234477639198303,0.6826305389404297,0.4150221347808838,0.6965958476066589,0.46379292011260986,0.7087547183036804,0.5108032822608948,0.7404318451881409,0.46982264518737793,0.7245894074440002,0.39793848991394043,0.7349434494972229,0.46436285972595215,0.7417390942573547,0.5136381387710571,0.7809960246086121,0.4691627025604248,0.7667703628540039,0.40403056144714355,0.7728117108345032,0.47876304388046265,0.7772442698478699,0.5283766984939575,0.8236211538314819,0.47846150398254395,0.807624876499176,0.4334120452404022,0.8043918609619141,0.4869368076324463,0.8046541213989258,0.5243011713027954,fine
0.7499331831932068,0.6074172258377075,0.7305365800857544,0.5051438808441162,0.699579656124115,0.4137316048145294,0.6895134449005127,0.3311436176300049,0.7094095349311829,0.26981180906295776,0.5965248346328735,0.424349308013916,0.5768143534660339,0.46467769145965576,0.601587176322937,0.48648715019226074,0.6244918704032898,0.4874688386917114,0.5773760676383972,0.4850252568721771,0.5696969032287598,0.5144854784011841,0.5951982736587524,0.5287268757820129,0.6230801343917847,0.5308865904808044,0.5726282596588135,0.5517715811729431,0.5748209953308105,0.5701851844787598,0.598526656627655,0.5792661905288696,0.6255553364753723,0.5803287625312805,0.5740970969200134,0.6145591139793396,0.5793743133544922,0.6227954030036926,0.60502028465271,0.6263957023620605,0.627560019493103,0.6244704127311707,water
0.7432875633239746,0.5660865306854248,0.7130147218704224,0.46663880348205566,0.669771671295166,0.3806966245174408,0.6411209106445312,0.3061145544052124,0.6456698775291443,0.24128898978233337,0.57746821641922,0.398641973733902,0.5480228066444397,0.4520857036113739,0.5758187770843506,0.472890168428421,0.6008152961730957,0.46875521540641785,0.5644949674606323,0.45930925011634827,0.5514092445373535,0.5041147470474243,0.5782787203788757,0.5167580842971802,0.6068229675292969,0.512592613697052,0.5645087957382202,0.526862621307373,0.559804379940033,0.5536819696426392,0.584596574306488,0.5616630911827087,0.6122375726699829,0.5573516488075256,0.5697411298751831,0.590862512588501,0.5679669380187988,0.6017561554908752,0.594108521938324,0.604120135307312,0.6173558831214905,0.5995033979415894,water
0.7328940033912659,0.5706346035003662,0.7029309868812561,0.4703386425971985,0.6589032411575317,0.38358020782470703,0.6250433325767517,0.30791372060775757,0.6212016940116882,0.24239486455917358,0.5781574249267578,0.3984581530094147,0.5301770567893982,0.4449496269226074,0.5547775030136108,0.4667133092880249,0.5815109014511108,0.4652941823005676,0.565735936164856,0.4587908983230591,0.5332371592521667,0.49925634264945984,0.5575263500213623,0.5158125162124634,0.5840367674827576,0.511992335319519,0.5639842748641968,0.5262286067008972,0.5386819839477539,0.5486352443695068,0.5618115067481995,0.5617656707763672,0.5879186987876892,0.5601258277893066,0.5675209760665894,0.5906746983528137,0.5467422008514404,0.5954411625862122,0.571797251701355,0.6030983924865723,0.5946199893951416,0.6020587086677551,water
0.7382699847221375,0.5649230480194092,0.7031016945838928,0.4665127694606781,0.6521679759025574,0.3802495002746582,0.6176789999008179,0.3035311698913574,0.6114987730979919,0.23741735517978668,0.5781605243682861,0.4018608629703522,0.5307779908180237,0.44766736030578613,0.5546789169311523,0.46596553921699524,0.5806692838668823,0.4611751437187195,0.5693841576576233,0.4658833146095276,0.5342288017272949,0.5021859407424927,0.5573137402534485,0.5160268545150757,0.5835262537002563,0.5105189085006714,0.56999671459198,0.5352028608322144,0.54254150390625,0.5546560287475586,0.5645638704299927,0.566162109375,0.5904651880264282,0.5633640885353088,0.575588047504425,0.6005063056945801,0.5518870949745178,0.6033687591552734,0.5756946206092834,0.6099227666854858,0.5982564687728882,0.608349084854126,water
0.7426800727844238,0.5663460493087769,0.7050539255142212,0.4679163992404938,0.6526485681533813,0.3830665647983551,0.6180531978607178,0.3073883056640625,0.6130844950675964,0.24198642373085022,0.5844007730484009,0.40789490938186646,0.5342738628387451,0.4532163143157959,0.5578058362007141,0.47166335582733154,0.5839440226554871,0.4661104679107666,0.5774940848350525,0.47128888964653015,0.5377510786056519,0.5057368278503418,0.5602576732635498,0.5196226239204407,0.5864301919937134,0.5139370560646057,0.5791518688201904,0.5392594933509827,0.5459664463996887,0.5581312775611877,0.5680251717567444,0.5692119598388672,0.5941777229309082,0.565954327583313,0.5857161283493042,0.6037880182266235,0.5559579133987427,0.6070466041564941,0.5790270566940308,0.6134107708930969,0.6022519469261169,0.611716091632843,water
0.7441919445991516,0.5641870498657227,0.7063184976577759,0.46714431047439575,0.6550875306129456,0.3836638927459717,0.6213887929916382,0.3083387017250061,0.6174741983413696,0.24341239035129547,0.588029146194458,0.409358412027359,0.5365315675735474,0.45704567432403564,0.5607787370681763,0.47358548641204834,0.5863368511199951,0.4662572741508484,0.5821977257728577,0.473094642162323,0.5407373905181885,0.5077767968177795,0.5638661980628967,0.5202381014823914,0.5901294350624084,0.5128659009933472,0.5844964981079102,0.5410588383674622,0.5487098693847656,0.5588477849960327,0.5712435841560364,0.5700579881668091,0.5974904894828796,0.5658450722694397,0.5912370085716248,0.6056916117668152,0.5577830076217651,0.6063748598098755,0.5813376903533936,0.6135523319244385,0.6050446629524231,0.6118372082710266,water
0.7506709098815918,0.5654875636100769,0.7126754522323608,0.46822378039360046,0.6603856086730957,0.3840242922306061,0.6265561580657959,0.3071643114089966,0.6237988471984863,0.23994185030460358,0.5929076671600342,0.40703892707824707,0.5405442714691162,0.4535810649394989,0.5647920966148376,0.47096648812294006,0.5903351306915283,0.4631796181201935,0.5867334008216858,0.47096607089042664,0.5449473857879639,0.5059582591056824,0.568183422088623,0.5192509889602661,0.5940445065498352,0.5117179751396179,0.5889366269111633,0.5396419763565063,0.5531879663467407,0.558645486831665,0.5762901306152344,0.5701731443405151,0.6024491190910339,0.5654687285423279,0.5958861112594604,0.6048353314399719,0.5628385543823242,0.6064553260803223,0.587086021900177,0.6137803196907043,0.610923171043396,0.6117256879806519,water
0.7493362426757812,0.570650041103363,0.7106354832649231,0.47397753596305847,0.6576437950134277,0.3904467225074768,0.6236556768417358,0.3147260546684265,0.6212873458862305,0.24681596457958221,0.5907156467437744,0.41583120822906494,0.5389651656150818,0.4630694091320038,0.5635058879852295,0.4799034595489502,0.5897927284240723,0.47223132848739624,0.5860821008682251,0.48008599877357483,0.5432188510894775,0.5149350166320801,0.5672282576560974,0.5267806053161621,0.5935927629470825,0.5190422534942627,0.5896865129470825,0.5487362146377563,0.5530800819396973,0.5676654577255249,0.5765788555145264,0.5779566168785095,0.6030412912368774,0.5729129314422607,0.5978165864944458,0.6150031089782715,0.5640312433242798,0.6173385977745056,0.588363766670227,0.6225581169128418,0.6126490235328674,0.6201537847518921,water
0.7519935369491577,0.5634602904319763,0.7109740972518921,0.4670167863368988,0.654952347278595,0.38369452953338623,0.6199853420257568,0.30735331773757935,0.617272138595581,0.23808084428310394,0.589867115020752,0.4132993221282959,0.5381543040275574,0.46231886744499207,0.5633873343467712,0.47854843735694885,0.5896286964416504,0.46915170550346375,0.5865287184715271,0.4794122278690338,0.542487621307373,0.5137451887130737,0.5673314929008484,0.5250703692436218,0.5947211384773254,0.5166999697685242,0.5915728211402893,0.5495265126228333,0.552489697933197,0.5660350918769836,0.5772820711135864,0.5755824446678162,0.6050580739974976,0.5703520178794861,0.6011369228363037,0.6163569688796997,0.5654407143592834,0.6169751882553101,0.5901534557342529,0.621347963809967,0.6146509647369385,0.618476390838623,water
0.7476382255554199,0.5711037516593933,0.706739604473114,0.47503572702407837,0.6518541574478149,0.39423224329948425,0.6176025867462158,0.3190571665763855,0.6139878034591675,0.25106897950172424,0.588331401348114,0.4241429567337036,0.5361295938491821,0.47267934679985046,0.5613779425621033,0.48745283484458923,0.587485134601593,0.4774830937385559,0.5854989290237427,0.49091002345085144,0.5410976409912109,0.523603618144989,0.5660834312438965,0.5337275266647339,0.5934838056564331,0.5258753299713135,0.5902994275093079,0.5609331130981445,0.5513758063316345,0.5761696100234985,0.5757508873939514,0.5848084092140198,0.6032538414001465,0.5802679657936096,0.598996639251709,0.6269795298576355,0.5636107325553894,0.6271803379058838,0.5880544781684875,0.6314507126808167,0.6123450398445129,0.629115104675293,water
0.7538497447967529,0.5678310990333557,0.7124221324920654,0.470418244600296,0.6557753682136536,0.3861950635910034,0.6202661395072937,0.30946606397628784,0.6166861653327942,0.24035347998142242,0.5924178957939148,0.41663071513175964,0.5384734272956848,0.46427121758461,0.5628191828727722,0.4808521866798401,0.5887916684150696,0.4717787504196167,0.58966463804245,0.482550710439682,0.5425698161125183,0.5168443322181702,0.567376434803009,0.5283463597297668,0.5946429371833801,0.5197978615760803,0.5947237014770508,0.5519878268241882,0.5520908832550049,0.56925368309021,0.5766948461532593,0.5789359211921692,0.6044322848320007,0.5734457969665527,0.6040713787078857,0.6180769801139832,0.5639851689338684,0.6192476749420166,0.5879684090614319,0.6244299411773682,0.6129342317581177,0.6219094395637512,water
0.753235936164856,0.5670004487037659,0.7121244072914124,0.46968549489974976,0.6566985845565796,0.38706791400909424,0.6220085024833679,0.3100266754627228,0.6199539303779602,0.240993931889534,0.5947483777999878,0.41709405183792114,0.5396997928619385,0.46637097001075745,0.5645302534103394,0.4815603792667389,0.5900158286094666,0.4716734290122986,0.592528760433197,0.48367515206336975,0.5444932579994202,0.5174997448921204,0.5695155262947083,0.5288505554199219,0.5969474911689758,0.5207082033157349,0.5974680781364441,0.5528876781463623,0.5546144843101501,0.568311870098114,0.5792787671089172,0.5778012871742249,0.6069833636283875,0.5728944540023804,0.6064196228981018,0.6180667281150818,0.5657548904418945,0.6160572171211243,0.5899558663368225,0.6217350959777832,0.6146644949913025,0.6197628378868103,water
0.7539339065551758,0.5653485059738159,0.7137783169746399,0.4694133698940277,0.6596462726593018,0.38860926032066345,0.6264364719390869,0.31362074613571167,0.6223761439323425,0.24575862288475037,0.5980376601219177,0.41840243339538574,0.5411788821220398,0.4656710624694824,0.5654739737510681,0.4805167615413666,0.5916508436203003,0.4708225131034851,0.5960856080055237,0.48497825860977173,0.5464069843292236,0.5176220536231995,0.5714910626411438,0.5289033055305481,0.5997390747070312,0.5211204290390015,0.6008026599884033,0.5536130666732788,0.5569397807121277,0.5684034824371338,0.5817209482192993,0.5777837038040161,0.6097532510757446,0.5725739002227783,0.609193742275238,0.6180298328399658,0.568607747554779,0.6166628003120422,0.5933825969696045,0.6225138902664185,0.618394672870636,0.620284378528595,water
0.7548195719718933,0.567316472530365,0.7146289348602295,0.4695970416069031,0.6615434885025024,0.38813135027885437,0.6289201378822327,0.3124866783618927,0.624107301235199,0.24532657861709595,0.5996082425117493,0.4195578396320343,0.5424256324768066,0.46576952934265137,0.5666167140007019,0.47953489422798157,0.5927044749259949,0.4697533845901489,0.598093569278717,0.48590144515037537,0.5481736660003662,0.5172784328460693,0.5730597376823425,0.5275633335113525,0.6004911661148071,0.5197957754135132,0.6034616231918335,0.5546191930770874,0.5584654808044434,0.56828773021698,0.5830835103988647,0.5767933130264282,0.6106933951377869,0.5718339681625366,0.6126458048820496,0.6196652054786682,0.5700623989105225,0.6179112195968628,0.5939382910728455,0.6226407885551453,0.6184974312782288,0.6204525232315063,water
0.7557646036148071,0.5664515495300293,0.7158389687538147,0.4697098135948181,0.6616971492767334,0.3878805935382843,0.6288067698478699,0.31223565340042114,0.6272278428077698,0.24389393627643585,0.6000120043754578,0.41678547859191895,0.5442084670066833,0.46458324790000916,0.5692781805992126,0.47996261715888977,0.5961196422576904,0.47054940462112427,0.5979804992675781,0.48395323753356934,0.5493528842926025,0.5164507627487183,0.5743984580039978,0.5272527933120728,0.6022008657455444,0.5194193124771118,0.6028203368186951,0.553615927696228,0.5593698024749756,0.568132221698761,0.5839418172836304,0.5775253176689148,0.6118090748786926,0.5729963183403015,0.6115071177482605,0.6197247505187988,0.571750283241272,0.6194748878479004,0.5958314538002014,0.624206006526947,0.6203740835189819,0.6222608685493469,water
0.7528318166732788,0.5686671733856201,0.7132285237312317,0.4719409644603729,0.658191442489624,0.38892585039138794,0.6231524348258972,0.3117249608039856,0.622661828994751,0.24206577241420746,0.595420241355896,0.4195851683616638,0.5411573052406311,0.4663926064968109,0.5669823884963989,0.48235884308815,0.5932397246360779,0.47258979082107544,0.5924714803695679,0.4863039553165436,0.5456822514533997,0.5183796882629395,0.571148157119751,0.5292430520057678,0.5983749032020569,0.5209171772003174,0.5974316596984863,0.555878221988678,0.5556543469429016,0.5706144571304321,0.5807499289512634,0.5796485543251038,0.6083242297172546,0.5748574733734131,0.6068949103355408,0.6221209764480591,0.5686723589897156,0.6214437484741211,0.5931049585342407,0.6254779696464539,0.6176730394363403,0.6234870553016663,water
0.7551509737968445,0.5671324729919434,0.7163228392601013,0.469769150018692,0.6619563698768616,0.3872266709804535,0.6295639872550964,0.31100037693977356,0.6281734704971313,0.24193733930587769,0.6008899807929993,0.413848340511322,0.5440385341644287,0.46261295676231384,0.5694701671600342,0.47799524664878845,0.5958799719810486,0.4672403335571289,0.598423421382904,0.4801410734653473,0.5485043525695801,0.5133483409881592,0.5737407803535461,0.5250070095062256,0.6016961932182312,0.5162845253944397,0.6026015877723694,0.549032986164093,0.5577940344810486,0.564427375793457,0.5832564830780029,0.5749589204788208,0.6116927266120911,0.5695043802261353,0.6108737587928772,0.6141291260719299,0.5714638233184814,0.6145035028457642,0.5967816710472107,0.6204466223716736,0.6222039461135864,0.6175655722618103,water
0.7619549036026001,0.5725612640380859,0.7213672399520874,0.47550588846206665,0.6653964519500732,0.3925835192203522,0.6320692896842957,0.3143395185470581,0.6322372555732727,0.24304108321666718,0.6057116389274597,0.4213423728942871,0.5461565852165222,0.4705810248851776,0.5732282400131226,0.4828619360923767,0.6009904742240906,0.47025853395462036,0.6041693091392517,0.48915165662765503,0.5513981580734253,0.5224481821060181,0.5779115557670593,0.5315751433372498,0.6056589484214783,0.5221154093742371,0.6086692810058594,0.5581399202346802,0.5641235709190369,0.5744991302490234,0.5887264609336853,0.582525372505188,0.6159303188323975,0.5768435001373291,0.616753876209259,0.622940719127655,0.5767484307289124,0.6229714751243591,0.6009566783905029,0.6272703409194946,0.6258180737495422,0.6255166530609131,water
0.7577364444732666,0.5645246505737305,0.7171934843063354,0.4664447605609894,0.6648927330970764,0.3863665759563446,0.6334906220436096,0.3092539310455322,0.6307879686355591,0.24001434445381165,0.6051681637763977,0.4195472300052643,0.5455233454704285,0.46634042263031006,0.5693092346191406,0.4766581654548645,0.5950842499732971,0.46535900235176086,0.604552686214447,0.4870759844779968,0.5518268942832947,0.5167359113693237,0.5755640268325806,0.5258842706680298,0.6028833389282227,0.518183171749115,0.6097927689552307,0.5558117628097534,0.5628389120101929,0.5667139887809753,0.5859677195549011,0.5745155215263367,0.6130453944206238,0.5694202780723572,0.6183341145515442,0.6192061305046082,0.5743833184242249,0.613077700138092,0.5973465442657471,0.6181851625442505,0.621666669845581,0.6166974902153015,water
0.7284822463989258,0.5859992504119873,0.6846330761909485,0.4899217188358307,0.6295796036720276,0.4123506546020508,0.5970468521118164,0.33607053756713867,0.5921701788902283,0.26550525426864624,0.557389497756958,0.4472818076610565,0.5091453194618225,0.498727411031723,0.5356480479240417,0.5081897377967834,0.562203049659729,0.4956708252429962,0.556466817855835,0.5151973366737366,0.5179852247238159,0.5514487028121948,0.5442718267440796,0.5582218170166016,0.5722829103469849,0.5466130375862122,0.5644022226333618,0.5857908725738525,0.5316331386566162,0.6004606485366821,0.5552393198013306,0.6068782210350037,0.5821494460105896,0.5999773144721985,0.576555073261261,0.6496975421905518,0.5484781861305237,0.6463266015052795,0.5733327269554138,0.6477571725845337,0.5973036289215088,0.643030047416687,water
0.7300758361816406,0.5640304684638977,0.6874085068702698,0.46946266293525696,0.633969783782959,0.3866878151893616,0.6099551916122437,0.30597764253616333,0.6154055595397949,0.23652219772338867,0.5585986375808716,0.42509061098098755,0.5073990225791931,0.47547200322151184,0.5314697623252869,0.49170976877212524,0.5572683215141296,0.48089614510536194,0.5573903322219849,0.48949021100997925,0.514896035194397,0.5306929349899292,0.5392748117446899,0.5420124530792236,0.5661958456039429,0.5288960933685303,0.5657668113708496,0.5560344457626343,0.5284014344215393,0.5806294083595276,0.5522192120552063,0.5904340147972107,0.5789176821708679,0.5814007520675659,0.5791111588478088,0.6184441447257996,0.5441490411758423,0.6262397766113281,0.5674620270729065,0.6314411163330078,0.5918493270874023,0.62657630443573,water
0.7361885905265808,0.5871930122375488,0.6915378570556641,0.4939062297344208,0.6356020569801331,0.410295307636261,0.6108066439628601,0.3301074504852295,0.6189079284667969,0.25722336769104004,0.5625967383384705,0.44284021854400635,0.5123895406723022,0.49817243218421936,0.537627100944519,0.5154682397842407,0.562897801399231,0.5034035444259644,0.5621203780174255,0.5083960294723511,0.5188617706298828,0.5555731654167175,0.5448168516159058,0.5667669773101807,0.5729069709777832,0.5527446866035461,0.5706659555435181,0.576262354850769,0.5336203575134277,0.6083877086639404,0.5572481751441956,0.6172256469726562,0.5838369131088257,0.6060282588005066,0.5836727023124695,0.6408870816230774,0.5490587949752808,0.6555837392807007,0.5728791356086731,0.6583006381988525,0.5977562069892883,0.6499519348144531,water
0.7537286877632141,0.6007670164108276,0.7112332582473755,0.5047511458396912,0.659515380859375,0.4196288585662842,0.636123538017273,0.3381894826889038,0.6457316875457764,0.2674645185470581,0.5864806175231934,0.45052963495254517,0.5316281914710999,0.504721999168396,0.5592892169952393,0.520240843296051,0.5860225558280945,0.5075344443321228,0.5851442217826843,0.516377866268158,0.5376682877540588,0.5577206015586853,0.5650144815444946,0.5684906840324402,0.5935774445533752,0.5568124651908875,0.5926477909088135,0.5836184024810791,0.5505956411361694,0.6079713702201843,0.575964093208313,0.6178066730499268,0.6036711931228638,0.60976642370224,0.6043097972869873,0.6477609276771545,0.5626336932182312,0.6539214849472046,0.587652325630188,0.6591096520423889,0.6139488816261292,0.6548657417297363,water
0.7649844884872437,0.5950767397880554,0.7240790724754333,0.49670469760894775,0.6725752949714661,0.4096097946166992,0.654147744178772,0.3271086812019348,0.669018566608429,0.25749868154525757,0.5972762107849121,0.43941810727119446,0.54283607006073,0.49517491459846497,0.5703747868537903,0.5114828944206238,0.5975767970085144,0.4982500672340393,0.5957374572753906,0.5042538642883301,0.5472486019134521,0.5485568642616272,0.5741894245147705,0.5606145858764648,0.602891743183136,0.5481924414634705,0.6029731035232544,0.5704590678215027,0.5596771240234375,0.5981754064559937,0.5850411057472229,0.6091175675392151,0.6125669479370117,0.5999530553817749,0.6145825386047363,0.6342692375183105,0.5717525482177734,0.643156886100769,0.5969240665435791,0.6493439078330994,0.6238166689872742,0.6443467140197754,water
0.7700235843658447,0.6060142517089844,0.7299520373344421,0.5044604539871216,0.682010293006897,0.41854754090309143,0.6704809665679932,0.33652782440185547,0.6907115578651428,0.27064526081085205,0.6041196584701538,0.44737350940704346,0.5480073094367981,0.5015727877616882,0.5744323134422302,0.5182214379310608,0.6022288203239441,0.5068755149841309,0.6006275415420532,0.5136876106262207,0.5518393516540527,0.5558925867080688,0.5779768228530884,0.5689422488212585,0.6074988842010498,0.5584288239479065,0.6061861515045166,0.58165442943573,0.5645123720169067,0.6081897020339966,0.5889977812767029,0.6188659071922302,0.6169055104255676,0.611542284488678,0.6169321537017822,0.6465591192245483,0.5768285989761353,0.6563141345977783,0.6012334823608398,0.6617234945297241,0.6275709271430969,0.6568053364753723,water
0.7590926289558411,0.6224879622459412,0.714574933052063,0.5232580900192261,0.665087103843689,0.4393194317817688,0.6526015996932983,0.3570134937763214,0.6727019548416138,0.2893877625465393,0.5869929790496826,0.47768986225128174,0.5333671569824219,0.5327489376068115,0.5609750747680664,0.5468465089797974,0.5895705819129944,0.5335285663604736,0.5865733623504639,0.5454555153846741,0.539732813835144,0.5867042541503906,0.566069483757019,0.5962573885917664,0.5956949591636658,0.5840153694152832,0.5957271456718445,0.6137869358062744,0.5539950132369995,0.6380003690719604,0.5779244899749756,0.6461515426635742,0.6060616970062256,0.6379435062408447,0.6091983318328857,0.6781358122825623,0.569359302520752,0.6855489015579224,0.5931797623634338,0.6879425048828125,0.6192666888237,0.6819062232971191,water
0.7515550851821899,0.6428819894790649,0.7065284252166748,0.5462260246276855,0.6558926701545715,0.46343886852264404,0.6406399607658386,0.3817731738090515,0.6588319540023804,0.31474438309669495,0.57914799451828,0.5067000985145569,0.5249249339103699,0.555438756942749,0.5520647168159485,0.5681032538414001,0.5807509422302246,0.5555636286735535,0.5783511996269226,0.5756740570068359,0.5317571759223938,0.6090252995491028,0.5581711530685425,0.6178548336029053,0.5872994661331177,0.6068585515022278,0.5872201919555664,0.6445952653884888,0.5452492237091064,0.6604341864585876,0.5693433284759521,0.6687572598457336,0.5975157022476196,0.6628271341323853,0.6005450487136841,0.708815336227417,0.5604753494262695,0.7093692421913147,0.5846520662307739,0.7126138210296631,0.6107669472694397,0.7094730734825134,water
0.7378613352775574,0.6546981334686279,0.6909230351448059,0.5571010112762451,0.6414182782173157,0.4763701558113098,0.624146044254303,0.3940281271934509,0.6399289965629578,0.3238661587238312,0.5664076805114746,0.523377537727356,0.5138264894485474,0.5688914060592651,0.542346179485321,0.5787672400474548,0.5707246661186218,0.5674934387207031,0.5659878253936768,0.5945489406585693,0.5217089056968689,0.6197214126586914,0.5485308170318604,0.6259980201721191,0.5777155160903931,0.6171470880508423,0.5749934315681458,0.6639824509620667,0.5371457934379578,0.670390248298645,0.5606247782707214,0.6764112710952759,0.5883854627609253,0.6725691556930542,0.5876864790916443,0.7271789908409119,0.5507836937904358,0.7198095917701721,0.5747220516204834,0.7205935716629028,0.5998051166534424,0.7181295156478882,water
0.7053541541099548,0.7012346386909485,0.6552910208702087,0.6082884669303894,0.6047728061676025,0.5346572399139404,0.5830562114715576,0.4532821774482727,0.5936960577964783,0.38327449560165405,0.5282273888587952,0.585549533367157,0.48277485370635986,0.6343784928321838,0.5105330348014832,0.6416110992431641,0.5367014408111572,0.630415141582489,0.5288968086242676,0.6590269804000854,0.4912145137786865,0.6869556903839111,0.5195050239562988,0.689193606376648,0.5488248467445374,0.6805345416069031,0.5403649210929871,0.7294274568557739,0.5060651302337646,0.7379335761070251,0.5298802852630615,0.7395514845848083,0.5580118298530579,0.7350441217422485,0.5558277368545532,0.7907875180244446,0.5247424840927124,0.7868187427520752,0.5485366582870483,0.783843457698822,0.5723839998245239,0.7787178754806519,water
0.6948828101158142,0.7051204442977905,0.6451417803764343,0.6069691777229309,0.5922778248786926,0.5328049063682556,0.5658283829689026,0.4525722861289978,0.5737935900688171,0.3782552480697632,0.5167626738548279,0.5872329473495483,0.4713931679725647,0.6373860836029053,0.5003103017807007,0.645767331123352,0.525964617729187,0.6343963742256165,0.5178417563438416,0.6636909246444702,0.47965192794799805,0.6869211792945862,0.5070334076881409,0.6882370114326477,0.5365190505981445,0.679053544998169,0.5290797352790833,0.7354607582092285,0.4972206950187683,0.737694501876831,0.519668459892273,0.7394373416900635,0.5478188395500183,0.7363239526748657,0.5437699556350708,0.7961077690124512,0.5183424949645996,0.7843858599662781,0.541770875453949,0.7824241518974304,0.5645954012870789,0.7790795564651489,water
0.6850265264511108,0.7276321053504944,0.6326875686645508,0.6269451379776001,0.5804468989372253,0.5538120269775391,0.5500755906105042,0.47405382990837097,0.5565910339355469,0.4006340801715851,0.5042979717254639,0.6124898195266724,0.4609110951423645,0.6541879177093506,0.4904125928878784,0.6622071266174316,0.5173230767250061,0.6549949049949646,0.5048900842666626,0.688196063041687,0.46743178367614746,0.7033533453941345,0.4945504367351532,0.7031756043434143,0.5252026319503784,0.6971843838691711,0.5174993872642517,0.7585270404815674,0.48738977313041687,0.7547908425331116,0.5091996192932129,0.7546088099479675,0.537621259689331,0.7526601552963257,0.5340731739997864,0.8176628947257996,0.5119916796684265,0.8029648661613464,0.5341593027114868,0.7991040945053101,0.5564839243888855,0.7959531545639038,water
0.6744650602340698,0.7358594536781311,0.6260425448417664,0.6351284384727478,0.5725305676460266,0.5593516230583191,0.5431014895439148,0.47998178005218506,0.5483238101005554,0.4070432186126709,0.49702563881874084,0.6109879612922668,0.45056024193763733,0.656184732913971,0.4798280894756317,0.6664785742759705,0.5082237124443054,0.658494770526886,0.495617538690567,0.6856474876403809,0.4555976986885071,0.7063889503479004,0.4830332100391388,0.7084792256355286,0.513992428779602,0.7012425065040588,0.5060282349586487,0.7575622200965881,0.47073429822921753,0.7567043900489807,0.494244247674942,0.7581648826599121,0.5232005715370178,0.7553516030311584,0.5215004682540894,0.8200225234031677,0.49543213844299316,0.8073872923851013,0.518884003162384,0.8042982220649719,0.5414181351661682,0.8005470633506775,water
0.7058178186416626,0.670840859413147,0.6627185344696045,0.5728306770324707,0.6109545230865479,0.4928693473339081,0.5844104290008545,0.4144120216369629,0.5914896130561829,0.3478882312774658,0.5365052819252014,0.5276480913162231,0.48346972465515137,0.5768744349479675,0.5114326477050781,0.5934699177742004,0.5393304228782654,0.5837292075157166,0.5320764780044556,0.5957674384117126,0.48821043968200684,0.6279333829879761,0.5134024620056152,0.6407843828201294,0.5405466556549072,0.6318152546882629,0.537574291229248,0.6651771068572998,0.5008029937744141,0.6798227429389954,0.524225652217865,0.6902539134025574,0.5515198707580566,0.6855685114860535,0.5479905605316162,0.7285725474357605,0.5173044800758362,0.7280421257019043,0.5411874055862427,0.7327867150306702,0.5649828910827637,0.7294402718544006,water
0.7515733242034912,0.5928817987442017,0.7126575708389282,0.49871182441711426,0.6636267900466919,0.4157251715660095,0.638378918170929,0.340750515460968,0.6465516686439514,0.2764204442501068,0.5874094367027283,0.435403436422348,0.5330206155776978,0.48960480093955994,0.5584935545921326,0.5113732814788818,0.584320068359375,0.5015809535980225,0.5827257633209229,0.49480557441711426,0.537318766117096,0.545189380645752,0.5627012252807617,0.5598756670951843,0.588955283164978,0.5463064908981323,0.5874638557434082,0.5592949390411377,0.5466090440750122,0.5966213345527649,0.5715250968933105,0.6090826392173767,0.5969558954238892,0.5969138741493225,0.5973791480064392,0.6224163770675659,0.558411180973053,0.6413212418556213,0.5840485095977783,0.6481579542160034,0.6093255877494812,0.640308141708374,water
0.7924596667289734,0.5311205387115479,0.756671667098999,0.44207480549812317,0.7099604606628418,0.3607255518436432,0.6873425245285034,0.2880619764328003,0.6989860534667969,0.22409774363040924,0.6364965438842773,0.3701653778553009,0.5792851448059082,0.4275719225406647,0.6055751442909241,0.45104774832725525,0.63113933801651,0.44256260991096497,0.6308701038360596,0.4265095591545105,0.5820683240890503,0.48130711913108826,0.6066678166389465,0.49735599756240845,0.6328681707382202,0.48553839325904846,0.6330039501190186,0.4882502555847168,0.5897777676582336,0.5281982421875,0.6129069924354553,0.5411712527275085,0.6379681825637817,0.5308361053466797,0.6399247050285339,0.548277735710144,0.6015974283218384,0.5706014633178711,0.62480628490448,0.5783253312110901,0.6486662030220032,0.5723853707313538,water
0.7831603288650513,0.5048693418502808,0.7553635239601135,0.4127868115901947,0.717278778553009,0.3322392702102661,0.6987655758857727,0.2592999041080475,0.7103972434997559,0.2045055329799652,0.6363977193832397,0.3478673994541168,0.5928515791893005,0.38618916273117065,0.6163089275360107,0.4062731862068176,0.6425240635871887,0.40487465262413025,0.625123143196106,0.40288645029067993,0.5960321426391602,0.43816328048706055,0.6182878017425537,0.45158982276916504,0.6442522406578064,0.44692009687423706,0.6238728761672974,0.46241170167922974,0.6015504598617554,0.4817574620246887,0.6220563054084778,0.4921886920928955,0.6467723250389099,0.48890021443367004,0.6269399523735046,0.5176249146461487,0.6064662933349609,0.522527813911438,0.6284348964691162,0.5298459529876709,0.6512279510498047,0.5280032157897949,water
0.7547693848609924,0.5101376175880432,0.7291597723960876,0.4279765784740448,0.6913485527038574,0.35394951701164246,0.6704418063163757,0.28732025623321533,0.6783499121665955,0.23228882253170013,0.6138215661048889,0.3662141263484955,0.5742654800415039,0.4111033082008362,0.5968960523605347,0.4297209084033966,0.6203057765960693,0.4254155158996582,0.6052232980728149,0.41592538356781006,0.5770474672317505,0.45973503589630127,0.5992371439933777,0.4713101387023926,0.6229480504989624,0.4624422490596771,0.6054649949073792,0.47085410356521606,0.5827487111091614,0.49915024638175964,0.6036831140518188,0.5084627270698547,0.6259611248970032,0.5004836320877075,0.6101306676864624,0.5226954817771912,0.5892594456672668,0.5348681211471558,0.6113398671150208,0.5408154726028442,0.6328614950180054,0.5356764793395996,water
0.7242238521575928,0.5376808643341064,0.6999821066856384,0.456868976354599,0.6654103994369507,0.3854277431964874,0.6491482853889465,0.3208579421043396,0.6576699018478394,0.26771223545074463,0.5923985242843628,0.3958718776702881,0.5524119734764099,0.43349510431289673,0.5741032361984253,0.4494139552116394,0.597751259803772,0.44620242714881897,0.5833844542503357,0.4447319209575653,0.553348183631897,0.4796395003795624,0.5749138593673706,0.4907323718070984,0.5980714559555054,0.48436829447746277,0.5831121802330017,0.4973638951778412,0.5581470727920532,0.5187187194824219,0.5782797932624817,0.5279508829116821,0.6003889441490173,0.5229240655899048,0.5873588919639587,0.5473746657371521,0.5645055174827576,0.554929256439209,0.5862280130386353,0.5604442358016968,0.607539176940918,0.5571224093437195,water
0.7108461260795593,0.5471282601356506,0.6884732842445374,0.4687635004520416,0.6533731818199158,0.39567434787750244,0.63717120885849,0.33144229650497437,0.646655261516571,0.2787371277809143,0.5823432207107544,0.4027409553527832,0.5424880981445312,0.4420923590660095,0.5634047389030457,0.4587613046169281,0.5867587327957153,0.45581603050231934,0.572950005531311,0.44980520009994507,0.5422317385673523,0.4868467152118683,0.563153088092804,0.49735793471336365,0.5862381458282471,0.49026304483413696,0.5713308453559875,0.5010092854499817,0.5470717549324036,0.5248268246650696,0.5664619207382202,0.5337458848953247,0.5880469083786011,0.5277361273765564,0.574091911315918,0.5503086447715759,0.5531589388847351,0.5598467588424683,0.5741317272186279,0.56592857837677,0.594569206237793,0.5619518756866455,water
0.6826606392860413,0.5542733073234558,0.6644993424415588,0.4822922348976135,0.6327350735664368,0.4112423360347748,0.6183217167854309,0.3504486680030823,0.6290861368179321,0.3015066981315613,0.5649871826171875,0.41338807344436646,0.5264037847518921,0.4563533663749695,0.5458821058273315,0.4735604524612427,0.5661782026290894,0.469937801361084,0.5556389689445496,0.455920934677124,0.5250332355499268,0.4993577301502228,0.5446730852127075,0.5098322033882141,0.5655512809753418,0.5024670958518982,0.5532107949256897,0.5028918385505676,0.5293639302253723,0.5339967608451843,0.548159658908844,0.5421556830406189,0.5676013827323914,0.5347763299942017,0.5546103715896606,0.5491900444030762,0.5353284478187561,0.5656447410583496,0.5555171370506287,0.5714150667190552,0.5738551616668701,0.5664351582527161,water
0.6857617497444153,0.5389247536659241,0.6653231978416443,0.4665098190307617,0.6332491636276245,0.39827895164489746,0.6193961501121521,0.3399612307548523,0.6287521123886108,0.29376333951950073,0.5694523453712463,0.3999491035938263,0.5256733298301697,0.4401339292526245,0.5459159016609192,0.4575694799423218,0.5664350390434265,0.4521820545196533,0.5615732669830322,0.4430449604988098,0.525171160697937,0.4821705222129822,0.5445008277893066,0.49421370029449463,0.5650812387466431,0.48543837666511536,0.5603206753730774,0.4899103045463562,0.5309295058250427,0.5187323093414307,0.5491799116134644,0.5282886028289795,0.5684587955474854,0.5200982689857483,0.5629270076751709,0.5359403491020203,0.5369632840156555,0.5492563247680664,0.5565763115882874,0.5568870902061462,0.5755867958068848,0.5525636076927185,water
0.6923121809959412,0.5279373526573181,0.6720436811447144,0.45570093393325806,0.6391705274581909,0.38717547059059143,0.6249150633811951,0.32850363850593567,0.6336295008659363,0.28152570128440857,0.5750513076782227,0.39067211747169495,0.5307208895683289,0.43127959966659546,0.5508846044540405,0.447675496339798,0.5716692805290222,0.44185465574264526,0.5678320527076721,0.43263348937034607,0.5316982269287109,0.47376900911331177,0.5511943101882935,0.4845696985721588,0.5713684558868408,0.4754979908466339,0.5668942332267761,0.4787895977497101,0.5377309918403625,0.5093245506286621,0.5564346313476562,0.5180231332778931,0.5752900838851929,0.5094587802886963,0.5696243047714233,0.5242345929145813,0.5439804196357727,0.540032684803009,0.5639721155166626,0.546789288520813,0.5826023817062378,0.5417793989181519,water
0.7104499936103821,0.5357557535171509,0.6891552805900574,0.46095746755599976,0.6552490592002869,0.3909628987312317,0.6400102972984314,0.3302200734615326,0.6498764157295227,0.2819574773311615,0.5895134806632996,0.3978075087070465,0.5457057952880859,0.43722984194755554,0.5659909844398499,0.4543735980987549,0.5875963568687439,0.4498244524002075,0.5819963812828064,0.4424061179161072,0.5450615286827087,0.4811527729034424,0.5651241540908813,0.4937625527381897,0.586085319519043,0.4861852526664734,0.5817641019821167,0.4904821217060089,0.5517463088035583,0.519376814365387,0.5708398222923279,0.5288341045379639,0.5905917882919312,0.5221238732337952,0.5859693288803101,0.5373351573944092,0.5596911311149597,0.5528916120529175,0.579818844795227,0.5593516230583191,0.598781168460846,0.5549635887145996,water
0.7217238545417786,0.5371187925338745,0.6968923807144165,0.4628671407699585,0.6607224941253662,0.39355647563934326,0.6444298028945923,0.33235156536102295,0.6534062027931213,0.2816914916038513,0.5976946949958801,0.40142402052879333,0.5505713820457458,0.4452015459537506,0.5725585222244263,0.46201202273368835,0.5940929055213928,0.4543071389198303,0.5920721292495728,0.4468704164028168,0.5516323447227478,0.49006223678588867,0.5732852816581726,0.5013147592544556,0.5946347117424011,0.49021485447883606,0.5928688049316406,0.4955870509147644,0.5601710081100464,0.5292984247207642,0.5810675621032715,0.5375890135765076,0.6011576652526855,0.5271528363227844,0.5977139472961426,0.5428717732429504,0.5686875581741333,0.5596754550933838,0.590065598487854,0.5659773349761963,0.6101014018058777,0.559837818145752,water
0.736035168170929,0.5293295383453369,0.7088595628738403,0.4521125257015228,0.6704615354537964,0.3817279040813446,0.65345299243927,0.31832534074783325,0.6613423824310303,0.2651379704475403,0.6049014925956726,0.39348137378692627,0.5560991764068604,0.441786527633667,0.5789551138877869,0.4563653767108917,0.6007952690124512,0.4461316764354706,0.600689709186554,0.44159817695617676,0.5584613084793091,0.4872133731842041,0.5808348059654236,0.4969511926174164,0.6025264859199524,0.4841909110546112,0.6029574871063232,0.4925771951675415,0.5680043697357178,0.5280017256736755,0.5897406339645386,0.5352803468704224,0.6101434230804443,0.5233936905860901,0.6095101833343506,0.5414634943008423,0.5782368183135986,0.5597607493400574,0.6006313562393188,0.5654155015945435,0.621073305606842,0.5578925609588623,water
0.7478685975074768,0.5200229287147522,0.7185515761375427,0.44081512093544006,0.675451934337616,0.36743345856666565,0.6569709777832031,0.30043160915374756,0.6679815649986267,0.2462153434753418,0.6091285943984985,0.38058769702911377,0.5593445897102356,0.43003225326538086,0.5824183225631714,0.44547441601753235,0.6050482392311096,0.43584129214286804,0.6043219566345215,0.4301857352256775,0.5627565979957581,0.47529929876327515,0.5850346088409424,0.48659026622772217,0.6074569821357727,0.4753856062889099,0.606834352016449,0.483467161655426,0.5722365379333496,0.5160406231880188,0.5934406518936157,0.5245862007141113,0.6148971915245056,0.5138753056526184,0.613237202167511,0.5340569615364075,0.5826338529586792,0.5507063865661621,0.6047850251197815,0.5564134120941162,0.6256642937660217,0.5493590235710144,water
0.744391143321991,0.5253152251243591,0.713649570941925,0.4420761168003082,0.6727401614189148,0.3684324622154236,0.6511167287826538,0.30149078369140625,0.6570748090744019,0.24510547518730164,0.5964213013648987,0.38767892122268677,0.5519618391990662,0.4363856017589569,0.574995219707489,0.4554091691970825,0.5979679226875305,0.44955018162727356,0.5897995233535767,0.4393700063228607,0.5579323768615723,0.4879806637763977,0.5798819065093994,0.5002456307411194,0.6020210981369019,0.48921000957489014,0.5930025577545166,0.49569839239120483,0.5682904124259949,0.5297670364379883,0.5889968872070312,0.537866473197937,0.6104861497879028,0.5276966691017151,0.60077965259552,0.548994779586792,0.5784850120544434,0.5649763345718384,0.6001006960868835,0.5690962076187134,0.6209652423858643,0.5624609589576721,water
0.7361816167831421,0.5366940498352051,0.6995466351509094,0.4549199342727661,0.650191605091095,0.3838239908218384,0.6185065507888794,0.31971773505210876,0.6190592646598816,0.258090615272522,0.5907890796661377,0.3929210305213928,0.534082293510437,0.44704926013946533,0.5587313175201416,0.46297332644462585,0.5821990966796875,0.44995561242103577,0.5895055532455444,0.44423967599868774,0.5369767546653748,0.4940526783466339,0.5621575117111206,0.5058425664901733,0.5860731601715088,0.49187231063842773,0.5937818288803101,0.5002988576889038,0.5476661920547485,0.5394887328147888,0.571603536605835,0.5481629967689514,0.5947132110595703,0.5339686870574951,0.6018032431602478,0.5548009872436523,0.5619828104972839,0.5748024582862854,0.5854822397232056,0.5795645713806152,0.6080971956253052,0.5696052312850952,water
0.7384347319602966,0.5393420457839966,0.7011286616325378,0.45827585458755493,0.6459911465644836,0.3891890048980713,0.6012154817581177,0.3369107246398926,0.5885187983512878,0.2789905071258545,0.5968709588050842,0.39780139923095703,0.5355043411254883,0.4488797187805176,0.5594749450683594,0.46403783559799194,0.5843253135681152,0.45231184363365173,0.5975465178489685,0.45190033316612244,0.5389952659606934,0.49647119641304016,0.5632284283638,0.5097394585609436,0.5880654454231262,0.4978736639022827,0.6011114716529846,0.5099619626998901,0.5499283671379089,0.5433717966079712,0.574148952960968,0.5544926524162292,0.5988454222679138,0.5429049134254456,0.6066803932189941,0.5676188468933105,0.5630201697349548,0.5858874320983887,0.5872786641120911,0.5927793383598328,0.6103149652481079,0.5843473076820374,water
0.7318911552429199,0.5447758436203003,0.6988286972045898,0.4599466919898987,0.6458230018615723,0.3918002247810364,0.5974235534667969,0.34389209747314453,0.5811330080032349,0.28782540559768677,0.60245281457901,0.3971408009529114,0.5362047553062439,0.4406004250049591,0.559190034866333,0.4540446400642395,0.5833759903907776,0.44375133514404297,0.6007966995239258,0.4563561677932739,0.5394176244735718,0.4917297959327698,0.5642038583755493,0.5036097168922424,0.5889676213264465,0.49451369047164917,0.6020114421844482,0.5185497999191284,0.5478506088256836,0.5422952175140381,0.5731629133224487,0.5520790815353394,0.5987357497215271,0.5445248484611511,0.6058838367462158,0.5800099968910217,0.5602340698242188,0.588419497013092,0.5852736234664917,0.5941988825798035,0.6083618998527527,0.5883696675300598,water
0.7344002723693848,0.5560253858566284,0.7019033432006836,0.47120341658592224,0.6446350812911987,0.4035847783088684,0.5926855802536011,0.3592059016227722,0.5739694833755493,0.3059017062187195,0.6061702966690063,0.4064721465110779,0.5404613614082336,0.4441090226173401,0.5618940591812134,0.4585663080215454,0.5860419273376465,0.45114248991012573,0.6041691899299622,0.465917706489563,0.5413012504577637,0.4953937232494354,0.564853847026825,0.5089170336723328,0.5902960896492004,0.5025720596313477,0.6049397587776184,0.5270247459411621,0.5500855445861816,0.5466821193695068,0.5745576024055481,0.5582469701766968,0.6003825664520264,0.5528750419616699,0.6083332896232605,0.5873437523841858,0.5619179010391235,0.5916504859924316,0.5865945816040039,0.599859356880188,0.6100859642028809,0.596245527267456,water
0.7373082637786865,0.557596743106842,0.7021241188049316,0.47183895111083984,0.6478761434555054,0.3998403549194336,0.6019863486289978,0.34525442123413086,0.5881906151771545,0.2873026728630066,0.6081032156944275,0.4064914882183075,0.539825439453125,0.4473586678504944,0.5640305280685425,0.46164238452911377,0.5896158814430237,0.4514690935611725,0.6067368388175964,0.46750980615615845,0.5415681004524231,0.4980212152004242,0.5662938952445984,0.5117414593696594,0.5926567912101746,0.5039650797843933,0.6079198718070984,0.5308271646499634,0.5505509972572327,0.5487964749336243,0.5756072998046875,0.5604748129844666,0.6024511456489563,0.5542373657226562,0.6112236380577087,0.5926337242126465,0.5629450082778931,0.5944011807441711,0.5875822901725769,0.6018009185791016,0.6116987466812134,0.5980634093284607,water
0.7414733171463013,0.5653867721557617,0.7050949335098267,0.47672030329704285,0.652856707572937,0.40168672800064087,0.619465708732605,0.334283709526062,0.6201180815696716,0.271640419960022,0.6099268794059753,0.41303396224975586,0.5412899255752563,0.4510624408721924,0.5653006434440613,0.4658530354499817,0.5925474166870117,0.456618070602417,0.6082667708396912,0.47188735008239746,0.5439369082450867,0.4992550313472748,0.5685875415802002,0.5134686827659607,0.5963134169578552,0.5075919032096863,0.6089627146720886,0.5340315103530884,0.553564190864563,0.5486778020858765,0.5774110555648804,0.5607130527496338,0.6044092178344727,0.5566177368164062,0.6122990250587463,0.5941529870033264,0.5658326745033264,0.5946515798568726,0.5896242260932922,0.6028505563735962,0.613942563533783,0.6021547317504883,water
0.7378250956535339,0.5693723559379578,0.7026987075805664,0.4823737144470215,0.6516109704971313,0.40597790479660034,0.6225336194038391,0.3365243077278137,0.6284027099609375,0.2757141590118408,0.6053826212882996,0.41791629791259766,0.5377159714698792,0.4556751847267151,0.5605916380882263,0.4729177951812744,0.5871410965919495,0.46527987718582153,0.6029031872749329,0.47646814584732056,0.5397628545761108,0.5042737722396851,0.5638455152511597,0.5195222496986389,0.5915793180465698,0.5140743851661682,0.6033481955528259,0.5376148819923401,0.5490150451660156,0.5527455806732178,0.5720074772834778,0.565712034702301,0.5988302230834961,0.5624859929084778,0.6068946719169617,0.5963113903999329,0.5602902173995972,0.5966963171958923,0.5832934975624084,0.6059862971305847,0.6073805689811707,0.6059673428535461,water
0.7381347417831421,0.557655930519104,0.7029825448989868,0.4715855121612549,0.6526755690574646,0.3948521614074707,0.6247425675392151,0.32540249824523926,0.6303464770317078,0.26456737518310547,0.6061961650848389,0.40514373779296875,0.5385801792144775,0.44590693712234497,0.5615544319152832,0.4639965295791626,0.5883069038391113,0.4563252925872803,0.6031679511070251,0.4635183811187744,0.5405133366584778,0.49530813097953796,0.5643556118011475,0.5114777088165283,0.5923519730567932,0.5048580765724182,0.6029572486877441,0.5248531103134155,0.5495831370353699,0.5441614985466003,0.5728740692138672,0.5576199293136597,0.6001748442649841,0.5527710914611816,0.6058047413825989,0.5839632749557495,0.5615522861480713,0.5886146426200867,0.5855759978294373,0.5982218980789185,0.6102088093757629,0.5963826179504395,water
0.7288756966590881,0.5654503703117371,0.6943311095237732,0.47534677386283875,0.6489889621734619,0.3958648443222046,0.6300007104873657,0.32303327322006226,0.6422831416130066,0.2635692358016968,0.5925420522689819,0.4100806415081024,0.5295238494873047,0.4536122679710388,0.5545497536659241,0.4706615209579468,0.5805546641349792,0.46094757318496704,0.5889836549758911,0.46859779953956604,0.5310920476913452,0.5020550489425659,0.5562518835067749,0.5163925290107727,0.5838041305541992,0.5079377889633179,0.5907863974571228,0.5295995473861694,0.5401492714881897,0.5505751371383667,0.5633086562156677,0.5632333755493164,0.589738130569458,0.5570590496063232,0.5965785384178162,0.589110791683197,0.5515207052230835,0.5925367474555969,0.5739409327507019,0.6009717583656311,0.5986846685409546,0.598973274230957,water
0.7135360836982727,0.5759077668190002,0.6808269023895264,0.4829823672771454,0.6400727033615112,0.40016788244247437,0.6254397630691528,0.32473161816596985,0.6404656171798706,0.2644694149494171,0.5633953809738159,0.4122150242328644,0.5088284015655518,0.4619855284690857,0.5315225124359131,0.48427170515060425,0.5561896562576294,0.4786366820335388,0.5549839735031128,0.4708777368068695,0.5105078816413879,0.5145869851112366,0.5331223607063293,0.531586229801178,0.5589101314544678,0.5228213667869568,0.5555306673049927,0.534157395362854,0.516804575920105,0.5636405944824219,0.5384016036987305,0.5779865384101868,0.5634664297103882,0.5714960694313049,0.561629056930542,0.5962411761283875,0.5256882905960083,0.6061347126960754,0.5476394295692444,0.6154128313064575,0.5712929964065552,0.6129217147827148,water
0.6918656826019287,0.5740551948547363,0.6614145636558533,0.4767448306083679,0.6216492652893066,0.3911227285861969,0.6089847087860107,0.31249409914016724,0.6280238628387451,0.2536756992340088,0.5305407643318176,0.41308414936065674,0.4821399450302124,0.46468937397003174,0.5055504441261292,0.4849160611629486,0.531718909740448,0.47986918687820435,0.5215939879417419,0.47336626052856445,0.48425883054733276,0.5218015909194946,0.5087171196937561,0.5337216854095459,0.5358007550239563,0.5241780877113342,0.5232247710227966,0.5373247861862183,0.4925081431865692,0.5699670314788818,0.515568733215332,0.5786557793617249,0.5408469438552856,0.571773886680603,0.5306310653686523,0.5988548994064331,0.5041990876197815,0.6143316030502319,0.528355062007904,0.6174969673156738,0.5515575408935547,0.6111323833465576,water
0.6549916863441467,0.5790392160415649,0.6210755109786987,0.48865678906440735,0.5788009762763977,0.40941953659057617,0.5639230608940125,0.33478888869285583,0.579723060131073,0.2751079201698303,0.47916465997695923,0.4363711178302765,0.4419139325618744,0.4977569580078125,0.46468642354011536,0.5201370120048523,0.4890557527542114,0.5150184035301208,0.47165170311927795,0.49281197786331177,0.4469417631626129,0.5590328574180603,0.4724076986312866,0.568282961845398,0.49806421995162964,0.5529953241348267,0.4762366712093353,0.5549638271331787,0.45610204339027405,0.6048722267150879,0.47986331582069397,0.6112270951271057,0.5036300420761108,0.5971348881721497,0.4860932528972626,0.6151132583618164,0.4682208001613617,0.645916223526001,0.4926432967185974,0.6472893357276917,0.5150936841964722,0.6362048387527466,water
0.6387808918952942,0.5885496139526367,0.6011646389961243,0.4989207684993744,0.5548664927482605,0.42232847213745117,0.537389874458313,0.34680646657943726,0.5532554984092712,0.2854195237159729,0.44876405596733093,0.46084386110305786,0.416757732629776,0.5278235673904419,0.4418330788612366,0.5531197786331177,0.4676094055175781,0.5498874187469482,0.44152921438217163,0.5220398306846619,0.42727333307266235,0.5894513130187988,0.4548516273498535,0.6013761758804321,0.4822286069393158,0.5890717506408691,0.44890478253364563,0.5866628885269165,0.44051122665405273,0.6357967853546143,0.4656559228897095,0.6429576873779297,0.4926240146160126,0.6312010884284973,0.4617293179035187,0.6480882167816162,0.4505559206008911,0.6789515614509583,0.4739135801792145,0.6825211048126221,0.49709150195121765,0.6739359498023987,water
0.6265754699707031,0.637730062007904,0.5843839645385742,0.5397499203681946,0.5395131707191467,0.4602934420108795,0.5237137675285339,0.3829437792301178,0.5394508838653564,0.3189176321029663,0.4346168041229248,0.4978008270263672,0.4061397314071655,0.5594843626022339,0.43766316771507263,0.580997109413147,0.4664510190486908,0.5757149457931519,0.4235391914844513,0.5620892643928528,0.4136386513710022,0.617722749710083,0.4470558762550354,0.6293160915374756,0.47632327675819397,0.6173341274261475,0.429345965385437,0.6297446489334106,0.4266919791698456,0.6690939664840698,0.4562763571739197,0.6759583353996277,0.483264297246933,0.6639636754989624,0.44159093499183655,0.6933358907699585,0.43413180112838745,0.714764416217804,0.4619894027709961,0.7157989740371704,0.4855772852897644,0.7051845788955688,water
0.6232535243034363,0.6346898674964905,0.5845882892608643,0.5366251468658447,0.54502272605896,0.4550105929374695,0.5324140191078186,0.3773226737976074,0.5499227046966553,0.31718912720680237,0.4404401183128357,0.48291170597076416,0.411499559879303,0.5435218811035156,0.4400271773338318,0.5666174292564392,0.4653056859970093,0.563332200050354,0.42897993326187134,0.5454434752464294,0.41258203983306885,0.6052746772766113,0.44349703192710876,0.6179484128952026,0.4712855815887451,0.6071496605873108,0.43279343843460083,0.6126759648323059,0.42142319679260254,0.658818244934082,0.44904419779777527,0.6669294238090515,0.47441357374191284,0.6561089754104614,0.4429803192615509,0.6760919094085693,0.4296862483024597,0.7015866041183472,0.4570148289203644,0.703952968120575,0.4805610179901123,0.6944230198860168,water
0.6226952075958252,0.6434968709945679,0.5892077684402466,0.5469450354576111,0.5514816641807556,0.46404027938842773,0.5420186519622803,0.3852730393409729,0.5620060563087463,0.32812803983688354,0.44737574458122253,0.47926679253578186,0.4068392515182495,0.538608968257904,0.4342077374458313,0.5617311000823975,0.46009451150894165,0.5561766028404236,0.43504950404167175,0.5426951050758362,0.4070984125137329,0.5985456109046936,0.43624937534332275,0.61199951171875,0.4651428461074829,0.6008862853050232,0.43597790598869324,0.610517680644989,0.4143081605434418,0.6514344215393066,0.44044286012649536,0.6618936657905579,0.4669859707355499,0.6527302265167236,0.443742036819458,0.6743309497833252,0.4241586923599243,0.6973872184753418,0.4505786895751953,0.7024089097976685,0.4762192964553833,0.6947983503341675,water
0.6073772311210632,0.6459991335868835,0.5779436230659485,0.5459561944007874,0.5480793714523315,0.46324968338012695,0.5466280579566956,0.3859458565711975,0.5720044374465942,0.33448952436447144,0.44046613574028015,0.46953362226486206,0.400157630443573,0.524066150188446,0.4264599680900574,0.5501640439033508,0.4528184235095978,0.5487960577011108,0.4244288206100464,0.5302537679672241,0.39826056361198425,0.5825901627540588,0.42655664682388306,0.5995284914970398,0.4550425112247467,0.5941033363342285,0.4227137267589569,0.5962269902229309,0.40206924080848694,0.6339747905731201,0.4273892045021057,0.6472018957138062,0.45348280668258667,0.6427420377731323,0.4279172420501709,0.6586933135986328,0.40753647685050964,0.6801587343215942,0.4345056116580963,0.6874875426292419,0.4598967730998993,0.6825314164161682,water
0.5815404653549194,0.6475555896759033,0.5625532865524292,0.5438506603240967,0.5449092984199524,0.45987409353256226,0.5518305897712708,0.3858100473880768,0.5814418196678162,0.3411027789115906,0.43804481625556946,0.4553242623806,0.3942307233810425,0.49972599744796753,0.4186026155948639,0.5280199646949768,0.4449794888496399,0.5310444235801697,0.41671520471572876,0.5156373381614685,0.38532698154449463,0.554875373840332,0.41079699993133545,0.5759676098823547,0.4407126009464264,0.5770834684371948,0.4081185460090637,0.581606388092041,0.3837396204471588,0.6072127819061279,0.4065917432308197,0.625050961971283,0.43449220061302185,0.6273432970046997,0.40623074769973755,0.6437638401985168,0.3840560019016266,0.6589360237121582,0.4088934361934662,0.6709062457084656,0.43537962436676025,0.6708646416664124,water
0.5809823274612427,0.6378729343414307,0.5619881749153137,0.5318009853363037,0.5455692410469055,0.4462878406047821,0.5532355308532715,0.3697454333305359,0.5830421447753906,0.3199616074562073,0.4379540681838989,0.4389098286628723,0.39229196310043335,0.48278966546058655,0.41698887944221497,0.5136341452598572,0.44343098998069763,0.5169838070869446,0.41565555334091187,0.5007028579711914,0.3834034502506256,0.5395247936248779,0.40899497270584106,0.5635541081428528,0.43853479623794556,0.5653659105300903,0.4072541296482086,0.5681588053703308,0.38295841217041016,0.5950777530670166,0.4064415991306305,0.6140908598899841,0.43425238132476807,0.616744875907898,0.40582922101020813,0.6316248774528503,0.3840458393096924,0.6459195017814636,0.4090384840965271,0.6580873727798462,0.4348841607570648,0.6586004495620728,water
0.5859502553939819,0.6537995338439941,0.5661455988883972,0.5490573048591614,0.5518836379051208,0.4654311537742615,0.5592257380485535,0.38746023178100586,0.5885133743286133,0.3348456621170044,0.4409946799278259,0.45282262563705444,0.39912569522857666,0.49368274211883545,0.42531633377075195,0.5241166949272156,0.4510709345340729,0.5278811454772949,0.41725292801856995,0.5152142643928528,0.38978418707847595,0.5502489805221558,0.4163823127746582,0.5735132098197937,0.4480595588684082,0.5770134329795837,0.40813854336738586,0.5846444964408875,0.38904011249542236,0.6077076196670532,0.41246041655540466,0.6266053915023804,0.4419865012168884,0.6313198208808899,0.4055747389793396,0.6498337984085083,0.3847044110298157,0.6584926843643188,0.40877190232276917,0.6708581447601318,0.43625566363334656,0.6725791692733765,water
0.5928070545196533,0.639864444732666,0.5745431780815125,0.533303439617157,0.5591946840286255,0.44722044467926025,0.5680756568908691,0.3716820478439331,0.5999031066894531,0.32786285877227783,0.4521114230155945,0.43796759843826294,0.40495455265045166,0.4811300039291382,0.42723914980888367,0.514416515827179,0.4521527886390686,0.5199959874153137,0.42823466658592224,0.4966141879558563,0.39598721265792847,0.536328911781311,0.4193125367164612,0.5618230700492859,0.44780871272087097,0.5645204186439514,0.4174403250217438,0.5622361302375793,0.3934853672981262,0.5873249769210815,0.41473469138145447,0.6085922122001648,0.44209980964660645,0.6134944558143616,0.41335779428482056,0.6242926120758057,0.39180997014045715,0.6385862827301025,0.41461697220802307,0.6539973020553589,0.4396371841430664,0.6572427749633789,water
0.5979096293449402,0.6303097605705261,0.5870620608329773,0.5248134732246399,0.5773279070854187,0.4387068450450897,0.588749349117279,0.36585521697998047,0.6219052672386169,0.32536858320236206,0.47222742438316345,0.41091200709342957,0.42269158363342285,0.45651838183403015,0.44271209836006165,0.4926674962043762,0.4659445285797119,0.49981746077537537,0.445163756608963,0.4628702402114868,0.40920916199684143,0.5092484951019287,0.4312136173248291,0.5381924510002136,0.45957034826278687,0.5433663725852966,0.4300883710384369,0.5254773497581482,0.4014318585395813,0.5559433698654175,0.42222052812576294,0.5803422927856445,0.4492195248603821,0.5873659253120422,0.4220956861972809,0.5882568955421448,0.39642852544784546,0.6056418418884277,0.4191538989543915,0.6224456429481506,0.4444129467010498,0.6273984313011169,water
0.5977970957756042,0.615501880645752,0.5985293984413147,0.5152170658111572,0.5960479974746704,0.4332480728626251,0.6110851764678955,0.36396506428718567,0.6464214324951172,0.3294289708137512,0.49378156661987305,0.38314104080200195,0.44803041219711304,0.4230300784111023,0.46415063738822937,0.46064144372940063,0.486687034368515,0.47240400314331055,0.46139344573020935,0.42664429545402527,0.42522335052490234,0.46952342987060547,0.44429975748062134,0.5014423727989197,0.47195786237716675,0.5137001872062683,0.4403309226036072,0.4841272830963135,0.411446213722229,0.5151894688606262,0.4314591586589813,0.5416705012321472,0.4575783610343933,0.5522789359092712,0.4272094964981079,0.5433830618858337,0.4021303057670593,0.5635759830474854,0.42448487877845764,0.5843779444694519,0.448394238948822,0.5910915732383728,water
0.5837053060531616,0.6403839588165283,0.5956861972808838,0.5340684652328491,0.6033242344856262,0.45263195037841797,0.624756395816803,0.38729313015937805,0.6625015735626221,0.3575071096420288,0.5044329762458801,0.386264830827713,0.4540388286113739,0.41178053617477417,0.4672348201274872,0.4518323242664337,0.48871171474456787,0.46793830394744873,0.4664250612258911,0.4252476096153259,0.42913731932640076,0.45501166582107544,0.4455522894859314,0.49168044328689575,0.471790611743927,0.5089772343635559,0.4390265941619873,0.4795754551887512,0.41217631101608276,0.49804866313934326,0.42805910110473633,0.5288863182067871,0.45220330357551575,0.5470041036605835,0.4190003573894501,0.5369709730148315,0.395490825176239,0.5465589165687561,0.41455620527267456,0.5704185962677002,0.43731069564819336,0.5821884274482727,water
0.5781130790710449,0.6521924138069153,0.588489294052124,0.5474724769592285,0.5935209393501282,0.4621135890483856,0.6162931323051453,0.39420071244239807,0.653445839881897,0.3604193329811096,0.49264436960220337,0.4028726816177368,0.43663251399993896,0.4288007616996765,0.45390671491622925,0.46412160992622375,0.4786987900733948,0.47921156883239746,0.4562317728996277,0.4484253525733948,0.41678914427757263,0.47744542360305786,0.4358399510383606,0.5074905157089233,0.46228015422821045,0.5212569236755371,0.4300437569618225,0.5059617161750793,0.40303748846054077,0.5223560929298401,0.41940075159072876,0.5473495721817017,0.4432925581932068,0.5628485679626465,0.41004160046577454,0.5641807317733765,0.38953354954719543,0.5701864957809448,0.4089856743812561,0.5910939574241638,0.43054839968681335,0.6012810468673706,water
0.5956130623817444,0.6850442886352539,0.5749152898788452,0.5793361067771912,0.5547277927398682,0.49665963649749756,0.5560168623924255,0.41856661438941956,0.5810663104057312,0.36443719267845154,0.44437721371650696,0.4950077533721924,0.4100498557090759,0.5348922610282898,0.4381369948387146,0.5609131455421448,0.46547192335128784,0.5644949674606323,0.42310747504234314,0.5573229789733887,0.4005110263824463,0.5899413228034973,0.42812132835388184,0.6085776090621948,0.4610329568386078,0.6121550798416138,0.4153278172016144,0.6261030435562134,0.399406373500824,0.6462966203689575,0.4237017035484314,0.6627923846244812,0.45478206872940063,0.6684706211090088,0.4135053753852844,0.6912738084793091,0.3991919457912445,0.7005770206451416,0.42439109086990356,0.7121295928955078,0.4522302746772766,0.7137641906738281,water
0.6162174940109253,0.6691046357154846,0.5851755142211914,0.5644193887710571,0.5524613261222839,0.47700235247612,0.5447577238082886,0.3963201344013214,0.5644648671150208,0.33700647950172424,0.4492571949958801,0.4947437047958374,0.40819817781448364,0.5443077683448792,0.4357697069644928,0.5697882771492004,0.4645477533340454,0.5684985518455505,0.4335290193557739,0.5606510043144226,0.407010555267334,0.6015603542327881,0.4347507953643799,0.6215845942497253,0.4657381772994995,0.6185056567192078,0.4320499300956726,0.6302240490913391,0.41192567348480225,0.657609760761261,0.43678826093673706,0.67377769947052,0.4662149250507355,0.6719942688941956,0.43687406182289124,0.6953892111778259,0.4163733124732971,0.7085633277893066,0.442055344581604,0.717232882976532,0.4687172770500183,0.7138079404830933,water
0.6404309868812561,0.6464252471923828,0.6027118563652039,0.5482516288757324,0.5608392357826233,0.4652104377746582,0.5450795292854309,0.386752724647522,0.5603442788124084,0.32652968168258667,0.45884421467781067,0.48962539434432983,0.41412198543548584,0.544510006904602,0.4410567879676819,0.5696150064468384,0.4693073034286499,0.5663827061653137,0.4476296007633209,0.5535354614257812,0.41827666759490967,0.6038645505905151,0.4447678029537201,0.6208576560020447,0.47262388467788696,0.6122143268585205,0.45018017292022705,0.6215992569923401,0.4267147183418274,0.6556868553161621,0.4510006010532379,0.6686054468154907,0.47813156247138977,0.6624953150749207,0.4594248831272125,0.6863135695457458,0.43769389390945435,0.704422652721405,0.46369412541389465,0.7102705836296082,0.48890388011932373,0.7042173743247986,water
0.6485486030578613,0.6452599167823792,0.6103622317314148,0.5439603924751282,0.5658831000328064,0.46113306283950806,0.5478771924972534,0.3816951513290405,0.5609932541847229,0.32171404361724854,0.4687309265136719,0.4941197633743286,0.4202169179916382,0.5419060587882996,0.44652992486953735,0.5612745881080627,0.4766744375228882,0.5564984679222107,0.46000465750694275,0.5599309206008911,0.4252016842365265,0.600045382976532,0.4515702724456787,0.6137514710426331,0.4797406792640686,0.6050958037376404,0.46513432264328003,0.6281259059906006,0.43486982583999634,0.6535553336143494,0.46001335978507996,0.6641415357589722,0.4884275496006012,0.6592321395874023,0.47735127806663513,0.6926928758621216,0.4472002685070038,0.7027149796485901,0.4735710918903351,0.7068878412246704,0.5001432299613953,0.7022417187690735,water
0.6481636166572571,0.6411706805229187,0.6077436208724976,0.5403630137443542,0.5601457953453064,0.46051979064941406,0.5414055585861206,0.3812849223613739,0.5536180734634399,0.317277729511261,0.4694885015487671,0.49911758303642273,0.42077893018722534,0.5503665804862976,0.4468032717704773,0.5678229331970215,0.4759086072444916,0.5600566864013672,0.46344348788261414,0.5665105581283569,0.42588552832603455,0.6060355305671692,0.45196399092674255,0.6177177429199219,0.480420857667923,0.6074102520942688,0.4710406959056854,0.6359455585479736,0.4372973144054413,0.6606037616729736,0.46224337816238403,0.669939398765564,0.49072301387786865,0.6637534499168396,0.4857621192932129,0.7010833024978638,0.4542206823825836,0.7119040489196777,0.4794936776161194,0.7148284316062927,0.5053253173828125,0.7093571424484253,water
0.650862455368042,0.6375675201416016,0.6058320999145508,0.5413140654563904,0.5548378825187683,0.462649941444397,0.5344236493110657,0.3834420442581177,0.5438021421432495,0.3154560625553131,0.4716442823410034,0.5024118423461914,0.4186638295650482,0.5583508014678955,0.4465763568878174,0.5741915702819824,0.4766587018966675,0.5627087354660034,0.4698156714439392,0.571239709854126,0.42535921931266785,0.6132867932319641,0.45365601778030396,0.6232249736785889,0.48390647768974304,0.6095752716064453,0.4798418879508972,0.6414010524749756,0.4404880404472351,0.6680436730384827,0.466678649187088,0.6758961081504822,0.4957970678806305,0.6666266322135925,0.49575456976890564,0.7066138386726379,0.4622191786766052,0.716955304145813,0.487626850605011,0.7178534269332886,0.5132094025611877,0.7095162272453308,water
0.6451618671417236,0.635601818561554,0.6012000441551208,0.5397986769676208,0.5512256026268005,0.4628922939300537,0.5307466983795166,0.38616299629211426,0.5408602952957153,0.3211514353752136,0.4687393605709076,0.5020490884780884,0.41556692123413086,0.5539076924324036,0.44261059165000916,0.570094645023346,0.47264838218688965,0.560565173625946,0.46562597155570984,0.5700509548187256,0.42269808053970337,0.6085038781166077,0.4501829147338867,0.619548499584198,0.47982197999954224,0.608209490776062,0.4742739498615265,0.6393957138061523,0.43638500571250916,0.6620959043502808,0.4623798727989197,0.671068012714386,0.49168017506599426,0.6634944081306458,0.48872455954551697,0.704056978225708,0.454113245010376,0.7134068012237549,0.47946614027023315,0.715957760810852,0.5052384734153748,0.7094098329544067,water
0.6315717697143555,0.6360431909561157,0.5902397632598877,0.5387158393859863,0.540568470954895,0.4561964273452759,0.5211393237113953,0.37649664282798767,0.5310556888580322,0.30952656269073486,0.4591587781906128,0.48776811361312866,0.4034895598888397,0.5373474359512329,0.4308443069458008,0.5557640194892883,0.46073517203330994,0.5465633273124695,0.4550037980079651,0.5563915967941284,0.40704676508903503,0.5927082896232605,0.4341789484024048,0.6065419912338257,0.4644349217414856,0.5962018370628357,0.4612816572189331,0.6273291110992432,0.4183163046836853,0.648115336894989,0.44438326358795166,0.6603673696517944,0.47449907660484314,0.654395580291748,0.47289347648620605,0.6937236785888672,0.4356975853443146,0.7024683952331543,0.46166759729385376,0.7083557844161987,0.4884476661682129,0.7045337557792664,water
0.6337657570838928,0.6340512633323669,0.5918613076210022,0.5362634658813477,0.5418750643730164,0.45390522480010986,0.5210944414138794,0.3751163184642792,0.5299928784370422,0.30772191286087036,0.4597588777542114,0.48582199215888977,0.403867244720459,0.5362758040428162,0.43290579319000244,0.5545595288276672,0.4631882309913635,0.5449504852294922,0.4555714726448059,0.555010199546814,0.40818941593170166,0.5910898447036743,0.436160147190094,0.6049244999885559,0.4666256606578827,0.5946730971336365,0.46261927485466003,0.6264810562133789,0.41929492354393005,0.6457046270370483,0.44575774669647217,0.6576958298683167,0.4765864312648773,0.6519322395324707,0.4753132164478302,0.6938654184341431,0.43679556250572205,0.7004435658454895,0.4625011384487152,0.7052783370018005,0.4898628890514374,0.7016549110412598,water
0.6565031409263611,0.6362743973731995,0.613426923751831,0.5392627716064453,0.5626004338264465,0.46029651165008545,0.5436003804206848,0.3820429742336273,0.5556624531745911,0.3180100619792938,0.47650694847106934,0.4938122034072876,0.42365580797195435,0.5511507987976074,0.4545012414455414,0.5657191872596741,0.48444676399230957,0.5534672737121582,0.47482892870903015,0.5634876489639282,0.42933008074760437,0.6047061085700989,0.4577871263027191,0.6157704591751099,0.4877341687679291,0.6049025654792786,0.48361867666244507,0.6344245672225952,0.4418736398220062,0.6571406126022339,0.4678569734096527,0.6670451164245605,0.49743741750717163,0.6610863208770752,0.49806538224220276,0.700467586517334,0.4572952687740326,0.707889199256897,0.48378831148147583,0.7123889923095703,0.5115575194358826,0.7083861827850342,water
0.672721266746521,0.6100262403488159,0.6291046142578125,0.515383243560791,0.5756629705429077,0.43631622195243835,0.555539071559906,0.3583589494228363,0.5678896903991699,0.29424771666526794,0.4918253421783447,0.47476595640182495,0.43791353702545166,0.5288113355636597,0.4655447006225586,0.5451387763023376,0.4948652386665344,0.5333124399185181,0.49074190855026245,0.5414589047431946,0.4457949697971344,0.5853775143623352,0.47354114055633545,0.5961761474609375,0.5028316378593445,0.5826597809791565,0.5005221962928772,0.6097116470336914,0.4598880112171173,0.6386868357658386,0.48611190915107727,0.648055911064148,0.5150743126869202,0.6386173367500305,0.5153952240943909,0.6739195585250854,0.47602882981300354,0.6882732510566711,0.5017842054367065,0.6922217607498169,0.5288863778114319,0.6850221157073975,water
0.678507924079895,0.60027015209198,0.6359837055206299,0.5086207985877991,0.5866119861602783,0.43346428871154785,0.568493127822876,0.35900789499282837,0.579900860786438,0.29531538486480713,0.5055739283561707,0.4639822244644165,0.45049768686294556,0.5189006924629211,0.47706782817840576,0.539284348487854,0.504116415977478,0.5274359583854675,0.5044161677360535,0.5268741250038147,0.4564555287361145,0.5755336284637451,0.48371797800064087,0.5884940028190613,0.5121933221817017,0.5732624530792236,0.5141276121139526,0.5922588109970093,0.4700341820716858,0.6294578313827515,0.4962519109249115,0.6392216682434082,0.5238673686981201,0.6256912350654602,0.5288527011871338,0.6538397669792175,0.4877315163612366,0.6755520701408386,0.5131648778915405,0.6794947981834412,0.5395991206169128,0.6689707636833191,water
0.6851957440376282,0.6047640442848206,0.6451829075813293,0.5127760171890259,0.5965107679367065,0.4354833960533142,0.577876091003418,0.359261691570282,0.5888450145721436,0.29349789023399353,0.5149769186973572,0.4656210243701935,0.46147117018699646,0.5171732902526855,0.4869295358657837,0.5353754758834839,0.5145812630653381,0.5247092247009277,0.5119038224220276,0.527520477771759,0.4678618013858795,0.5719689130783081,0.4947660565376282,0.5832145810127258,0.5230165123939514,0.5695602893829346,0.5200322866439819,0.5919090509414673,0.48107945919036865,0.6241675615310669,0.5060860514640808,0.6333287954330444,0.5329934358596802,0.6226413249969482,0.5336996912956238,0.6532565951347351,0.4970095753669739,0.6691732406616211,0.5223435759544373,0.6730788946151733,0.5483248233795166,0.6654629111289978,water
0.6845693588256836,0.5952740907669067,0.6471371650695801,0.5030415058135986,0.6011821627616882,0.4256540536880493,0.5851708650588989,0.34965336322784424,0.5994403958320618,0.28869086503982544,0.5198951959609985,0.4519302546977997,0.46424809098243713,0.5041677951812744,0.49009114503860474,0.5235348343849182,0.5181136727333069,0.5131810903549194,0.5157772302627563,0.5131779909133911,0.4698808491230011,0.558258593082428,0.4961095154285431,0.5704895257949829,0.5241753458976746,0.5567660927772522,0.5217496752738953,0.5769649744033813,0.483084112405777,0.6107302308082581,0.5075252652168274,0.6202771067619324,0.5340582728385925,0.6096073985099792,0.5330979228019714,0.6372683644294739,0.4986608028411865,0.65491783618927,0.5237414836883545,0.65952467918396,0.5493602156639099,0.6513222455978394,water
0.686543881893158,0.601011335849762,0.6504266262054443,0.5091193318367004,0.6077685356140137,0.43424081802368164,0.594539225101471,0.360313355922699,0.6099711060523987,0.30175894498825073,0.5237733125686646,0.46057382225990295,0.47155138850212097,0.5098122954368591,0.4971577823162079,0.5272168517112732,0.5241988301277161,0.516933262348175,0.5188987851142883,0.519973874092102,0.47626906633377075,0.5627655982971191,0.501627504825592,0.5731123685836792,0.5285298824310303,0.5600212812423706,0.5254215598106384,0.5814268589019775,0.4883509576320648,0.6131271123886108,0.5119940042495728,0.6204765439033508,0.5378571152687073,0.6102752089500427,0.5379064083099365,0.6386879682540894,0.5042747855186462,0.6546120643615723,0.527459442615509,0.6573582887649536,0.5518895387649536,0.6489315629005432,water
0.6839154362678528,0.6023332476615906,0.6467019319534302,0.5170629620552063,0.606853723526001,0.44689953327178955,0.5950787663459778,0.3758763074874878,0.6095161437988281,0.31823867559432983,0.5218304395675659,0.4660453796386719,0.4722161293029785,0.5087283849716187,0.49379628896713257,0.5271444916725159,0.5162851810455322,0.5208775997161865,0.5170025825500488,0.5213550329208374,0.47655028104782104,0.5643087029457092,0.4992635250091553,0.5754470229148865,0.524284839630127,0.564741849899292,0.5227794051170349,0.5807358026504517,0.48797911405563354,0.6132978200912476,0.5102862119674683,0.6211950778961182,0.5348643660545349,0.6129799485206604,0.5336016416549683,0.6367058157920837,0.502518892288208,0.6550328731536865,0.5248247981071472,0.658478319644928,0.548553466796875,0.6510615944862366,water
0.6853296160697937,0.5828028917312622,0.649599015712738,0.4951147437095642,0.6056283712387085,0.41929495334625244,0.5912483930587769,0.3466379642486572,0.6051548719406128,0.2857241928577423,0.5256544351577759,0.4422641098499298,0.47407472133636475,0.4910615086555481,0.4989006221294403,0.5093516111373901,0.5255264639854431,0.49952274560928345,0.5207616686820984,0.4997940957546234,0.47817304730415344,0.5429456233978271,0.5029942393302917,0.5547863841056824,0.5294835567474365,0.5408223867416382,0.5256150960922241,0.5605831742286682,0.48892974853515625,0.592257022857666,0.5122627019882202,0.6026134490966797,0.5377282500267029,0.5923303365707397,0.5352970957756042,0.6181424260139465,0.5035325884819031,0.6354770064353943,0.5271896719932556,0.6406864523887634,0.5516129732131958,0.6322886943817139,water
0.6858975291252136,0.5890243649482727,0.6523158550262451,0.5006325840950012,0.606572687625885,0.4235598146915436,0.5827505588531494,0.35305142402648926,0.587929368019104,0.29157036542892456,0.5402156710624695,0.4405120611190796,0.47970518469810486,0.4831334054470062,0.5032796263694763,0.5006412267684937,0.5295881032943726,0.49158012866973877,0.5353434085845947,0.4982742667198181,0.4795765280723572,0.5317016839981079,0.5039200186729431,0.5469250082969666,0.5308894515037537,0.5376477241516113,0.5371066331863403,0.5593189597129822,0.4886884391307831,0.5808128714561462,0.5132321119308472,0.5939032435417175,0.5396702885627747,0.585964024066925,0.5440483689308167,0.6175798177719116,0.5036033987998962,0.6261552572250366,0.528323769569397,0.6349158883094788,0.5524924397468567,0.6302981376647949,water
0.6860131025314331,0.6065080165863037,0.6550424695014954,0.5179736614227295,0.6091580986976624,0.4376782476902008,0.5813717246055603,0.36439865827560425,0.5878337621688843,0.2972235083580017,0.5506315231323242,0.44625288248062134,0.4842524230480194,0.4849172532558441,0.5079801678657532,0.5056983232498169,0.5357784032821655,0.49870529770851135,0.5444291830062866,0.5056790113449097,0.48430249094963074,0.536777138710022,0.5090975165367126,0.5530223250389099,0.5365482568740845,0.545289158821106,0.5434211492538452,0.5688793063163757,0.49157071113586426,0.5884560346603394,0.5157277584075928,0.6030198931694031,0.5430371761322021,0.5976049304008484,0.546269953250885,0.6305605173110962,0.5020574331283569,0.6344805955886841,0.5259703397750854,0.6440659761428833,0.5512301921844482,0.6421748399734497,water
0.6885004639625549,0.5888915061950684,0.6570307016372681,0.4994937479496002,0.6115943789482117,0.4194265305995941,0.5846516489982605,0.3473379909992218,0.5917837023735046,0.28150591254234314,0.5550746321678162,0.4309837818145752,0.48839908838272095,0.46700963377952576,0.5121399164199829,0.4856351315975189,0.5400711894035339,0.47850725054740906,0.549177885055542,0.4908123314380646,0.48850658535957336,0.5174840092658997,0.5124554634094238,0.5320281982421875,0.5397822260856628,0.5253610014915466,0.5478602647781372,0.5536237359046936,0.4951721429824829,0.5678569674491882,0.5183563232421875,0.5813669562339783,0.5455097556114197,0.5774936079978943,0.5497326850891113,0.6142595410346985,0.5046374201774597,0.6156661510467529,0.5274959206581116,0.6247729659080505,0.5522058010101318,0.6243250370025635,water
0.686187207698822,0.6072046756744385,0.6556450128555298,0.5198874473571777,0.6126443147659302,0.4398927390575409,0.5982860922813416,0.36864495277404785,0.6130927205085754,0.3074951171875,0.5556594729423523,0.44616639614105225,0.48989999294281006,0.486137330532074,0.5136276483535767,0.5064603686332703,0.5415005087852478,0.4983554482460022,0.5505746603012085,0.5041555762290955,0.48841720819473267,0.5381749272346497,0.5120099782943726,0.5545441508293152,0.539840579032898,0.545696496963501,0.5498777031898499,0.5650901198387146,0.49701693654060364,0.588987410068512,0.5187397003173828,0.6025067567825317,0.5447348356246948,0.5954303741455078,0.5521325469017029,0.6247918605804443,0.5072996020317078,0.6353336572647095,0.5294683575630188,0.6444678902626038,0.5545662045478821,0.6411493420600891,water
0.6909080147743225,0.5968003869056702,0.6624267101287842,0.5111764669418335,0.6215952038764954,0.4293420612812042,0.6075664162635803,0.35597801208496094,0.6207338571548462,0.29521748423576355,0.5587077736854553,0.43526405096054077,0.4940454959869385,0.4741727411746979,0.5172985196113586,0.49434396624565125,0.5445628762245178,0.48706552386283875,0.5538633465766907,0.4926113486289978,0.4927542209625244,0.5247176885604858,0.5163854956626892,0.5410732626914978,0.5438036918640137,0.5331519842147827,0.5534437894821167,0.5529883503913879,0.5018854141235352,0.5747233033180237,0.5238527655601501,0.5896034836769104,0.5496624708175659,0.5842182636260986,0.5557847023010254,0.6124878525733948,0.5115302205085754,0.6203848123550415,0.5344127416610718,0.631144642829895,0.5593082308769226,0.6295250654220581,water
0.6915706396102905,0.5872099995613098,0.6629819869995117,0.5005435943603516,0.6275563836097717,0.4213089048862457,0.6148244738578796,0.3512526750564575,0.6289945840835571,0.29221075773239136,0.5628700256347656,0.4262040853500366,0.4976918697357178,0.46499842405319214,0.519573450088501,0.48632678389549255,0.5453072190284729,0.48062610626220703,0.5567522048950195,0.48054367303848267,0.4971758723258972,0.5151709318161011,0.5202556848526001,0.5324461460113525,0.5470594763755798,0.525171160697937,0.5560235977172852,0.5393388867378235,0.5038232207298279,0.5628702640533447,0.5264003276824951,0.5776317119598389,0.5520754456520081,0.5718254446983337,0.5593835711479187,0.5976886749267578,0.5141062140464783,0.607633113861084,0.5375765562057495,0.6183635592460632,0.5618915557861328,0.6165106892585754,water
0.6901382803916931,0.5953531265258789,0.6646623015403748,0.5098088383674622,0.6316273212432861,0.4339281916618347,0.6178072094917297,0.36725717782974243,0.6307417154312134,0.31236565113067627,0.5640157461166382,0.43198636174201965,0.5018839240074158,0.4716951847076416,0.5227088928222656,0.4947986602783203,0.5477986931800842,0.49026423692703247,0.5562843680381775,0.48317384719848633,0.49898725748062134,0.5200539827346802,0.5213981866836548,0.5384382605552673,0.5470178723335266,0.5317060947418213,0.5547175407409668,0.53983074426651,0.5045698285102844,0.5684179067611694,0.526862382888794,0.5833331942558289,0.5511287450790405,0.5768485069274902,0.5577059984207153,0.5969429612159729,0.5150655508041382,0.6124821901321411,0.538240373134613,0.6225512623786926,0.5614269375801086,0.6189134120941162,water
0.691825270652771,0.5889503359794617,0.669328510761261,0.50372713804245,0.6408750414848328,0.42778313159942627,0.627152681350708,0.36233294010162354,0.6396470069885254,0.30894768238067627,0.571674644947052,0.42235898971557617,0.5104533433914185,0.46157729625701904,0.5304214954376221,0.48646828532218933,0.5542541146278381,0.4836622476577759,0.5623109340667725,0.4720386564731598,0.5073564052581787,0.508693277835846,0.5281000733375549,0.5285571217536926,0.5525262951850891,0.5228853225708008,0.5593951940536499,0.5282279849052429,0.5115933418273926,0.5557588338851929,0.532086193561554,0.5727314352989197,0.5553282499313354,0.5673996210098267,0.5610269904136658,0.5853780508041382,0.5197001695632935,0.5993798971176147,0.5415053367614746,0.61150723695755,0.5641571283340454,0.6101561188697815,water
0.699956476688385,0.5811404585838318,0.6789427995681763,0.5005675554275513,0.6509487628936768,0.4262627959251404,0.6377631425857544,0.3619990646839142,0.6504383087158203,0.3094959259033203,0.5816619992256165,0.4140838086605072,0.5242887735366821,0.45583271980285645,0.5441944003105164,0.48088338971138,0.5673542022705078,0.47791919112205505,0.5714660286903381,0.4627165198326111,0.5195439457893372,0.5026386380195618,0.5408903360366821,0.520785927772522,0.5650457143783569,0.5140858888626099,0.5679684281349182,0.5175060033798218,0.5221288204193115,0.5471964478492737,0.542119562625885,0.5632185935974121,0.5646995306015015,0.5566024780273438,0.5690261125564575,0.5724460482597351,0.5286392569541931,0.5880505442619324,0.5498741269111633,0.6005272269248962,0.5721473097801208,0.5987433791160583,water
0.7048367261886597,0.5862440466880798,0.6840326189994812,0.5055156946182251,0.6580895185470581,0.4329153299331665,0.6449488401412964,0.3712897002696991,0.6582794785499573,0.3211313784122467,0.5904619693756104,0.41810962557792664,0.5313500761985779,0.4582653045654297,0.5503919720649719,0.48632338643074036,0.5730795860290527,0.48562461137771606,0.5807825922966003,0.46261125802993774,0.5267948508262634,0.5052359104156494,0.5470953583717346,0.5253098011016846,0.5702545642852783,0.5194882750511169,0.577481746673584,0.515078067779541,0.5288628339767456,0.5479115843772888,0.5491448044776917,0.5645386576652527,0.5710179209709167,0.558330774307251,0.5789840817451477,0.5695133209228516,0.5363990068435669,0.5890516638755798,0.5576468706130981,0.6003650426864624,0.5792906284332275,0.5975165367126465,water
0.7050344347953796,0.5785006880760193,0.6849932074546814,0.5002375841140747,0.6587530374526978,0.42848071455955505,0.6463959813117981,0.3679974675178528,0.6579331755638123,0.3181536793708801,0.5928237438201904,0.414000928401947,0.5340326428413391,0.4555414319038391,0.5531229972839355,0.481756329536438,0.5759819746017456,0.4790322184562683,0.5840590596199036,0.45866572856903076,0.5281397104263306,0.500968873500824,0.5495420098304749,0.5200051665306091,0.5735554099082947,0.513270914554596,0.5808294415473938,0.5106183290481567,0.5312663316726685,0.5451334118843079,0.5523380041122437,0.5604950189590454,0.5744907855987549,0.5523524284362793,0.5816856622695923,0.5646547675132751,0.5394427180290222,0.5862517952919006,0.5615183115005493,0.5969889760017395,0.5830867290496826,0.5925725698471069,water
0.7027111649513245,0.5841144323348999,0.6818633079528809,0.5051071047782898,0.6565028429031372,0.4346185326576233,0.645247757434845,0.3745689392089844,0.6573303937911987,0.32425642013549805,0.5941503047943115,0.4218478500843048,0.5337158441543579,0.46367576718330383,0.5526774525642395,0.48828554153442383,0.5757030248641968,0.4845885634422302,0.5869616866111755,0.46638503670692444,0.5292125940322876,0.5073791742324829,0.549938976764679,0.5257436633110046,0.5742632746696472,0.5183863639831543,0.5848250389099121,0.5179049372673035,0.5329853892326355,0.5504013299942017,0.5537108182907104,0.5652661919593811,0.5762770175933838,0.5562504529953003,0.5864145755767822,0.5712094306945801,0.5434444546699524,0.591998815536499,0.5649037957191467,0.6013745069503784,0.5863289833068848,0.5952498912811279,water
0.6989868879318237,0.6003295183181763,0.679583728313446,0.5229015946388245,0.6523100137710571,0.4513379633426666,0.6397542953491211,0.38982146978378296,0.6517374515533447,0.3397059440612793,0.5887837409973145,0.44340649247169495,0.5327463150024414,0.4828007221221924,0.5524435043334961,0.5053355693817139,0.5746181607246399,0.5014486908912659,0.5810979604721069,0.4884360432624817,0.5277283787727356,0.5278632640838623,0.5486880540847778,0.5440889000892639,0.571727454662323,0.5375548005104065,0.578357458114624,0.5392258763313293,0.531843364238739,0.5703994631767273,0.5522900223731995,0.5844928026199341,0.5737580060958862,0.5778033137321472,0.57932448387146,0.5907852649688721,0.5388304591178894,0.6092640161514282,0.5598176121711731,0.619282066822052,0.5808260440826416,0.6153883934020996,water
0.6983468532562256,0.625900387763977,0.6777886152267456,0.5455669164657593,0.6475610136985779,0.471951961517334,0.6348497867584229,0.40792256593704224,0.6443486213684082,0.3570065498352051,0.5805555582046509,0.46673688292503357,0.5261763334274292,0.5044745206832886,0.5460241436958313,0.5257244110107422,0.5691636204719543,0.5218604207038879,0.5719025731086731,0.5146062970161438,0.5217368602752686,0.5479470491409302,0.5424489378929138,0.5639634728431702,0.5663796067237854,0.5579827427864075,0.5692833662033081,0.5677827596664429,0.5259149074554443,0.5928243398666382,0.5459807515144348,0.6070712208747864,0.5687412023544312,0.6019746661186218,0.5709853172302246,0.6214473843574524,0.5331353545188904,0.6339075565338135,0.5540290474891663,0.644408106803894,0.5760501027107239,0.6420992016792297,water
0.6983422040939331,0.6397721171379089,0.6772902607917786,0.5544531941413879,0.6487330198287964,0.47815629839897156,0.6399586796760559,0.4111209809780121,0.6545265913009644,0.3595309853553772,0.5786923170089722,0.4814651608467102,0.5237507224082947,0.5152968764305115,0.5436956882476807,0.536643385887146,0.5682445168495178,0.5336756706237793,0.5696904063224792,0.5325613021850586,0.5212090015411377,0.5610098242759705,0.5419042706489563,0.5772027373313904,0.5668260455131531,0.5722454786300659,0.5681792497634888,0.5873920917510986,0.5262069702148438,0.6069832444190979,0.5465635657310486,0.6212600469589233,0.5702151656150818,0.6179493069648743,0.5713920593261719,0.6416743993759155,0.5344306826591492,0.6491606831550598,0.5555179119110107,0.658972978591919,0.5782344937324524,0.6578245162963867,water
0.6997262239456177,0.6437087655067444,0.6783635020256042,0.5595727562904358,0.6464444398880005,0.48188620805740356,0.6330676078796387,0.41363561153411865,0.6463870406150818,0.3585137128829956,0.5797151923179626,0.4841756522655487,0.5228393077850342,0.5197768211364746,0.5429799556732178,0.5419771075248718,0.5674500465393066,0.5393240451812744,0.5709593296051025,0.5349085927009583,0.5206074118614197,0.5661052465438843,0.5416081547737122,0.5829384326934814,0.5664356350898743,0.5775984525680542,0.5689846873283386,0.5903742909431458,0.5260950326919556,0.6120752692222595,0.5465433597564697,0.6271962523460388,0.5703111886978149,0.6234622001647949,0.571398138999939,0.645880937576294,0.5349521040916443,0.6544398665428162,0.5562363862991333,0.6646682024002075,0.5788249969482422,0.6629247665405273,water
0.7019420266151428,0.6342011094093323,0.6786670684814453,0.5518031716346741,0.6414381265640259,0.4724021852016449,0.6247678995132446,0.40213972330093384,0.6364789009094238,0.3416796922683716,0.5835345387458801,0.4744497537612915,0.5213124752044678,0.5077199935913086,0.5413370728492737,0.529894232749939,0.567291259765625,0.526541531085968,0.575613260269165,0.5258787274360657,0.5186883211135864,0.5550705790519714,0.5401673913002014,0.5721346735954285,0.565072774887085,0.5657960772514343,0.5723667740821838,0.5818197131156921,0.5236771702766418,0.6014548540115356,0.5443857312202454,0.6168984174728394,0.5687295198440552,0.6124091148376465,0.5722345113754272,0.6376219987869263,0.5320137739181519,0.6456340551376343,0.5535685420036316,0.6563636064529419,0.5767372250556946,0.6550833582878113,water
0.7018366456031799,0.6322888135910034,0.6765943765640259,0.547932505607605,0.6375861763954163,0.4689549207687378,0.616689920425415,0.3987327814102173,0.6279125809669495,0.33734673261642456,0.5825372934341431,0.4703851342201233,0.5186372995376587,0.501278817653656,0.5388008952140808,0.5235119462013245,0.5647571086883545,0.5205536484718323,0.5739204287528992,0.5236006379127502,0.5157304406166077,0.5486573576927185,0.5373532176017761,0.566734254360199,0.562372624874115,0.5622045397758484,0.5699105858802795,0.5809478759765625,0.5209598541259766,0.5974855422973633,0.5418140888214111,0.6135891675949097,0.5660380721092224,0.6106818318367004,0.5693729519844055,0.6378467082977295,0.5289669036865234,0.6416629552841187,0.5503446459770203,0.653274655342102,0.5727386474609375,0.6536455154418945,water
0.7009619474411011,0.6276177763938904,0.6760280132293701,0.5436495542526245,0.6391556262969971,0.46187064051628113,0.6254648566246033,0.39022597670555115,0.6385654807090759,0.3336130976676941,0.5804814696311951,0.4702070951461792,0.5172505378723145,0.5028167963027954,0.538517951965332,0.5231486558914185,0.5647640824317932,0.5189117789268494,0.5736933946609497,0.5247189998626709,0.5146426558494568,0.5494220852851868,0.5369229912757874,0.5659247636795044,0.5637497901916504,0.5611079335212708,0.5712583065032959,0.5822857618331909,0.5202853679656982,0.5968809127807617,0.5418167114257812,0.6120218634605408,0.5676281452178955,0.6092802882194519,0.5719788074493408,0.6391825675964355,0.529097855091095,0.6412838101387024,0.5510300397872925,0.6520702242851257,0.5750640034675598,0.6525934934616089,water
0.7016701102256775,0.6127660870552063,0.6755926609039307,0.5272014737129211,0.64059978723526,0.44876688718795776,0.6267562508583069,0.378600150346756,0.6386995911598206,0.3215203285217285,0.5825132727622986,0.45409780740737915,0.5176361799240112,0.4865868389606476,0.5381792187690735,0.5067499876022339,0.5633463263511658,0.502273678779602,0.5757726430892944,0.5065558552742004,0.5153482556343079,0.5326392650604248,0.5367636680603027,0.5504353046417236,0.5631738901138306,0.5457119941711426,0.5735453367233276,0.5631434917449951,0.5218384265899658,0.5804463624954224,0.5430935621261597,0.5955712199211121,0.5682798027992249,0.5916038751602173,0.5752800107002258,0.6194148063659668,0.5317385792732239,0.6241590976715088,0.5534337759017944,0.6347530484199524,0.5765838027000427,0.6338208913803101,water
0.7047369480133057,0.610774576663971,0.678974986076355,0.5290582776069641,0.6450182795524597,0.45474815368652344,0.628812849521637,0.38926389813423157,0.6409668922424316,0.33405154943466187,0.5849349498748779,0.45223599672317505,0.5239225625991821,0.4906787872314453,0.5439621210098267,0.513363778591156,0.5676398873329163,0.5093330144882202,0.57894366979599,0.500455379486084,0.5217512249946594,0.5370767712593079,0.5427373647689819,0.5544450879096985,0.5671945214271545,0.5482503175735474,0.5772597193717957,0.5548135042190552,0.526470959186554,0.5822291970252991,0.5476863384246826,0.5967857241630554,0.5709735155105591,0.5905548334121704,0.5791884064674377,0.6102866530418396,0.5352194905281067,0.6247236728668213,0.5568546056747437,0.6349614858627319,0.5791175961494446,0.6326957941055298,water
0.706023097038269,0.6002337336540222,0.6807494163513184,0.5226660370826721,0.6466798186302185,0.45199453830718994,0.6304794549942017,0.38946181535720825,0.6434046030044556,0.33506882190704346,0.5869106650352478,0.44035804271698,0.5256091356277466,0.48442596197128296,0.5470653176307678,0.5079643726348877,0.5709470510482788,0.5016319751739502,0.5812426805496216,0.48577743768692017,0.5229438543319702,0.5303269028663635,0.5453988313674927,0.5475759506225586,0.5694321393966675,0.538280725479126,0.579519510269165,0.5382315516471863,0.5282754302024841,0.5741258859634399,0.5499005317687988,0.5882529020309448,0.5722211003303528,0.5788100957870483,0.581204891204834,0.5924184322357178,0.5382004976272583,0.6156566739082336,0.5603106021881104,0.6246153116226196,0.5820072889328003,0.6182507276535034,water
0.7029963135719299,0.5936369895935059,0.6777740716934204,0.5158126354217529,0.645965039730072,0.44931817054748535,0.6305611729621887,0.39165788888931274,0.6435303688049316,0.34133380651474,0.585698127746582,0.4334661662578583,0.5234230756759644,0.4794054329395294,0.5434918403625488,0.504162073135376,0.5678576231002808,0.49989330768585205,0.5801028609275818,0.47848111391067505,0.5207709670066833,0.5267202854156494,0.5425221920013428,0.5444009900093079,0.5673220753669739,0.5351409316062927,0.5786073207855225,0.5315415859222412,0.5264896750450134,0.5721608996391296,0.547903299331665,0.5863670110702515,0.5700939297676086,0.5757646560668945,0.5804863572120667,0.5870499610900879,0.5375674366950989,0.6134117841720581,0.5595697164535522,0.6230788230895996,0.5805848836898804,0.6162167191505432,water
0.7051980495452881,0.600964367389679,0.6782417297363281,0.5219497084617615,0.6440950036048889,0.45611143112182617,0.6278939247131348,0.39885565638542175,0.6422081589698792,0.3491141200065613,0.5831842422485352,0.43949538469314575,0.5199589729309082,0.4842416048049927,0.5411102771759033,0.5100869536399841,0.5657560229301453,0.505566418170929,0.5773354768753052,0.4854463040828705,0.517608106136322,0.5306901335716248,0.5402348637580872,0.549476683139801,0.565194308757782,0.5409569144248962,0.5761464834213257,0.539174497127533,0.5240556597709656,0.5770310759544373,0.5464465022087097,0.5916392803192139,0.5687474608421326,0.5821009874343872,0.5792061686515808,0.5952737927436829,0.5364314913749695,0.618541419506073,0.5591669678688049,0.6275880336761475,0.5803751945495605,0.6212252974510193,water
0.7046042680740356,0.6207203269004822,0.6804907321929932,0.5381561517715454,0.6465398669242859,0.46260082721710205,0.6297606229782104,0.396941602230072,0.6410980224609375,0.3420509696006775,0.5801791548728943,0.45694500207901,0.5197083950042725,0.49622052907943726,0.5407655835151672,0.5199386477470398,0.5655630230903625,0.5160720944404602,0.572773814201355,0.5065894722938538,0.5167112946510315,0.5439332723617554,0.5391042828559875,0.5613869428634644,0.563839852809906,0.5543492436408997,0.5711145997047424,0.5620599985122681,0.5220414400100708,0.5909464955329895,0.544143557548523,0.6063574552536011,0.567577600479126,0.5999974608421326,0.5734732747077942,0.6180970072746277,0.5310549139976501,0.6336902976036072,0.5542126297950745,0.644654393196106,0.577176034450531,0.6416507959365845,water
0.7062344551086426,0.6162217855453491,0.6831127405166626,0.5307818055152893,0.6471318006515503,0.4497622847557068,0.6308683753013611,0.37953752279281616,0.642542839050293,0.3218197226524353,0.5815486311912537,0.4475032389163971,0.5197651386260986,0.4854549765586853,0.5401236414909363,0.508958637714386,0.5660907030105591,0.5060122609138489,0.5740047693252563,0.49755439162254333,0.5164422988891602,0.5347721576690674,0.538787305355072,0.5519615411758423,0.5646058917045593,0.5447584390640259,0.5718554258346558,0.5529642105102539,0.5221332907676697,0.5815518498420715,0.5441131591796875,0.5972421169281006,0.5685328245162964,0.5910332202911377,0.573413610458374,0.6093359589576721,0.5311567187309265,0.6252184510231018,0.5542872548103333,0.63618004322052,0.5783088207244873,0.6329669952392578,water
0.7071186304092407,0.6096436977386475,0.6825692057609558,0.5247167348861694,0.6448401212692261,0.4434611201286316,0.6233809590339661,0.37257319688796997,0.6333640217781067,0.3111417889595032,0.5845348238945007,0.4424896538257599,0.5210692882537842,0.4786248803138733,0.5409383773803711,0.5019686222076416,0.5670984983444214,0.4995155334472656,0.5765343904495239,0.4933532774448395,0.5173169374465942,0.5266052484512329,0.5390202403068542,0.5444005727767944,0.5643762946128845,0.5386049151420593,0.5733048915863037,0.5497527122497559,0.5218216776847839,0.5738915801048279,0.5436069369316101,0.5901035666465759,0.5680501461029053,0.5853761434555054,0.573418140411377,0.6072593927383423,0.5296839475631714,0.6187005639076233,0.5529561042785645,0.6303409934043884,0.5764923095703125,0.6286814212799072,water
0.7067263126373291,0.6059401631355286,0.6815935373306274,0.5195160508155823,0.6438693404197693,0.43754199147224426,0.622344434261322,0.3653373122215271,0.6349475383758545,0.30309221148490906,0.5912144184112549,0.43660768866539,0.5225323438644409,0.46819067001342773,0.5426523089408875,0.49134665727615356,0.5685513615608215,0.4884665906429291,0.5841138958930969,0.489022433757782,0.5199958682060242,0.5169400572776794,0.5419353246688843,0.536189615726471,0.5683092474937439,0.5322310924530029,0.5796629786491394,0.5472020506858826,0.5244566202163696,0.5647739171981812,0.546153724193573,0.5817238688468933,0.5715010762214661,0.578783392906189,0.577606201171875,0.6058333516120911,0.5317448377609253,0.6101698279380798,0.5543341040611267,0.6226912140846252,0.5775992274284363,0.6232909560203552,water
0.7019018530845642,0.623585045337677,0.6790434122085571,0.5326880812644958,0.6440279483795166,0.4502856433391571,0.6259274482727051,0.3770381212234497,0.639007568359375,0.3134637773036957,0.5928636789321899,0.4541045129299164,0.522235631942749,0.48082655668258667,0.5444236993789673,0.5035949945449829,0.5731350183486938,0.5016925930976868,0.5832691788673401,0.5107389688491821,0.5187463760375977,0.5319986939430237,0.5413673520088196,0.5508477091789246,0.5679476857185364,0.5478103160858154,0.578029215335846,0.571124792098999,0.5230525732040405,0.5816087126731873,0.5444245934486389,0.5968164801597595,0.5703772306442261,0.5948833227157593,0.5762288570404053,0.6306992173194885,0.528647243976593,0.6294733285903931,0.5496570467948914,0.6389566659927368,0.5739654898643494,0.6400154232978821,water
0.7089111804962158,0.6076380014419556,0.6842688322067261,0.5181629657745361,0.6483529210090637,0.4322912096977234,0.6362090110778809,0.3568292260169983,0.6522848606109619,0.29665321111679077,0.5930221080780029,0.438873291015625,0.5243698954582214,0.4677276313304901,0.5466463565826416,0.4891023337841034,0.5742392539978027,0.48646050691604614,0.5840177536010742,0.49649524688720703,0.5219482183456421,0.5165277719497681,0.5445774793624878,0.5340749621391296,0.5718019008636475,0.5311264991760254,0.5789839029312134,0.5573548078536987,0.525911808013916,0.5644936561584473,0.5476078391075134,0.5808884501457214,0.5740357041358948,0.5809428095817566,0.5772339105606079,0.6173127293586731,0.5331774353981018,0.6108665466308594,0.555185079574585,0.6230794787406921,0.5788611769676208,0.6269123554229736,water
0.7071155309677124,0.6206019520759583,0.683376669883728,0.5276010632514954,0.6496332883834839,0.44254207611083984,0.6392363905906677,0.36703482270240784,0.6569535732269287,0.306179940700531,0.5918791890144348,0.4484507143497467,0.522472083568573,0.47841253876686096,0.5459783673286438,0.5001963376998901,0.5746404528617859,0.49636605381965637,0.582369327545166,0.5082591772079468,0.5206995010375977,0.5275956988334656,0.5436228513717651,0.5462143421173096,0.5711326003074646,0.543506383895874,0.5778632164001465,0.5705665349960327,0.5261321663856506,0.5776301026344299,0.5473796129226685,0.5944992303848267,0.5733861923217773,0.5945284366607666,0.576798677444458,0.6315869092941284,0.5322266817092896,0.623640239238739,0.5537665486335754,0.6353583335876465,0.5780038237571716,0.6390143632888794,water
0.7092501521110535,0.6125003695487976,0.6860715746879578,0.5215467810630798,0.6523004174232483,0.4362449645996094,0.6429161429405212,0.3611757457256317,0.6583932638168335,0.301796019077301,0.5931699275970459,0.4442189335823059,0.5257288217544556,0.4734741747379303,0.5486196875572205,0.4939669072628021,0.5765284895896912,0.48957303166389465,0.5842509865760803,0.5039177536964417,0.5234934091567993,0.5223889946937561,0.546197772026062,0.5397953391075134,0.5735064148902893,0.5364323258399963,0.5802011489868164,0.5654776692390442,0.5289551615715027,0.5720041394233704,0.5501582026481628,0.588175892829895,0.5761526226997375,0.587986946105957,0.5795066952705383,0.625412106513977,0.5361802577972412,0.6180859208106995,0.5574044585227966,0.62913978099823,0.5811958312988281,0.6325923800468445,water
0.7134007811546326,0.6149890422821045,0.6903356313705444,0.5232786536216736,0.65655517578125,0.43742576241493225,0.6457554697990417,0.3619729280471802,0.6613511443138123,0.30184289813041687,0.5972116589546204,0.4427119791507721,0.5291200280189514,0.472680002450943,0.5515047311782837,0.4947645664215088,0.5795208811759949,0.4915020167827606,0.5877495408058167,0.5009985566139221,0.5263631939888,0.5217838883399963,0.5489379167556763,0.5403380990028381,0.5764497518539429,0.5373657941818237,0.5832597613334656,0.5621513724327087,0.5309882760047913,0.570350170135498,0.5520197153091431,0.5877010822296143,0.5782047510147095,0.5878231525421143,0.5820699334144592,0.6222121715545654,0.5369207262992859,0.6159985661506653,0.5581998825073242,0.6282835006713867,0.5823292136192322,0.6320159435272217,water
0.7135356664657593,0.6076894998550415,0.6889611482620239,0.5178159475326538,0.6552054286003113,0.4330272078514099,0.646686851978302,0.3585980236530304,0.6629657745361328,0.2998783588409424,0.5994102358818054,0.43899238109588623,0.5307642221450806,0.466198205947876,0.5504238605499268,0.48794758319854736,0.5766880512237549,0.48603925108909607,0.591101348400116,0.4949893057346344,0.5277819633483887,0.5145983695983887,0.548614501953125,0.5326682329177856,0.5755511522293091,0.5306193828582764,0.5866216421127319,0.5548698902130127,0.5325859189033508,0.5635217428207397,0.5527228713035583,0.5795178413391113,0.5780328512191772,0.5796287059783936,0.5852033495903015,0.6142661571502686,0.5398102402687073,0.6114404797554016,0.560326099395752,0.6224239468574524,0.5829720497131348,0.6248826384544373,water
0.717901349067688,0.6200085282325745,0.6950677633285522,0.5300115942955017,0.6602995991706848,0.4437371790409088,0.6491388082504272,0.3683837056159973,0.6653147339820862,0.3094857335090637,0.6027306914329529,0.44737884402275085,0.5345581769943237,0.47616562247276306,0.5561820864677429,0.4991603493690491,0.5833526849746704,0.4960775673389435,0.5935885310173035,0.5031840205192566,0.530559778213501,0.5248954892158508,0.5532236695289612,0.5438136458396912,0.5801606178283691,0.5406861305236816,0.5888769626617432,0.5625013113021851,0.5353307127952576,0.5743407607078552,0.5565512776374817,0.5907649993896484,0.5821108222007751,0.5897735357284546,0.5873425006866455,0.6216844916343689,0.5420604944229126,0.6203134655952454,0.5629847049713135,0.6312326192855835,0.5865157246589661,0.6331806778907776,water
0.7155751585960388,0.6019142866134644,0.6929225921630859,0.5130758881568909,0.66153883934021,0.42863503098487854,0.6522354483604431,0.3558182716369629,0.6676940321922302,0.2986755967140198,0.6054943203926086,0.43348222970962524,0.537240207195282,0.46140506863594055,0.5578135251998901,0.48386839032173157,0.5840621590614319,0.48190751671791077,0.5968279838562012,0.4896649122238159,0.5333402156829834,0.5090017914772034,0.555007815361023,0.5273891091346741,0.581564724445343,0.5252310633659363,0.5920916795730591,0.5489312410354614,0.5381434559822083,0.5577601790428162,0.5588231086730957,0.5741899609565735,0.5840970277786255,0.5742957592010498,0.5902449488639832,0.60799640417099,0.5447562336921692,0.6039441227912903,0.5654487013816833,0.6150867938995361,0.5884793400764465,0.6182556748390198,water
0.7177176475524902,0.5931132435798645,0.694850504398346,0.504654586315155,0.6642139554023743,0.4222991168498993,0.6565278768539429,0.35074079036712646,0.6737256646156311,0.2933635115623474,0.6098177433013916,0.4279101490974426,0.5444260239601135,0.4549536406993866,0.5650430917739868,0.4750140309333801,0.5910124778747559,0.47262290120124817,0.601951003074646,0.4843737483024597,0.5411182641983032,0.5017538666725159,0.5618402361869812,0.5187344551086426,0.58831787109375,0.5174394249916077,0.597524881362915,0.5436177253723145,0.5450935959815979,0.5488079190254211,0.5653042197227478,0.5641545653343201,0.5907119512557983,0.5650310516357422,0.5962381362915039,0.6015075445175171,0.5518926382064819,0.5959311127662659,0.572504460811615,0.6069995760917664,0.5950614809989929,0.6107444763183594,water
0.7288896441459656,0.555120587348938,0.7083767652511597,0.46978312730789185,0.6813290119171143,0.3902002274990082,0.6744509935379028,0.3214402198791504,0.6901667714118958,0.27057912945747375,0.6161257028579712,0.38659656047821045,0.55949467420578,0.4165812134742737,0.577098548412323,0.43914657831192017,0.5982736349105835,0.43708357214927673,0.6051798462867737,0.4356423020362854,0.5528498888015747,0.46734291315078735,0.5723823308944702,0.4852752983570099,0.5971323251724243,0.48067933320999146,0.6000038385391235,0.49050456285476685,0.5532574653625488,0.5115513801574707,0.5736985802650452,0.526862621307373,0.5982421040534973,0.5240945816040039,0.5992910265922546,0.54438716173172,0.5608534812927246,0.5523325204849243,0.5818561315536499,0.5626345276832581,0.6046659350395203,0.5612931847572327,water
0.7284424304962158,0.4956185221672058,0.7043144702911377,0.4184245765209198,0.6743656992912292,0.34572041034698486,0.6652726531028748,0.28257888555526733,0.6802757382392883,0.23213770985603333,0.6115784049034119,0.33588147163391113,0.5561728477478027,0.37801721692085266,0.576132595539093,0.4014506936073303,0.5988242030143738,0.396563857793808,0.6047568917274475,0.38006487488746643,0.5539922118186951,0.42293351888656616,0.5742977857589722,0.43886712193489075,0.5975310802459717,0.4304611086845398,0.6026359796524048,0.43024513125419617,0.5585207343101501,0.463059663772583,0.5779120922088623,0.47607725858688354,0.5991897583007812,0.4675747752189636,0.603613018989563,0.48118919134140015,0.5659976601600647,0.49991461634635925,0.5865119099617004,0.5084016919136047,0.6073043346405029,0.5033526420593262,water
0.723116397857666,0.4723365306854248,0.7006824016571045,0.39810335636138916,0.6717406511306763,0.3284183442592621,0.6625342965126038,0.26779189705848694,0.6746925711631775,0.21836379170417786,0.6079630255699158,0.32359808683395386,0.5579732060432434,0.36900070309638977,0.5778450965881348,0.3886672258377075,0.5987600088119507,0.38200438022613525,0.6026941537857056,0.3670504689216614,0.5558685064315796,0.41276630759239197,0.5773193836212158,0.42459046840667725,0.5998508930206299,0.4152508080005646,0.6026261448860168,0.4163506329059601,0.5631670951843262,0.4534156322479248,0.5833835005760193,0.4631437063217163,0.6034624576568604,0.45328235626220703,0.6055866479873657,0.46691498160362244,0.5712923407554626,0.49000468850135803,0.592341423034668,0.496361643075943,0.6122635006904602,0.4901410639286041,water
0.7102125883102417,0.5209405422210693,0.6933170557022095,0.4456300437450409,0.6698839068412781,0.37803006172180176,0.6623317003250122,0.3189854323863983,0.6777770519256592,0.27441805601119995,0.5982125997543335,0.38087233901023865,0.562613308429718,0.41619059443473816,0.5804208517074585,0.4372330605983734,0.601671040058136,0.43798092007637024,0.5868851542472839,0.4251989424228668,0.5607932806015015,0.45581385493278503,0.5791020393371582,0.46898728609085083,0.6020801067352295,0.46892738342285156,0.5829083919525146,0.47315335273742676,0.5631829500198364,0.49305638670921326,0.5803971290588379,0.5029491186141968,0.6020034551620483,0.5036039352416992,0.5825792551040649,0.5191154479980469,0.5693320631980896,0.5320500135421753,0.5879999399185181,0.5382441282272339,0.6067374348640442,0.5371947288513184,water
0.7151848077774048,0.5250751972198486,0.6979320049285889,0.4491721987724304,0.6740598678588867,0.3822219669818878,0.6659053564071655,0.32234302163124084,0.680324375629425,0.2766037583351135,0.6024935841560364,0.381626695394516,0.5681056976318359,0.4146359860897064,0.585830807685852,0.43506014347076416,0.6059268712997437,0.43605226278305054,0.5898607969284058,0.4245302081108093,0.5659791827201843,0.4556734561920166,0.5837349891662598,0.4698699116706848,0.6053726077079773,0.46906620264053345,0.585383415222168,0.47304636240005493,0.5670288801193237,0.4921201765537262,0.5831460356712341,0.503577709197998,0.6035439372062683,0.5036541223526001,0.5848925113677979,0.5193164348602295,0.5704057812690735,0.5279533267021179,0.5879098176956177,0.5360642671585083,0.6061744689941406,0.5359715819358826,water
0.7150939106941223,0.5271576642990112,0.698965847492218,0.4561561346054077,0.6729534864425659,0.39050960540771484,0.6631682515144348,0.3324534595012665,0.6769282817840576,0.28690654039382935,0.6041621565818787,0.3826119601726532,0.5676615238189697,0.42148151993751526,0.5852638483047485,0.4422491788864136,0.6057608723640442,0.44283974170684814,0.592513918876648,0.42265164852142334,0.5657769441604614,0.4625740647315979,0.5834426283836365,0.4762099087238312,0.6049308776855469,0.47370365262031555,0.5873250961303711,0.4692872166633606,0.5673627853393555,0.4968166947364807,0.5836751461029053,0.5074335932731628,0.6034526824951172,0.5051911473274231,0.5857909321784973,0.5145644545555115,0.5717292428016663,0.5322580933570862,0.5896419882774353,0.5401408672332764,0.6070743203163147,0.5381960868835449,water
0.707126259803772,0.5156564712524414,0.6920855641365051,0.446896493434906,0.6682102680206299,0.3842986226081848,0.6587398648262024,0.3276668190956116,0.672037661075592,0.28334009647369385,0.6031429171562195,0.3749634921550751,0.5651432871818542,0.4083402454853058,0.5804298520088196,0.429282009601593,0.599194347858429,0.4308988153934479,0.5912401676177979,0.4154016971588135,0.5625061988830566,0.4504040479660034,0.5788193941116333,0.4642547369003296,0.5986822247505188,0.462209552526474,0.5855184197425842,0.46153825521469116,0.5635653138160706,0.484882116317749,0.5786343216896057,0.49569350481033325,0.5973466634750366,0.4943679869174957,0.5834930539131165,0.5057783126831055,0.5675849318504333,0.5195969939231873,0.5839590430259705,0.5273512601852417,0.6007375717163086,0.5262125730514526,water
0.7018638849258423,0.5162739753723145,0.6862369775772095,0.4473940432071686,0.6616042256355286,0.38171452283859253,0.6520907878875732,0.3245384991168976,0.6647433042526245,0.2809394598007202,0.5959537029266357,0.3694859743118286,0.5561744570732117,0.4055582880973816,0.5721495151519775,0.4255329668521881,0.5922540426254272,0.4271129369735718,0.5839170217514038,0.40879929065704346,0.5513666272163391,0.44516339898109436,0.5687565803527832,0.45899924635887146,0.5908092260360718,0.4579145908355713,0.5775794982910156,0.454814076423645,0.5530520081520081,0.4801816940307617,0.5694988369941711,0.4911692142486572,0.5900758504867554,0.4911399781703949,0.574626624584198,0.500849187374115,0.5579924583435059,0.5160037279129028,0.5775632262229919,0.5244569182395935,0.5965726375579834,0.5235304236412048,water
0.6897257566452026,0.4846646785736084,0.6735296845436096,0.41073015332221985,0.6492007374763489,0.3444870412349701,0.6418582797050476,0.28693896532058716,0.6552389860153198,0.2418677806854248,0.5813557505607605,0.34155115485191345,0.5432528853416443,0.37778347730636597,0.5605288147926331,0.39749306440353394,0.5815652012825012,0.39768898487091064,0.5703584551811218,0.3828738331794739,0.5422360897064209,0.41896313428878784,0.5593104362487793,0.4326663911342621,0.5803886651992798,0.4294503629207611,0.5658761262893677,0.43050283193588257,0.5446559190750122,0.4546433687210083,0.5605318546295166,0.46517038345336914,0.5800378322601318,0.4626552164554596,0.5648329257965088,0.4770779013633728,0.549944281578064,0.4913772940635681,0.5677984356880188,0.4980584681034088,0.5854289531707764,0.49591687321662903,water
0.6755604147911072,0.4819740056991577,0.6609793305397034,0.40591520071029663,0.6365852952003479,0.3363155126571655,0.6283499002456665,0.2745272219181061,0.6427438855171204,0.2308001071214676,0.5686007142066956,0.33588555455207825,0.528014600276947,0.36709141731262207,0.5469339489936829,0.387891948223114,0.5698140859603882,0.38925692439079285,0.5563521981239319,0.3799402713775635,0.5245658159255981,0.41104748845100403,0.5435276031494141,0.4268956780433655,0.5669357776641846,0.425314724445343,0.5513008236885071,0.43019190430641174,0.5284390449523926,0.4507747292518616,0.5454885363578796,0.4628201723098755,0.5668480396270752,0.461321622133255,0.5497388243675232,0.4779456853866577,0.5332903861999512,0.4874635636806488,0.5521354079246521,0.49631983041763306,0.5714960098266602,0.49450746178627014,water
0.6816111207008362,0.47053420543670654,0.6622137427330017,0.3956570327281952,0.633360743522644,0.3272700607776642,0.6237261295318604,0.2672386169433594,0.636997640132904,0.2204858958721161,0.5691488981246948,0.32337290048599243,0.5197864174842834,0.36366936564445496,0.5393152832984924,0.38369259238243103,0.5619063377380371,0.37979939579963684,0.5609704256057739,0.36759135127067566,0.5184122920036316,0.4077216386795044,0.5388349890708923,0.42142608761787415,0.5610363483428955,0.41341662406921387,0.5585301518440247,0.4156586527824402,0.5233216285705566,0.44620248675346375,0.5419272184371948,0.4562583565711975,0.56187504529953,0.4475756287574768,0.5592163801193237,0.46267664432525635,0.5299127101898193,0.48116040229797363,0.5502125024795532,0.487411230802536,0.5697466731071472,0.4814077913761139,water
0.6794077754020691,0.48940491676330566,0.6574151515960693,0.4132102429866791,0.6259159445762634,0.3379376232624054,0.6141276955604553,0.27415743470191956,0.6260335445404053,0.22255903482437134,0.5636956095695496,0.32876110076904297,0.5070818662643433,0.37408241629600525,0.5259032249450684,0.39601844549179077,0.5475866794586182,0.3912937045097351,0.5563264489173889,0.37241148948669434,0.5042101144790649,0.4226573705673218,0.524500846862793,0.43705716729164124,0.547675609588623,0.4280818998813629,0.5530415177345276,0.4220954179763794,0.5110113620758057,0.462291419506073,0.5299196243286133,0.4746292531490326,0.5515142679214478,0.4668184518814087,0.5529032349586487,0.47361961007118225,0.5187943577766418,0.49932563304901123,0.5396187901496887,0.5082276463508606,0.5608376264572144,0.5033202171325684,water
0.6586493253707886,0.5621453523635864,0.6324524879455566,0.4765816330909729,0.5985311269760132,0.3953905701637268,0.5849204063415527,0.3236188292503357,0.5977953672409058,0.26520442962646484,0.5276933312416077,0.4015834629535675,0.4691328704357147,0.44440779089927673,0.4891383945941925,0.4679277539253235,0.5119919180870056,0.46471869945526123,0.5214014649391174,0.4546736776828766,0.468966007232666,0.49679332971572876,0.4911292791366577,0.5130685567855835,0.5165104866027832,0.5053855776786804,0.5217111706733704,0.5134263038635254,0.476426899433136,0.5427209138870239,0.4976039230823517,0.5575838685035706,0.5216543674468994,0.5516625642776489,0.5253241658210754,0.5724978446960449,0.4848701059818268,0.5862736105918884,0.5068643093109131,0.5961381196975708,0.5301064252853394,0.5934779644012451,water
0.6571093797683716,0.5527651309967041,0.630460798740387,0.4600019156932831,0.5954568386077881,0.3791080713272095,0.5819040536880493,0.30494657158851624,0.5937179327011108,0.24611133337020874,0.5235217809677124,0.3877090811729431,0.4642816185951233,0.4291883111000061,0.48707783222198486,0.4487566351890564,0.5122576355934143,0.4426986575126648,0.5153342485427856,0.44669440388679504,0.46415066719055176,0.4795389771461487,0.4870254397392273,0.49507519602775574,0.5136569738388062,0.48775821924209595,0.5145246982574463,0.5090857148170471,0.4707186818122864,0.5294893383979797,0.4930911660194397,0.5437409281730652,0.5189545154571533,0.5393012166023254,0.5187278985977173,0.5696815848350525,0.48177051544189453,0.5755758285522461,0.5049452185630798,0.5856732130050659,0.5288788676261902,0.5841635465621948,water
0.6549630165100098,0.6123510003089905,0.6290467381477356,0.518923282623291,0.5911716818809509,0.4365033507347107,0.5759416818618774,0.36233067512512207,0.5896108746528625,0.2998772859573364,0.5205609202384949,0.4459804892539978,0.4597691297531128,0.4832506477832794,0.4849850535392761,0.502316415309906,0.5131919384002686,0.49507051706314087,0.511517345905304,0.506754994392395,0.45852047204971313,0.5346579551696777,0.4826870858669281,0.5511614680290222,0.5102789402008057,0.5445624589920044,0.5095040798187256,0.5704765319824219,0.4658684730529785,0.5866334438323975,0.48788946866989136,0.6008581519126892,0.5142950415611267,0.5970324873924255,0.5117972493171692,0.6312227249145508,0.47629672288894653,0.634799599647522,0.4989606738090515,0.6445294618606567,0.5232826471328735,0.6433455944061279,water
0.6585021615028381,0.586190938949585,0.6323326230049133,0.4891281723976135,0.5963865518569946,0.4074588418006897,0.5831006765365601,0.33213451504707336,0.5968722105026245,0.2707098126411438,0.5248376131057739,0.42069026827812195,0.4626186788082123,0.45808643102645874,0.4859602451324463,0.4755469262599945,0.5134330987930298,0.4688189923763275,0.5168115496635437,0.4834185242652893,0.46270909905433655,0.5089352130889893,0.4860842823982239,0.5238006114959717,0.514235258102417,0.5183676481246948,0.5161042809486389,0.5485333204269409,0.47116661071777344,0.5614567995071411,0.4940144419670105,0.5746722221374512,0.5210505723953247,0.5711089372634888,0.5205238461494446,0.6106822490692139,0.4807955026626587,0.6098119020462036,0.5044578313827515,0.6191649436950684,0.5294535756111145,0.618869960308075,water
0.6692125797271729,0.5933302044868469,0.6428993940353394,0.4972570836544037,0.6055654287338257,0.4148522615432739,0.5922943353652954,0.33885639905929565,0.6080276966094971,0.27759119868278503,0.5364001393318176,0.4230577051639557,0.47304221987724304,0.46276649832725525,0.49682116508483887,0.4800478518009186,0.5239872932434082,0.4727705121040344,0.5274737477302551,0.48527464270591736,0.4720768928527832,0.5118141174316406,0.49507635831832886,0.5285474061965942,0.5226306915283203,0.5236431360244751,0.5255184173583984,0.550981879234314,0.4790000319480896,0.5629527568817139,0.5013934373855591,0.578225314617157,0.5284556150436401,0.5762289762496948,0.5283533334732056,0.6135087609291077,0.48999062180519104,0.6118860244750977,0.512870728969574,0.6217852830886841,0.5364980697631836,0.6215832233428955,water
0.6763434410095215,0.5998850464820862,0.6513461470603943,0.503139078617096,0.6151629686355591,0.4165762960910797,0.6033676266670227,0.33859387040138245,0.618511438369751,0.27776819467544556,0.5459153056144714,0.42663663625717163,0.48273730278015137,0.4615647792816162,0.506818413734436,0.48178231716156006,0.5348272919654846,0.4760720431804657,0.5370296835899353,0.48850253224372864,0.48209601640701294,0.512800395488739,0.5051676034927368,0.5295902490615845,0.5328798294067383,0.5240439772605896,0.5349152684211731,0.553190290927887,0.48733949661254883,0.5641762018203735,0.5097551941871643,0.5801867246627808,0.5370490550994873,0.5784741640090942,0.5372486114501953,0.6161548495292664,0.4961523711681366,0.6132922768592834,0.5191196203231812,0.6242087483406067,0.5443643927574158,0.6253656148910522,water
0.6854087114334106,0.6183191537857056,0.660659909248352,0.5203925967216492,0.6240071058273315,0.43253618478775024,0.6115410923957825,0.354229599237442,0.6278678774833679,0.29246366024017334,0.555720329284668,0.4430080056190491,0.4900721311569214,0.47484299540519714,0.5135791301727295,0.4960649609565735,0.5423293113708496,0.4918622076511383,0.545393705368042,0.5061142444610596,0.4883754253387451,0.5267314910888672,0.5110511183738708,0.5443762540817261,0.5388386249542236,0.5409219264984131,0.5411980748176575,0.5722132921218872,0.4933328628540039,0.5791429281234741,0.5153062343597412,0.5956171154975891,0.5425978899002075,0.5962265729904175,0.5411407351493835,0.6359082460403442,0.500156044960022,0.6302893161773682,0.5232367515563965,0.642213761806488,0.5482252240180969,0.6456493139266968,water
0.6935877799987793,0.6169029474258423,0.6689767837524414,0.5178989171981812,0.6320313215255737,0.4280587434768677,0.6196150183677673,0.34701108932495117,0.636040985584259,0.2833518385887146,0.5620405077934265,0.43508341908454895,0.4954204559326172,0.469817578792572,0.520517885684967,0.4921252131462097,0.5501201152801514,0.48757705092430115,0.5519205331802368,0.4988233149051666,0.49386537075042725,0.5235992074012756,0.5178190469741821,0.5418291687965393,0.546515703201294,0.5373415350914001,0.5482120513916016,0.5656735897064209,0.5001118183135986,0.5771675109863281,0.5223303437232971,0.594471275806427,0.5498806238174438,0.5944641828536987,0.5483469367027283,0.6305592060089111,0.508184015750885,0.627123236656189,0.531787633895874,0.6390640735626221,0.5573663115501404,0.641564667224884,water
0.6940398812294006,0.6091441512107849,0.6697220802307129,0.5100367665290833,0.6344404816627502,0.42206430435180664,0.6233910918235779,0.34200817346572876,0.6397742033004761,0.27952873706817627,0.5646147727966309,0.43130189180374146,0.49839675426483154,0.46442466974258423,0.5226196050643921,0.48597732186317444,0.5507885217666626,0.4813608229160309,0.5546953082084656,0.4947599768638611,0.4980708658695221,0.5172138810157776,0.5214224457740784,0.5349118709564209,0.5491209030151367,0.5305527448654175,0.5514061450958252,0.5614897012710571,0.5027209520339966,0.5701608657836914,0.5253444314002991,0.5866718888282776,0.5530191659927368,0.5861120223999023,0.5524842739105225,0.6264142990112305,0.5100607872009277,0.6212453842163086,0.5332220196723938,0.632412314414978,0.5587292313575745,0.6346065998077393,water
0.6937176585197449,0.6162335276603699,0.669850766658783,0.5168005228042603,0.6319316029548645,0.42552846670150757,0.6196907758712769,0.34399062395095825,0.6355729699134827,0.28025680780410767,0.5618102550506592,0.43100666999816895,0.4957314729690552,0.46548810601234436,0.5187852382659912,0.4897947907447815,0.5477218627929688,0.4852490723133087,0.5512186884880066,0.4954680800437927,0.4936409890651703,0.5210999846458435,0.51624596118927,0.5408906936645508,0.5449878573417664,0.5357836484909058,0.5465754866600037,0.563913106918335,0.5011906623840332,0.5775469541549683,0.5220998525619507,0.594923734664917,0.5493384599685669,0.5939091444015503,0.5454791188240051,0.6299628615379333,0.509422779083252,0.6303646564483643,0.5317283272743225,0.64153653383255,0.5566713213920593,0.6417936682701111,water
0.6856820583343506,0.6257854104042053,0.6548699140548706,0.5307273268699646,0.6136783361434937,0.4422593116760254,0.5992079973220825,0.36372995376586914,0.6113539338111877,0.30031657218933105,0.552370011806488,0.4570600092411041,0.48281991481781006,0.49268922209739685,0.5078202486038208,0.5130511522293091,0.5381128191947937,0.5065894722938538,0.5460937023162842,0.5231961607933044,0.48194217681884766,0.5503748059272766,0.5058172345161438,0.5674685835838318,0.536523699760437,0.5603179931640625,0.5449654459953308,0.5913015604019165,0.4932878911495209,0.6074804663658142,0.5150468349456787,0.6214199066162109,0.5436888337135315,0.6171262264251709,0.5469833016395569,0.6566500663757324,0.505164623260498,0.6611673831939697,0.5287169218063354,0.6689848303794861,0.5554189085960388,0.6660329699516296,water
0.6854646801948547,0.6531203985214233,0.6533790230751038,0.5549894571304321,0.6073929071426392,0.467743843793869,0.5882247686386108,0.3877128064632416,0.6007875204086304,0.3186946213245392,0.5477369427680969,0.48570919036865234,0.47718244791030884,0.5183401703834534,0.5038371086120605,0.5361368060112,0.5350314974784851,0.5295523405075073,0.5404520630836487,0.5541070103645325,0.4770892560482025,0.5721955895423889,0.5019015073776245,0.5879096388816833,0.5320592522621155,0.583634614944458,0.5387487411499023,0.6237154603004456,0.48668283224105835,0.6267918944358826,0.5086303353309631,0.6403063535690308,0.5373852849006653,0.6397063732147217,0.5406743884086609,0.6889823079109192,0.49680954217910767,0.6798195242881775,0.5181635022163391,0.6880378127098083,0.5434042811393738,0.6904550194740295,water
0.6696826815605164,0.6755722761154175,0.634643018245697,0.5765666365623474,0.5868832468986511,0.49206194281578064,0.5680675506591797,0.412723183631897,0.5789766311645508,0.3467264771461487,0.5257108211517334,0.5221797823905945,0.4564417600631714,0.550628662109375,0.482030987739563,0.5645254254341125,0.5128175616264343,0.5588698983192444,0.5202091336250305,0.5898099541664124,0.4577901065349579,0.6030467748641968,0.48149991035461426,0.6135449409484863,0.5109177231788635,0.6090429425239563,0.5202509164810181,0.6571618318557739,0.4673424959182739,0.654135525226593,0.4887958765029907,0.663976788520813,0.5167668461799622,0.6640990972518921,0.5235970616340637,0.7193406224250793,0.477717787027359,0.7041506171226501,0.4988960921764374,0.7087631225585938,0.5235031247138977,0.7110875844955444,water
0.6526704430580139,0.6891288161277771,0.6152780652046204,0.5893650054931641,0.5694339871406555,0.5041497349739075,0.5529637336730957,0.4246310293674469,0.5642927289009094,0.3600959777832031,0.5080074071884155,0.538496196269989,0.44205376505851746,0.5677545666694641,0.47026267647743225,0.5817564725875854,0.501594066619873,0.5769824981689453,0.5032572150230408,0.6107599139213562,0.44288256764411926,0.6258437633514404,0.4678571820259094,0.6378093957901001,0.4982874393463135,0.6342052817344666,0.5037180185317993,0.6803439855575562,0.4539950489997864,0.6819902658462524,0.4752374291419983,0.6910713911056519,0.5034466981887817,0.6904197335243225,0.5071076154708862,0.7419452667236328,0.46359455585479736,0.7326502203941345,0.48618602752685547,0.7375344038009644,0.5120999217033386,0.7380181550979614,water
0.659848153591156,0.6869909763336182,0.6216409206390381,0.5879614353179932,0.57231605052948,0.5028266906738281,0.5532189607620239,0.42166364192962646,0.5637104511260986,0.3532598614692688,0.5087546110153198,0.5331411361694336,0.44107410311698914,0.5713841915130615,0.4693319797515869,0.5853848457336426,0.500333845615387,0.576343297958374,0.5050992965698242,0.603509247303009,0.4442310929298401,0.6240549087524414,0.47079339623451233,0.6361303925514221,0.5004395842552185,0.6293973922729492,0.5078849196434021,0.6731451749801636,0.45625466108322144,0.6760759949684143,0.47904860973358154,0.6876938343048096,0.5072071552276611,0.686109721660614,0.514107882976532,0.7375121116638184,0.46790453791618347,0.7269060015678406,0.4901403486728668,0.7327646017074585,0.5154516100883484,0.7341429591178894,water
0.6777451634407043,0.6501615643501282,0.6422486901283264,0.5520297884941101,0.5937168002128601,0.46542781591415405,0.576612114906311,0.3852984309196472,0.5888956189155579,0.31809526681900024,0.5318174362182617,0.48950308561325073,0.4633653163909912,0.5239169597625732,0.48979422450065613,0.5400523543357849,0.5210476517677307,0.5325570106506348,0.5278540253639221,0.5569210648536682,0.46575266122817993,0.5777395963668823,0.4907657504081726,0.5900754928588867,0.5206758379936218,0.5836596488952637,0.5293322801589966,0.6261945962905884,0.47620460391044617,0.6307400465011597,0.4988729953765869,0.6425641179084778,0.5278213024139404,0.6411287784576416,0.5337716937065125,0.6926729679107666,0.4856054484844208,0.6874282360076904,0.507866621017456,0.6932036876678467,0.5342170596122742,0.6939806342124939,water
0.701834499835968,0.6365740299224854,0.6704713106155396,0.5416170358657837,0.6275501847267151,0.4560958445072174,0.611269474029541,0.37733787298202515,0.62669438123703,0.3110767602920532,0.5705447196960449,0.46766433119773865,0.49944958090782166,0.5073190331459045,0.5257218480110168,0.5267629623413086,0.5555242300033569,0.5187733769416809,0.5647567510604858,0.5317703485488892,0.5000592470169067,0.5613945126533508,0.5252732634544373,0.5766750574111938,0.5545513033866882,0.5702994465827942,0.5639165043830872,0.5977451205253601,0.5089314579963684,0.6136041879653931,0.5323671698570251,0.6260776519775391,0.5604649186134338,0.6220816373825073,0.5663384199142456,0.6608572602272034,0.5198764801025391,0.6625286340713501,0.5431190133094788,0.6696747541427612,0.5688141584396362,0.6683283448219299,water
0.7145493626594543,0.6004154682159424,0.6851961612701416,0.5065505504608154,0.6430563926696777,0.41993123292922974,0.6282665729522705,0.34292787313461304,0.6425435543060303,0.2783128023147583,0.5852992534637451,0.42598259449005127,0.513872504234314,0.467648446559906,0.5391939878463745,0.4879074692726135,0.5686878561973572,0.4795684814453125,0.5799852609634399,0.487023264169693,0.5140404105186462,0.5214910507202148,0.5389542579650879,0.5376771092414856,0.5677897334098816,0.5290802717208862,0.578880250453949,0.5505831241607666,0.5240508913993835,0.572821855545044,0.5466405153274536,0.5870983600616455,0.5736399292945862,0.5814138650894165,0.5804292559623718,0.6122845411300659,0.5351989269256592,0.6207752823829651,0.557776153087616,0.6305432319641113,0.5828686356544495,0.6285048127174377,water
0.7097673416137695,0.6035858392715454,0.6805768609046936,0.513286828994751,0.6446893811225891,0.429313987493515,0.6321200728416443,0.35621902346611023,0.6456712484359741,0.2957381308078766,0.5833653807640076,0.4352259635925293,0.5218386054039001,0.4770059287548065,0.5419880747795105,0.4989045262336731,0.5653448104858398,0.49432727694511414,0.5781882405281067,0.49011990427970886,0.5200506448745728,0.5293298363685608,0.542208731174469,0.54529869556427,0.5688811540603638,0.5389205813407898,0.5776981115341187,0.5491392016410828,0.528245210647583,0.5764331221580505,0.5494601726531982,0.5896475315093994,0.5745685696601868,0.5841193795204163,0.5805980563163757,0.6070916652679443,0.5380904674530029,0.6197086572647095,0.5597964525222778,0.6287465691566467,0.5833702087402344,0.6258094906806946,water
0.7087582349777222,0.5695507526397705,0.6824511885643005,0.4834308624267578,0.6457322239875793,0.40042170882225037,0.6324246525764465,0.3290519118309021,0.6442223787307739,0.27039751410484314,0.5825904607772827,0.4033682346343994,0.5226898789405823,0.44373181462287903,0.5406074523925781,0.46678853034973145,0.5644338130950928,0.4641822576522827,0.5772120952606201,0.45445483922958374,0.521092414855957,0.495617538690567,0.5415443778038025,0.5118517279624939,0.5669904351234436,0.5050663948059082,0.5770148634910583,0.5104910731315613,0.5291688442230225,0.5425240993499756,0.5492269396781921,0.5563964247703552,0.5732240080833435,0.5503368973731995,0.5802812576293945,0.5673606395721436,0.5398370027542114,0.58775794506073,0.5608647465705872,0.5959226489067078,0.5836735367774963,0.5909810066223145,water
0.7075828313827515,0.5659487843513489,0.6836316585540771,0.4847331643104553,0.6477921605110168,0.40548717975616455,0.6349661350250244,0.33749979734420776,0.6477535963058472,0.2813851833343506,0.5841196179389954,0.40301358699798584,0.5278491973876953,0.4469981789588928,0.5468644499778748,0.4691670835018158,0.5695436000823975,0.46525895595550537,0.5775759220123291,0.45091524720191956,0.5257728695869446,0.4981152415275574,0.5467448234558105,0.5133987069129944,0.5707220435142517,0.5052140355110168,0.5762819051742554,0.5037534832954407,0.5328609943389893,0.5399340987205505,0.5529905557632446,0.5526108741760254,0.5755508542060852,0.5456483960151672,0.5788261294364929,0.557003378868103,0.5424827933311462,0.5784830451011658,0.5633779168128967,0.5868799686431885,0.5851522088050842,0.5821895599365234,water
0.6965221166610718,0.5769226551055908,0.6753900647163391,0.5000383853912354,0.6441771984100342,0.4259566068649292,0.6303879618644714,0.3620033860206604,0.6427579522132874,0.3086109161376953,0.573574423789978,0.42664867639541626,0.5300868153572083,0.46918144822120667,0.5464842915534973,0.4930707514286041,0.5663729906082153,0.49340564012527466,0.565020740032196,0.47019851207733154,0.5293358564376831,0.5165245532989502,0.5484281778335571,0.5309739112854004,0.5702015161514282,0.5259872674942017,0.5638456344604492,0.5208294987678528,0.5340247750282288,0.5559980869293213,0.5536586046218872,0.5679230690002441,0.5745834112167358,0.5635879635810852,0.5672625303268433,0.5720757842063904,0.5426380634307861,0.5918232798576355,0.5632155537605286,0.599198043346405,0.582556426525116,0.5962738990783691,water
0.6986309885978699,0.5446633100509644,0.6779699325561523,0.4724993109703064,0.645715057849884,0.3997534513473511,0.6329497694969177,0.3364671766757965,0.645243227481842,0.2842065095901489,0.5772523880004883,0.39561235904693604,0.5321099758148193,0.44144314527511597,0.5493258833885193,0.4638959765434265,0.5702317953109741,0.46219876408576965,0.5690102577209473,0.43915432691574097,0.529266893863678,0.48806124925613403,0.5490046143531799,0.5015029907226562,0.5712946653366089,0.494344562292099,0.567316472530365,0.488452672958374,0.5342106223106384,0.5270494222640991,0.5538707375526428,0.5384316444396973,0.5747186541557312,0.5322892665863037,0.5702356100082397,0.5381402969360352,0.5446596145629883,0.5622975826263428,0.5653495192527771,0.5695818066596985,0.5844185948371887,0.5645938515663147,water
0.6966685056686401,0.5501601696014404,0.6759878993034363,0.4784527122974396,0.644591212272644,0.4075808525085449,0.6331814527511597,0.34665095806121826,0.6445110440254211,0.2974662780761719,0.5799996852874756,0.4046683609485626,0.5336311459541321,0.45025667548179626,0.5511156916618347,0.4703827500343323,0.5730524063110352,0.466796875,0.5728350877761841,0.447529673576355,0.5337275266647339,0.49358534812927246,0.5522956848144531,0.5047160387039185,0.5733838081359863,0.49570921063423157,0.5718929767608643,0.49382007122039795,0.5384616255760193,0.5290082097053528,0.557157039642334,0.5380704402923584,0.577362060546875,0.5298542976379395,0.5746278166770935,0.5391271710395813,0.5480174422264099,0.56308513879776,0.5688279271125793,0.5691095590591431,0.5884252190589905,0.5628612637519836,water
0.6969703435897827,0.5343490242958069,0.6771540641784668,0.4605192542076111,0.646831750869751,0.39213019609451294,0.6365777254104614,0.33272865414619446,0.6495106220245361,0.28605765104293823,0.5858508348464966,0.38817763328552246,0.5364676713943481,0.42959052324295044,0.5548211336135864,0.44905737042427063,0.5769194960594177,0.44486939907073975,0.5791164040565491,0.43059372901916504,0.5359988212585449,0.47098666429519653,0.5550832748413086,0.48389774560928345,0.5765351057052612,0.4764429032802582,0.5776060223579407,0.4778916835784912,0.54200279712677,0.5100201964378357,0.5603594779968262,0.5195781588554382,0.5797072649002075,0.5110911130905151,0.5794296264648438,0.5252861380577087,0.5494357943534851,0.5455759167671204,0.569374144077301,0.5510539412498474,0.5883570313453674,0.5442845225334167,water
0.7011753916740417,0.5463376641273499,0.6807436943054199,0.46968892216682434,0.6504824757575989,0.39612919092178345,0.6406590938568115,0.33287468552589417,0.6540999412536621,0.2823617458343506,0.5937225818634033,0.39141562581062317,0.5391318202018738,0.43001705408096313,0.5575435161590576,0.4498870074748993,0.5792137384414673,0.4447254538536072,0.5870955586433411,0.4367133378982544,0.535654604434967,0.4744507968425751,0.5547234416007996,0.4888100028038025,0.5776991844177246,0.4821617901325226,0.5849214792251587,0.48688268661499023,0.5417258739471436,0.515386164188385,0.5597937703132629,0.5277155637741089,0.5815877318382263,0.5218579769134521,0.5859106183052063,0.5371817350387573,0.5487319231033325,0.5540401339530945,0.5676979422569275,0.5623384714126587,0.5888136029243469,0.5584394931793213,water
0.7054535746574402,0.5979620218276978,0.6764658093452454,0.5134729743003845,0.6382899880409241,0.4311456084251404,0.6273829936981201,0.35792475938796997,0.6450017094612122,0.29761672019958496,0.5924266576766968,0.4377706050872803,0.5223131775856018,0.477317214012146,0.5426201224327087,0.4978233873844147,0.567825436592102,0.490487664937973,0.5906403064727783,0.4929696023464203,0.520919680595398,0.5269785523414612,0.5417585968971252,0.5424575805664062,0.5688098669052124,0.5354136228561401,0.5907686948776245,0.5512657761573792,0.5293802618980408,0.5730161666870117,0.5497154593467712,0.58537757396698,0.575657069683075,0.5792384743690491,0.5922247171401978,0.6082737445831299,0.5393990278244019,0.6160104870796204,0.5593353509902954,0.623858630657196,0.5835813879966736,0.621443510055542,water
0.7037224173545837,0.5936965942382812,0.6753711700439453,0.5075326561927795,0.6376292109489441,0.4272024929523468,0.6268930435180664,0.3563671112060547,0.644429087638855,0.29894715547561646,0.5914013385772705,0.43290767073631287,0.5214802622795105,0.47459012269973755,0.5426446199417114,0.4946741461753845,0.5686687231063843,0.48771342635154724,0.5894578695297241,0.4892332851886749,0.5205720067024231,0.5237448811531067,0.5428927540779114,0.5387423634529114,0.5708198547363281,0.5327579379081726,0.5900477766990662,0.5480504035949707,0.5284866094589233,0.5708238482475281,0.5499876737594604,0.5826804637908936,0.576461672782898,0.5776059031486511,0.5928000211715698,0.6054927110671997,0.5407049059867859,0.6158596873283386,0.5610191822052002,0.6231881380081177,0.5850638151168823,0.6204752326011658,water
0.7026710510253906,0.5883452296257019,0.6746098399162292,0.5024851560592651,0.6375170350074768,0.4213296175003052,0.6265873908996582,0.3497738838195801,0.6441290974617004,0.29264092445373535,0.5919547080993652,0.42804577946662903,0.5202772617340088,0.4685405194759369,0.5422471761703491,0.4895821511745453,0.5688948035240173,0.4830499291419983,0.5893855690956116,0.4853586256504059,0.5186203718185425,0.5185375213623047,0.5422401428222656,0.534034252166748,0.571068286895752,0.528170108795166,0.5894395112991333,0.544356644153595,0.5276409983634949,0.5672922134399414,0.5507306456565857,0.5790923237800598,0.5780259966850281,0.5736573338508606,0.5922579765319824,0.601720929145813,0.5414360761642456,0.6123980283737183,0.5633652806282043,0.6192435026168823,0.588080644607544,0.6154059171676636,water
0.7040928602218628,0.5891764163970947,0.6744304299354553,0.5026082992553711,0.635940432548523,0.41928476095199585,0.6243971586227417,0.3451562523841858,0.6421217322349548,0.2863742709159851,0.5888639688491821,0.4296475648880005,0.5178691148757935,0.4699179232120514,0.5389910936355591,0.4915235638618469,0.5651195645332336,0.48506784439086914,0.587661862373352,0.48704567551612854,0.5160312652587891,0.5225882530212402,0.538219690322876,0.5379208922386169,0.5669299960136414,0.5310026407241821,0.588627815246582,0.5465895533561707,0.5266172289848328,0.5713621377944946,0.5486509799957275,0.5821447372436523,0.5758441090583801,0.5754579901695251,0.5914757251739502,0.6042775511741638,0.5400443077087402,0.6145047545433044,0.5614815950393677,0.6204389333724976,0.5862919688224792,0.6157848834991455,water
0.7073056697845459,0.6006413102149963,0.6768265962600708,0.5124998688697815,0.6358665227890015,0.42635446786880493,0.62110835313797,0.3515513837337494,0.6370635032653809,0.2909242510795593,0.5883087515830994,0.4364010691642761,0.5158591866493225,0.47656264901161194,0.5382179617881775,0.4968908429145813,0.5647068023681641,0.4894251823425293,0.5855057239532471,0.49522751569747925,0.5128848552703857,0.5298354625701904,0.5368868112564087,0.5448330640792847,0.5658565759658813,0.537581205368042,0.5851078629493713,0.5558345317840576,0.523581326007843,0.5797968506813049,0.5466253757476807,0.590130627155304,0.5739009380340576,0.5833659172058105,0.5864125490188599,0.6147275567054749,0.5360870361328125,0.6235734820365906,0.5583339333534241,0.6291308999061584,0.5833320021629333,0.6249208450317383,water
0.7024146318435669,0.6084983348846436,0.6725764274597168,0.5206875205039978,0.6324478983879089,0.4351862668991089,0.6180241703987122,0.36108142137527466,0.6339802145957947,0.30106115341186523,0.5844717621803284,0.44685643911361694,0.5117388963699341,0.48569563031196594,0.5343050956726074,0.5064221024513245,0.5613682270050049,0.4997192621231079,0.5819301605224609,0.5059143304824829,0.5093041658401489,0.5392816066741943,0.5333196520805359,0.5547009706497192,0.5627854466438293,0.5479812622070312,0.5818300843238831,0.5661317110061646,0.5214932560920715,0.5892972350120544,0.54411780834198,0.6002698540687561,0.5716725587844849,0.5939432382583618,0.5829727053642273,0.624565064907074,0.5338476300239563,0.6339502334594727,0.5555173754692078,0.6398352384567261,0.580542266368866,0.6357638239860535,water
0.7025200128555298,0.6158217787742615,0.6718655228614807,0.5282325744628906,0.6301688551902771,0.4436807632446289,0.6161502599716187,0.36855262517929077,0.6321269869804382,0.3069043755531311,0.5817084908485413,0.4547562301158905,0.5074893236160278,0.49449652433395386,0.531600832939148,0.5135958790779114,0.5593288540840149,0.5051411986351013,0.5790980458259583,0.5143564939498901,0.5062962770462036,0.548267126083374,0.531441330909729,0.5624667406082153,0.5608173608779907,0.5544050931930542,0.579113245010376,0.5754473805427551,0.5181875824928284,0.5977133512496948,0.5414780974388123,0.6076679825782776,0.5690967440605164,0.600848913192749,0.580990731716156,0.6341265439987183,0.5319960117340088,0.6414982676506042,0.5538545250892639,0.6471387147903442,0.578734278678894,0.643878698348999,water
0.6933659911155701,0.6161860823631287,0.6646970510482788,0.5273732542991638,0.6263958811759949,0.44331005215644836,0.6143988370895386,0.3679927587509155,0.6303952932357788,0.3075137138366699,0.5783390402793884,0.45595782995224,0.5045343637466431,0.495815634727478,0.5284095406532288,0.5153676867485046,0.5560429096221924,0.5078083872795105,0.5759348273277283,0.5154086351394653,0.5048825740814209,0.5471205711364746,0.5297222137451172,0.5620222687721252,0.5591638088226318,0.555629551410675,0.5757083296775818,0.5761526823043823,0.5161632299423218,0.5966010093688965,0.5394529104232788,0.6081692576408386,0.5669498443603516,0.6026691794395447,0.5771917104721069,0.6350906491279602,0.5284766554832458,0.6418465375900269,0.5504143834114075,0.648482084274292,0.5752867460250854,0.6461628675460815,water
0.6970899105072021,0.6170873045921326,0.6677282452583313,0.5287021994590759,0.626102864742279,0.4434182643890381,0.6133089065551758,0.36631298065185547,0.6296654939651489,0.3043426275253296,0.5775372385978699,0.45458510518074036,0.5028156042098999,0.49310824275016785,0.5262898206710815,0.5130948424339294,0.5548444390296936,0.5059379935264587,0.5743541717529297,0.5131278038024902,0.502798318862915,0.5454958081245422,0.5275818109512329,0.5601998567581177,0.5569950938224792,0.5531124472618103,0.5738050937652588,0.573917031288147,0.5137751698493958,0.59483802318573,0.5377079248428345,0.6065318584442139,0.5652347207069397,0.6009246706962585,0.5758472681045532,0.6329273581504822,0.5269925594329834,0.6398475170135498,0.5497074723243713,0.6472795605659485,0.574550449848175,0.6449977159500122,water
0.6870826482772827,0.6234028339385986,0.6576826572418213,0.5323306918144226,0.6188057065010071,0.44762590527534485,0.6033533215522766,0.37302324175834656,0.6184816360473633,0.3094589412212372,0.56588214635849,0.45866110920906067,0.4956984519958496,0.49887406826019287,0.5181698799133301,0.5164180397987366,0.5449708700180054,0.5092954635620117,0.5638403296470642,0.518632709980011,0.4944848418235779,0.5507699847221375,0.5186010599136353,0.5643585920333862,0.5478275418281555,0.5585549473762512,0.5646604895591736,0.5811891555786133,0.505005955696106,0.6019632816314697,0.5271919369697571,0.6123698949813843,0.5541922450065613,0.606898844242096,0.56729656457901,0.6417806148529053,0.5177682042121887,0.6473046541213989,0.5384944677352905,0.6531199812889099,0.562335729598999,0.6503527164459229,water
0.6842729449272156,0.6226321458816528,0.6553115248680115,0.5323274731636047,0.6152262687683105,0.44832348823547363,0.6015662550926208,0.37257444858551025,0.6174044609069824,0.3115079402923584,0.5640157461166382,0.4604648947715759,0.4920298159122467,0.5000388622283936,0.5167707800865173,0.5187697410583496,0.5452812910079956,0.5109606385231018,0.5612618923187256,0.5208368301391602,0.49142807722091675,0.552266538143158,0.5168312788009644,0.5666487216949463,0.546711266040802,0.5601047277450562,0.5613932609558105,0.5823956727981567,0.5021102428436279,0.6025050282478333,0.5263884663581848,0.6133729815483093,0.55439293384552,0.6076040863990784,0.5639917850494385,0.6416380405426025,0.5160293579101562,0.6480806469917297,0.5388200283050537,0.6545071601867676,0.5637717247009277,0.6517848968505859,water
0.6840288043022156,0.6197222471237183,0.654106616973877,0.5310313105583191,0.6138039231300354,0.4472017288208008,0.6002143025398254,0.3714064061641693,0.6162493824958801,0.3102281093597412,0.5634006857872009,0.4587211608886719,0.4909791052341461,0.4984827935695648,0.5156320333480835,0.5181014537811279,0.5443917512893677,0.5104004740715027,0.5607681274414062,0.5179785490036011,0.4907020330429077,0.5501694083213806,0.5155283808708191,0.5653322339057922,0.5452538132667542,0.5587463974952698,0.5610144138336182,0.5792999863624573,0.5010148286819458,0.5999760031700134,0.5247394442558289,0.6121654510498047,0.552733302116394,0.6067007780075073,0.5637895464897156,0.6389601826667786,0.5140312314033508,0.6456711292266846,0.5367040634155273,0.6532554030418396,0.5622500777244568,0.6512269973754883,water
0.6828593015670776,0.6156485080718994,0.6530399322509766,0.5269142389297485,0.6134404540061951,0.44371092319488525,0.6000562310218811,0.36934590339660645,0.6153126955032349,0.309467077255249,0.5609463453292847,0.45509326457977295,0.490056574344635,0.4943268597126007,0.5138981342315674,0.5129961371421814,0.5419394969940186,0.5057824850082397,0.5583733916282654,0.5149223804473877,0.4905637204647064,0.5463697910308838,0.5149359703063965,0.5609727501869202,0.5443097352981567,0.5547497272491455,0.5585311651229858,0.5766244530677795,0.5007466077804565,0.5966612100601196,0.5237975120544434,0.6089679598808289,0.5514313578605652,0.6041202545166016,0.561077892780304,0.6363847851753235,0.5120496153831482,0.6423455476760864,0.5345754027366638,0.6507571339607239,0.5599377751350403,0.6495785117149353,water
0.6826645731925964,0.6073511242866516,0.6521548628807068,0.5192133188247681,0.6135159730911255,0.43624353408813477,0.6012263894081116,0.36180514097213745,0.6171332597732544,0.30165332555770874,0.5621351003646851,0.4478580355644226,0.4908398687839508,0.4872853457927704,0.5151111483573914,0.5072314739227295,0.5437396168708801,0.49998998641967773,0.5596247911453247,0.5074347853660583,0.49071356654167175,0.5393091440200806,0.5154715776443481,0.5548754334449768,0.5449222326278687,0.5484216213226318,0.5605107545852661,0.5689915418624878,0.5008035898208618,0.5891678333282471,0.5247588753700256,0.60190349817276,0.5525016784667969,0.5968750715255737,0.5643109679222107,0.6288646459579468,0.5145135521888733,0.6340427994728088,0.5372583270072937,0.6421620845794678,0.5622384548187256,0.6406804323196411,water
0.6877771019935608,0.6187669634819031,0.6581855416297913,0.5279805660247803,0.6176000833511353,0.4421851634979248,0.6040121912956238,0.3649454414844513,0.6210237145423889,0.30173805356025696,0.5646066665649414,0.4529074430465698,0.49452662467956543,0.49425843358039856,0.5192155838012695,0.5132461190223694,0.5478275418281555,0.5049635171890259,0.5615652799606323,0.5128017067909241,0.4939063787460327,0.5470748543739319,0.5184962153434753,0.5615477561950684,0.5476331114768982,0.5540806651115417,0.5615243911743164,0.5750572085380554,0.503342866897583,0.5969444513320923,0.5272789001464844,0.6084897518157959,0.5550670027732849,0.6023696064949036,0.5637316703796387,0.635427713394165,0.5159839391708374,0.6425687670707703,0.5395084619522095,0.6497056484222412,0.5649469494819641,0.6470426917076111,water
0.6902819275856018,0.6125728487968445,0.6601420640945435,0.5233055949211121,0.6206995844841003,0.438434898853302,0.6072276830673218,0.3627696633338928,0.6223865747451782,0.30187514424324036,0.5685240626335144,0.44864654541015625,0.49694591760635376,0.4865016043186188,0.5202597975730896,0.5071598887443542,0.5485223531723022,0.5007532238960266,0.5651374459266663,0.5073989629745483,0.4963957667350769,0.5390049815177917,0.520717978477478,0.5551880598068237,0.550187885761261,0.5488836169242859,0.5647536516189575,0.5692659020423889,0.5061133503913879,0.5902725458145142,0.5295944809913635,0.6034294962882996,0.5573403835296631,0.5983356237411499,0.5668864846229553,0.6301420331001282,0.5179765820503235,0.6370353698730469,0.5408726334571838,0.6455341577529907,0.5662122964859009,0.6437512040138245,water
0.6872650980949402,0.6150436401367188,0.6560715436935425,0.5243544578552246,0.6154208779335022,0.4402734339237213,0.6012269258499146,0.3652139902114868,0.6160820722579956,0.3056042790412903,0.5617550015449524,0.45228564739227295,0.4904646873474121,0.4908616244792938,0.514926552772522,0.5104204416275024,0.5436285138130188,0.5035508275032043,0.5585582852363586,0.5120230317115784,0.4908331632614136,0.5430749654769897,0.5153214931488037,0.5589410662651062,0.5446783304214478,0.5527977347373962,0.558742105960846,0.5740121603012085,0.5008569359779358,0.5936064720153809,0.5240311026573181,0.6069234013557434,0.5518264770507812,0.6024070978164673,0.5615836381912231,0.6349759101867676,0.51181560754776,0.6399037837982178,0.5342192649841309,0.6485525369644165,0.5597761869430542,0.647405743598938,water
0.6827747821807861,0.6239519119262695,0.6528691053390503,0.5328124761581421,0.6127386689186096,0.448366641998291,0.5985388159751892,0.37137794494628906,0.6143129467964172,0.30867767333984375,0.5584197640419006,0.4605241119861603,0.4886297583580017,0.5003236532211304,0.5127307772636414,0.5200529098510742,0.540891170501709,0.5129982829093933,0.5548392534255981,0.5209229588508606,0.4876435101032257,0.5523772239685059,0.5118012428283691,0.5681089162826538,0.5415483713150024,0.5624690055847168,0.5547109246253967,0.5837705135345459,0.4972652494907379,0.6034539341926575,0.5203778147697449,0.6165279150009155,0.5484376549720764,0.6121706366539001,0.5572050213813782,0.6451680660247803,0.5088537931442261,0.6506208181381226,0.5314204096794128,0.6587793827056885,0.557087779045105,0.6574381589889526,water
0.6722280979156494,0.6431451439857483,0.6391350626945496,0.5498387217521667,0.5949215888977051,0.4653388559818268,0.5789825916290283,0.38683462142944336,0.5929400324821472,0.32579153776168823,0.5379169583320618,0.485836923122406,0.4683133661746979,0.5243393182754517,0.49345093965530396,0.5427367687225342,0.5223757028579712,0.5350199937820435,0.535564124584198,0.5490409135818481,0.46979740262031555,0.5774737000465393,0.4947965741157532,0.591938316822052,0.5247935056686401,0.5848768949508667,0.5372866988182068,0.6135445237159729,0.4820842146873474,0.6302956938743591,0.5050980448722839,0.6421089768409729,0.5331191420555115,0.6373517513275146,0.5417026281356812,0.6761208772659302,0.4930349290370941,0.6779134273529053,0.5153841972351074,0.6849244832992554,0.5414377450942993,0.6832073330879211,water
0.6756702661514282,0.6440022587776184,0.642241358757019,0.5528863668441772,0.5975770950317383,0.46876260638237,0.5811641812324524,0.39148783683776855,0.5949533581733704,0.32678213715553284,0.5395148992538452,0.4842408299446106,0.47239357233047485,0.5287723541259766,0.49937477707862854,0.54573655128479,0.528244137763977,0.535235583782196,0.5372768044471741,0.5473599433898926,0.4735494554042816,0.5815927982330322,0.4995069205760956,0.5949136018753052,0.5289964079856873,0.586288571357727,0.5394939184188843,0.6119130253791809,0.4854998290538788,0.6328128576278687,0.5094337463378906,0.642998218536377,0.5374204516410828,0.6365749835968018,0.544468879699707,0.6739594340324402,0.49906450510025024,0.6791526079177856,0.5221393704414368,0.6844658255577087,0.5475290417671204,0.6811129450798035,water
0.6780363917350769,0.6414750218391418,0.6436924934387207,0.5511005520820618,0.5996240973472595,0.4683327376842499,0.5843438506126404,0.3923172652721405,0.5969423651695251,0.32926198840141296,0.5456213355064392,0.4829172194004059,0.4763369560241699,0.525978147983551,0.5021257400512695,0.5444594025611877,0.5314648747444153,0.5362226366996765,0.5433632731437683,0.544691801071167,0.4779472053050995,0.5780394077301025,0.502680778503418,0.5922836661338806,0.5322508215904236,0.584589958190918,0.5448935627937317,0.6083041429519653,0.4894620180130005,0.628657341003418,0.5128604769706726,0.6402191519737244,0.540742814540863,0.6345500349998474,0.5492072701454163,0.6697084307670593,0.5020676255226135,0.6761669516563416,0.5252957344055176,0.6829657554626465,0.5508289337158203,0.6802942752838135,water
0.6772977113723755,0.6694183349609375,0.6406590342521667,0.5761914849281311,0.5966094732284546,0.49427545070648193,0.5808424353599548,0.4186168909072876,0.5931711196899414,0.3521959185600281,0.5417787432670593,0.5120410919189453,0.47304022312164307,0.5540114641189575,0.5002396106719971,0.5689617395401001,0.5299078226089478,0.5595608949661255,0.5393341779708862,0.5769784450531006,0.47533881664276123,0.6074811220169067,0.5016130208969116,0.6198855042457581,0.5313470959663391,0.6131781935691833,0.5420519709587097,0.6426183581352234,0.4869968593120575,0.6586104035377502,0.5106369256973267,0.6676493883132935,0.5391249060630798,0.6626445055007935,0.5479761362075806,0.7045431137084961,0.49967607855796814,0.70622718334198,0.5225679278373718,0.7111594676971436,0.5484164953231812,0.7091747522354126,water
0.6700402498245239,0.6812271475791931,0.6347803473472595,0.5904303193092346,0.58601975440979,0.5090219378471375,0.5642523765563965,0.4359113872051239,0.5732640624046326,0.3725664019584656,0.5344901084899902,0.5267452597618103,0.4636014997959137,0.5658338069915771,0.48658129572868347,0.5841183066368103,0.5158067941665649,0.5773637294769287,0.5327417254447937,0.5891328454017639,0.4647352993488312,0.6208981275558472,0.48894190788269043,0.6351482272148132,0.5189821124076843,0.6272539496421814,0.5347377061843872,0.6532280445098877,0.4776265025138855,0.6733616590499878,0.4998319745063782,0.6840760111808777,0.5280023813247681,0.6779996752738953,0.5391209721565247,0.7153367400169373,0.4898283779621124,0.7205227613449097,0.5115582346916199,0.7265340089797974,0.5374928712844849,0.7232463359832764,water
0.6371325850486755,0.7028641700744629,0.5990145206451416,0.614823043346405,0.5487522482872009,0.5372054576873779,0.5267850756645203,0.46368905901908875,0.5340873003005981,0.39805757999420166,0.49400103092193604,0.5635515451431274,0.4330882132053375,0.609411358833313,0.45807576179504395,0.623545229434967,0.48577311635017395,0.6130942106246948,0.4939097762107849,0.6287357807159424,0.4354718327522278,0.6611867547035217,0.459804505109787,0.6721585988998413,0.48822158575057983,0.662196934223175,0.49847882986068726,0.6943496465682983,0.448833703994751,0.7110987901687622,0.47043222188949585,0.720455527305603,0.4972536563873291,0.7143560647964478,0.5054539442062378,0.755664050579071,0.4637722969055176,0.7568322420120239,0.48454147577285767,0.7610902190208435,0.5085739493370056,0.7581533193588257,water
0.6202013492584229,0.7062904238700867,0.5817381143569946,0.6185551881790161,0.5345066785812378,0.5404645204544067,0.5148420333862305,0.4655775725841522,0.524960994720459,0.4019564986228943,0.47083139419555664,0.5681864023208618,0.41473162174224854,0.6162580251693726,0.44061386585235596,0.6323959231376648,0.46776944398880005,0.6210587024688721,0.47030749917030334,0.6321312785148621,0.41755667328834534,0.6672976613044739,0.4430139362812042,0.679365873336792,0.4717979431152344,0.6684890985488892,0.47647741436958313,0.6969229578971863,0.43103036284446716,0.7180792093276978,0.45477166771888733,0.7291797995567322,0.4815758764743805,0.7213394641876221,0.48602810502052307,0.7578735947608948,0.4465690851211548,0.7643229961395264,0.47018954157829285,0.7702101469039917,0.49531784653663635,0.7660850882530212,water
0.6363808512687683,0.6923988461494446,0.5999556183815002,0.6043732166290283,0.5571065545082092,0.5264595746994019,0.5436351299285889,0.45338165760040283,0.5583820939064026,0.39259424805641174,0.49043893814086914,0.5528108477592468,0.4333384931087494,0.6016113758087158,0.45916953682899475,0.6165650486946106,0.48704424500465393,0.6059127449989319,0.4883703291416168,0.613630473613739,0.4369676411151886,0.6503251791000366,0.4610406160354614,0.6619373559951782,0.488505095243454,0.6516160368919373,0.4934000074863434,0.6754363775253296,0.45018839836120605,0.6982418894767761,0.47196322679519653,0.708742618560791,0.4976694881916046,0.7016492486000061,0.5015338659286499,0.7343012690544128,0.46234944462776184,0.7423545718193054,0.48487669229507446,0.7478910684585571,0.509951114654541,0.7438428401947021,water
0.6657961010932922,0.6648138761520386,0.6326139569282532,0.5807890892028809,0.5951070785522461,0.5067537426948547,0.5862700343132019,0.43928658962249756,0.6011930704116821,0.3884853720664978,0.5219079852104187,0.5226414799690247,0.47268953919410706,0.5703521966934204,0.49842599034309387,0.588047206401825,0.524122953414917,0.5779440402984619,0.5177122950553894,0.5769532918930054,0.47533372044563293,0.6185859441757202,0.49709582328796387,0.6314583420753479,0.5212493538856506,0.6211096048355103,0.5217669606208801,0.6346383094787598,0.48487433791160583,0.6626735329627991,0.5057670474052429,0.6739163398742676,0.5296717882156372,0.6670268177986145,0.5298476219177246,0.6896989345550537,0.49551019072532654,0.7032833099365234,0.5163019299507141,0.7089837193489075,0.5388903021812439,0.7035117745399475,water
0.6779364347457886,0.6373004913330078,0.6480950117111206,0.5531736612319946,0.6112130284309387,0.47814884781837463,0.5996852517127991,0.4097748398780823,0.6145132780075073,0.3540441393852234,0.5393404960632324,0.49083465337753296,0.4884563982486725,0.5357780456542969,0.5111774802207947,0.5551333427429199,0.5350437164306641,0.5471245050430298,0.5345079898834229,0.5410417318344116,0.49166688323020935,0.5834330320358276,0.5135899782180786,0.5977171659469604,0.5369111895561218,0.5874478220939636,0.5374205708503723,0.5958865880966187,0.5009893774986267,0.6271094679832458,0.5224881172180176,0.6386216282844543,0.5443776845932007,0.6295518279075623,0.5447015166282654,0.650327742099762,0.5112535953521729,0.666386604309082,0.5338427424430847,0.6742165684700012,0.5558475255966187,0.6690358519554138,water
0.6846800446510315,0.6169028878211975,0.6594558954238892,0.5453575253486633,0.6279482841491699,0.481298565864563,0.6245606541633606,0.42468398809432983,0.6473400592803955,0.38686370849609375,0.5519992709159851,0.4831450581550598,0.5075974464416504,0.5363088846206665,0.5269458889961243,0.5551902651786804,0.5484728813171387,0.5460402965545654,0.5471327304840088,0.5284485220909119,0.5060858726501465,0.5840573310852051,0.5279536843299866,0.5933232307434082,0.550709068775177,0.5803098678588867,0.5492600798606873,0.5774866342544556,0.5138302445411682,0.6245527863502502,0.5344946384429932,0.6305691599845886,0.5541031956672668,0.6169849634170532,0.5558289885520935,0.6258366107940674,0.5245602130889893,0.657870888710022,0.5455045104026794,0.6610252261161804,0.5652217268943787,0.6507633924484253,water
0.6924316883087158,0.6056855320930481,0.6670812368392944,0.5370886921882629,0.6363573670387268,0.47411853075027466,0.634120762348175,0.4171024560928345,0.6570311784744263,0.379069983959198,0.5602949857711792,0.469407856464386,0.5136706233024597,0.5266674757003784,0.5346078276634216,0.5456669330596924,0.5561648607254028,0.5350725054740906,0.5552552938461304,0.5130299925804138,0.5134322643280029,0.5718335509300232,0.5359950661659241,0.581484317779541,0.5585315227508545,0.5680332183837891,0.5570163130760193,0.561880886554718,0.5219175815582275,0.6114458441734314,0.5431461334228516,0.6183161735534668,0.5622875094413757,0.6043687462806702,0.5630991458892822,0.6108512282371521,0.5327437520027161,0.6436185240745544,0.5541665554046631,0.6477678418159485,0.5735355615615845,0.6375822424888611,water
0.7090017199516296,0.6157249212265015,0.6884140968322754,0.5440036654472351,0.6604363322257996,0.4765774607658386,0.659374475479126,0.41753089427948,0.6802689433097839,0.37943732738494873,0.5800486207008362,0.475417822599411,0.5376800298690796,0.5251458287239075,0.5499745011329651,0.5488700866699219,0.5665789842605591,0.5475995540618896,0.571085512638092,0.5153093338012695,0.536309003829956,0.5755873322486877,0.5529032349586487,0.5874532461166382,0.5730651617050171,0.5772847533226013,0.5690841674804688,0.5616887807846069,0.5428293347358704,0.6114629507064819,0.5610092878341675,0.6195275783538818,0.5803102254867554,0.6084215044975281,0.5717324018478394,0.6075645685195923,0.5511527061462402,0.6416196823120117,0.5710217952728271,0.6479009985923767,0.5903792977333069,0.639854907989502,water
0.7174193263053894,0.6106857061386108,0.6962549686431885,0.5369846820831299,0.6647802591323853,0.46574318408966064,0.6557633876800537,0.40449267625808716,0.6726386547088623,0.35789936780929565,0.5892425775527954,0.46629345417022705,0.5469702482223511,0.5121909379959106,0.5659384727478027,0.5333647131919861,0.5869291424751282,0.5299611687660217,0.5801178812980652,0.5084253549575806,0.5454493761062622,0.5585697293281555,0.5661684274673462,0.5705253481864929,0.5898148417472839,0.5628727674484253,0.5778824090957642,0.5565269589424133,0.5497144460678101,0.5953034162521362,0.568852961063385,0.6053094863891602,0.5898204445838928,0.5976646542549133,0.5798680782318115,0.6042887568473816,0.5569249987602234,0.6295210719108582,0.5768049955368042,0.6361989378929138,0.5962610840797424,0.6305536031723022,water
0.7117702960968018,0.5922240614891052,0.6901135444641113,0.5159288644790649,0.6578347682952881,0.4457969069480896,0.6389815807342529,0.38499969244003296,0.6478638648986816,0.3322615325450897,0.6002377867698669,0.4443421959877014,0.5478017926216125,0.4837913513183594,0.5667113661766052,0.5034967660903931,0.5882324576377869,0.49759581685066223,0.5937322378158569,0.48958975076675415,0.5450417995452881,0.5262850522994995,0.5648349523544312,0.5413744449615479,0.5867269039154053,0.5341849327087402,0.5919514894485474,0.5397313833236694,0.5499995946884155,0.5680457949638367,0.5700318813323975,0.580479621887207,0.5907595157623291,0.5725337266921997,0.5939074158668518,0.5894270539283752,0.5573027729988098,0.6036884188652039,0.5782471299171448,0.6132382154464722,0.5985791683197021,0.6095360517501831,water
0.7129752039909363,0.6022570133209229,0.686874508857727,0.5279166102409363,0.6503603458404541,0.45815509557724,0.6310980319976807,0.39533036947250366,0.6404788494110107,0.34040337800979614,0.6053447723388672,0.4535733461380005,0.5409663915634155,0.49410349130630493,0.5595167279243469,0.5158873796463013,0.5825914144515991,0.5094536542892456,0.6043128967285156,0.4972313940525055,0.5395857691764832,0.5388708114624023,0.5608355402946472,0.5550902485847473,0.5845378637313843,0.5472599864006042,0.6054020524024963,0.546907365322113,0.5477306246757507,0.5802133679389954,0.5693145394325256,0.5934449434280396,0.5917544960975647,0.5858717560768127,0.6088168025016785,0.5986683964729309,0.5612385272979736,0.6187752485275269,0.5823968648910522,0.6262081861495972,0.6038076877593994,0.6201131343841553,water
0.7152748703956604,0.5972643494606018,0.6888740658760071,0.5226555466651917,0.6529179215431213,0.4517377018928528,0.6353409290313721,0.3878653049468994,0.6445429921150208,0.3320593237876892,0.6095578074455261,0.4416199028491974,0.544037938117981,0.48420819640159607,0.5635507106781006,0.5075310468673706,0.5876191854476929,0.5006793141365051,0.6093506813049316,0.4854601323604584,0.5416331887245178,0.5285757780075073,0.5639179944992065,0.5455899834632874,0.5883976817131042,0.5378541350364685,0.6106741428375244,0.5360118746757507,0.5504944920539856,0.5711976289749146,0.5725730061531067,0.5845504403114319,0.5952345728874207,0.5764803290367126,0.6138516068458557,0.5891245603561401,0.5644693970680237,0.6116344332695007,0.5860530138015747,0.6186932921409607,0.6076846122741699,0.6116534471511841,water
0.7180952429771423,0.6119769811630249,0.6897361874580383,0.5341605544090271,0.6480927467346191,0.46030837297439575,0.6289864182472229,0.395244300365448,0.6365535855293274,0.3377950191497803,0.6115829944610596,0.4594760239124298,0.5389753580093384,0.49933889508247375,0.5591135025024414,0.5216317772865295,0.5855385065078735,0.5148874521255493,0.6123748421669006,0.5091127753257751,0.5389865040779114,0.5477685332298279,0.5613358020782471,0.5629870891571045,0.5880158543586731,0.5543279647827148,0.6145159006118774,0.5639222264289856,0.5491175055503845,0.5939610004425049,0.5725704431533813,0.6043028235435486,0.5987220406532288,0.596021831035614,0.6183733344078064,0.6194778084754944,0.5652362704277039,0.6355183720588684,0.5874631404876709,0.6392576694488525,0.6114999651908875,0.631450355052948,water
0.7361500859260559,0.44563695788383484,0.7251735925674438,0.39074862003326416,0.7071183323860168,0.33197104930877686,0.7005396485328674,0.2841017246246338,0.708845317363739,0.2490590512752533,0.6890307664871216,0.29564404487609863,0.624931275844574,0.3034452199935913,0.6335524320602417,0.33424559235572815,0.6518097519874573,0.3416256606578827,0.6848822236061096,0.31893283128738403,0.6166101098060608,0.33568885922431946,0.6300333142280579,0.364169180393219,0.6479811072349548,0.3669983148574829,0.6765328645706177,0.3536458909511566,0.6120213270187378,0.3560270071029663,0.6261369585990906,0.380724161863327,0.6450099349021912,0.3861429989337921,0.669365644454956,0.39224910736083984,0.620610237121582,0.39299750328063965,0.5919380187988281,0.4002610445022583,0.5658118724822998,0.3999634385108948,call
0.7337026596069336,0.47343358397483826,0.7134042978286743,0.4217671751976013,0.6857151389122009,0.36431699991226196,0.6736639142036438,0.31451570987701416,0.6795352101325989,0.2742973566055298,0.6596229672431946,0.3368546962738037,0.597999095916748,0.361159086227417,0.611397385597229,0.38761237263679504,0.631501317024231,0.3916665017604828,0.6571709513664246,0.36165738105773926,0.5942562818527222,0.39783158898353577,0.6127297282218933,0.4204017221927643,0.6323246955871582,0.4199628531932831,0.6525734663009644,0.39736589789390564,0.5921425223350525,0.4195127785205841,0.6099585294723511,0.4388069808483124,0.6308662295341492,0.4409780204296112,0.6500746607780457,0.4363870918750763,0.6018818616867065,0.4571482241153717,0.5744091868400574,0.4756196141242981,0.5495085716247559,0.4864373207092285,call
0.7152196764945984,0.5271474123001099,0.695010244846344,0.46570470929145813,0.6577142477035522,0.411892831325531,0.63863205909729,0.3638145923614502,0.6428660750389099,0.32120031118392944,0.6009032726287842,0.4121088981628418,0.5628101825714111,0.4532703757286072,0.5819692611694336,0.4688957631587982,0.6028554439544678,0.46402278542518616,0.592498242855072,0.4549335241317749,0.5622361898422241,0.4890799820423126,0.5837236642837524,0.4986101984977722,0.6035438776016235,0.49364250898361206,0.5913294553756714,0.5013483166694641,0.5521212816238403,0.5247260332107544,0.5715461373329163,0.5329282283782959,0.5939657688140869,0.5274862051010132,0.5962927937507629,0.544039785861969,0.5553922653198242,0.5757026672363281,0.531436026096344,0.6025516986846924,0.5104047656059265,0.6206087470054626,call
0.7048278450965881,0.5313552021980286,0.6800215244293213,0.4698786437511444,0.6396745443344116,0.4158627688884735,0.6166242361068726,0.36607158184051514,0.6162205338478088,0.32077300548553467,0.5843366384506226,0.42647141218185425,0.5458264350891113,0.46856269240379333,0.5615363717079163,0.4875151515007019,0.5800310969352722,0.48783963918685913,0.5775205492973328,0.4705473482608795,0.5429601073265076,0.5075456500053406,0.5619377493858337,0.5229607224464417,0.5821676254272461,0.5222349166870117,0.5783189535140991,0.5179113149642944,0.5321577191352844,0.5457722544670105,0.5464667677879333,0.563831090927124,0.5652181506156921,0.5667827129364014,0.5853485465049744,0.5620861053466797,0.5440599918365479,0.6003016829490662,0.5220142602920532,0.6337661147117615,0.5019983053207397,0.6579999327659607,call
0.7136063575744629,0.5301966667175293,0.6919320821762085,0.470149427652359,0.6531451940536499,0.42108866572380066,0.6304258108139038,0.374580979347229,0.6340197920799255,0.3322361707687378,0.5892264246940613,0.43246889114379883,0.5636905431747437,0.47954636812210083,0.5820850729942322,0.4972003400325775,0.6007083058357239,0.4956510066986084,0.5802401900291443,0.47645676136016846,0.5600655674934387,0.5155478715896606,0.581551730632782,0.5288330912590027,0.6019011735916138,0.526339054107666,0.5821207761764526,0.5226255059242249,0.5471750497817993,0.5538806319236755,0.566171407699585,0.5685631036758423,0.588092029094696,0.5678255558013916,0.5916917324066162,0.5639386177062988,0.5554996728897095,0.6008591651916504,0.5338795185089111,0.6343334913253784,0.5142785310745239,0.6589140892028809,call
0.7033267021179199,0.5468292832374573,0.689190685749054,0.4839274287223816,0.6595045328140259,0.43893975019454956,0.6408101320266724,0.3916224539279938,0.6460111737251282,0.3489614725112915,0.5860604643821716,0.4638226628303528,0.5876069068908691,0.501867413520813,0.6050492525100708,0.5159230828285217,0.6205401420593262,0.5188132524490356,0.5754996538162231,0.5079188942909241,0.5836859345436096,0.5421578884124756,0.6009931564331055,0.550616979598999,0.6164820790290833,0.5478670001029968,0.5790704488754272,0.5526275634765625,0.5698761940002441,0.5842605829238892,0.5873194932937622,0.5937803387641907,0.6051796674728394,0.5902645587921143,0.5904651880264282,0.5925071239471436,0.563244104385376,0.6286337375640869,0.5449472665786743,0.6638849973678589,0.5275846719741821,0.6925877928733826,call
0.7066522240638733,0.5299890637397766,0.6878068447113037,0.47135022282600403,0.6537891626358032,0.42934495210647583,0.630791425704956,0.3846765160560608,0.6323019862174988,0.3424251079559326,0.5827257633209229,0.4604187309741974,0.5792979001998901,0.499737948179245,0.5989475250244141,0.5114967823028564,0.6172779202461243,0.5121253132820129,0.5749673843383789,0.5045823454856873,0.5770155191421509,0.5391802191734314,0.5955827832221985,0.5470066070556641,0.6132031083106995,0.5439282655715942,0.5809963345527649,0.548658549785614,0.566045880317688,0.5817970037460327,0.5829648375511169,0.5905365347862244,0.6016932725906372,0.5867165327072144,0.5948258638381958,0.5872654914855957,0.5671788454055786,0.6263778209686279,0.5506941676139832,0.6622083187103271,0.5356432795524597,0.6914026737213135,call
0.7101295590400696,0.5174266695976257,0.6885764002799988,0.4595453441143036,0.6533125042915344,0.4202312231063843,0.6310930848121643,0.37729769945144653,0.633739709854126,0.3368610143661499,0.586137056350708,0.44918832182884216,0.5766191482543945,0.4957514703273773,0.5941484570503235,0.5096281170845032,0.6102984547615051,0.5080879926681519,0.5801092982292175,0.49227243661880493,0.5754150152206421,0.533685564994812,0.5930371284484863,0.5431209802627563,0.6097917556762695,0.5389377474784851,0.586541473865509,0.5353285074234009,0.5674922466278076,0.5730863213539124,0.5850099921226501,0.5828450322151184,0.6031147837638855,0.5774708390235901,0.6002871990203857,0.5724554061889648,0.572474479675293,0.6133051514625549,0.5563619136810303,0.6491150856018066,0.5416415929794312,0.6768268346786499,call
0.7317280173301697,0.4944024682044983,0.7106315493583679,0.4410191476345062,0.674415111541748,0.40251392126083374,0.6539442539215088,0.36030498147010803,0.6570638418197632,0.32288336753845215,0.609025776386261,0.42298978567123413,0.593400776386261,0.4714192748069763,0.6124498248100281,0.48236486315727234,0.6302399039268494,0.47724810242652893,0.6025565266609192,0.4616910219192505,0.591958224773407,0.502692461013794,0.6133642196655273,0.5104662775993347,0.6310111284255981,0.50398850440979,0.6063767671585083,0.5028722882270813,0.5796159505844116,0.5405532717704773,0.6008718013763428,0.5484933853149414,0.6210255026817322,0.5408772826194763,0.617159366607666,0.5400354862213135,0.5839170217514038,0.5845653414726257,0.5651184320449829,0.6206496357917786,0.546680212020874,0.6472380757331848,call
0.7462426424026489,0.4849720299243927,0.7265332937240601,0.4322529137134552,0.6915230751037598,0.3928687870502472,0.6717166900634766,0.3531544506549835,0.672827422618866,0.3187287449836731,0.6268504858016968,0.40727391839027405,0.6059913039207458,0.4551641643047333,0.6219701766967773,0.4708250164985657,0.6390246748924255,0.46913209557533264,0.6195922493934631,0.4434491693973541,0.6017748117446899,0.4883255958557129,0.6216245293617249,0.49985283613204956,0.6400583982467651,0.4957295358181,0.6212859153747559,0.4834938645362854,0.5906636118888855,0.5236138105392456,0.6096482872962952,0.5351831912994385,0.6291089653968811,0.5299887657165527,0.6302930116653442,0.5199389457702637,0.5954222679138184,0.5634832382202148,0.5761332511901855,0.5969760417938232,0.5581900477409363,0.6197313070297241,call
0.7686359286308289,0.48310497403144836,0.7532815933227539,0.4278322458267212,0.7188027501106262,0.37923213839530945,0.6998278498649597,0.33553656935691833,0.7058327198028564,0.30182355642318726,0.6553639769554138,0.3820567727088928,0.6260597109794617,0.4262133836746216,0.6404237151145935,0.4458368420600891,0.6559677720069885,0.4467715919017792,0.6447784304618835,0.4178025722503662,0.6174098253250122,0.46259066462516785,0.6369168162345886,0.4763995409011841,0.6548037528991699,0.47436365485191345,0.6429094672203064,0.4586750268936157,0.6020185947418213,0.49521908164024353,0.620795726776123,0.5077693462371826,0.6407532691955566,0.504798173904419,0.6489755511283875,0.4962295591831207,0.6081156730651855,0.5311661958694458,0.5830285549163818,0.5574160814285278,0.5596660375595093,0.5739561915397644,call
0.7804977893829346,0.47778046131134033,0.7670475244522095,0.42381104826927185,0.7340218424797058,0.3739951252937317,0.7160305380821228,0.32830744981765747,0.7233611941337585,0.2934434413909912,0.6710711717605591,0.37054193019866943,0.6383453011512756,0.4080549478530884,0.6499447822570801,0.4297790825366974,0.6646907925605774,0.4328976273536682,0.6594948768615723,0.4052693545818329,0.6275823712348938,0.4444006681442261,0.6453676819801331,0.4602058231830597,0.6626483798027039,0.4590493142604828,0.6557124853134155,0.4459596574306488,0.6115351915359497,0.4772416353225708,0.628264844417572,0.49146610498428345,0.6474233865737915,0.48944416642189026,0.6596277356147766,0.4844062030315399,0.6161640286445618,0.516288161277771,0.5889351963996887,0.5409513115882874,0.5642232298851013,0.5556077361106873,call
0.8040152192115784,0.4744328260421753,0.7940236330032349,0.419361412525177,0.764590322971344,0.366158664226532,0.7481419444084167,0.32058990001678467,0.7574906349182129,0.2876688241958618,0.7044017314910889,0.3579482436180115,0.6672192215919495,0.3860977292060852,0.6748068332672119,0.4124881327152252,0.6889050602912903,0.4210394620895386,0.6900225281715393,0.38823527097702026,0.6536183953285217,0.4204167127609253,0.665400505065918,0.4429662823677063,0.6817007660865784,0.44888338446617126,0.6826189160346985,0.4269791543483734,0.6363661289215088,0.4505894184112549,0.6463199257850647,0.47006767988204956,0.6628111600875854,0.47552111744880676,0.6822311878204346,0.4663539528846741,0.6337680816650391,0.4814450144767761,0.6022011041641235,0.4948802888393402,0.5761054754257202,0.5013853311538696,call
0.812539279460907,0.473111093044281,0.8063693642616272,0.4219801425933838,0.7816188335418701,0.3718855082988739,0.7698341608047485,0.32826563715934753,0.7799983620643616,0.2992020845413208,0.717573344707489,0.3500511050224304,0.6816210150718689,0.390175461769104,0.6938438415527344,0.41551315784454346,0.7108232975006104,0.4224016070365906,0.703178882598877,0.3765251636505127,0.6704058051109314,0.41620469093322754,0.6837450265884399,0.43815529346466064,0.7011378407478333,0.4441203474998474,0.6951512098312378,0.4133269190788269,0.6549972295761108,0.44112417101860046,0.6640298366546631,0.46045324206352234,0.6808045506477356,0.4648212790489197,0.6927365660667419,0.4533166289329529,0.6447450518608093,0.4587465524673462,0.6122460961341858,0.46739882230758667,0.5869101285934448,0.46998709440231323,call
0.8033135533332825,0.48894616961479187,0.8018434643745422,0.43595749139785767,0.7832483053207397,0.38173264265060425,0.775799036026001,0.3353419303894043,0.7902171015739441,0.306221604347229,0.7192063927650452,0.35456326603889465,0.6828322410583496,0.3859284520149231,0.6921741366386414,0.4137062728404999,0.7073885202407837,0.42364609241485596,0.7022198438644409,0.3798481822013855,0.6675211191177368,0.41211771965026855,0.6782069802284241,0.43728742003440857,0.6944646239280701,0.4464662969112396,0.6908388137817383,0.41524484753608704,0.6487981677055359,0.4342612326145172,0.6556263566017151,0.45589372515678406,0.6714699864387512,0.46430134773254395,0.6841338276863098,0.45400938391685486,0.637782096862793,0.45268550515174866,0.6052355170249939,0.45707690715789795,0.5795496106147766,0.45679470896720886,call
0.804957389831543,0.4879958927631378,0.8069440126419067,0.4361981153488159,0.793397068977356,0.3811173737049103,0.7888523936271667,0.33427080512046814,0.8032894134521484,0.30702197551727295,0.7304624319076538,0.34483063220977783,0.6956194639205933,0.37445300817489624,0.7046853303909302,0.4035874605178833,0.720538318157196,0.41583964228630066,0.7112549543380737,0.3667558431625366,0.6786453127861023,0.3978710174560547,0.6879196166992188,0.42458003759384155,0.7041768431663513,0.4358600676059723,0.6976624727249146,0.40046948194503784,0.6579979062080383,0.41818293929100037,0.6638798117637634,0.4410850405693054,0.6801759004592896,0.45085591077804565,0.6887004971504211,0.43909740447998047,0.6426476240158081,0.4322914481163025,0.6092113852500916,0.43359312415122986,0.5839022397994995,0.4307973384857178,call
0.8033100366592407,0.48550963401794434,0.8064466118812561,0.4331640899181366,0.7936891317367554,0.37788423895835876,0.7890400290489197,0.33125048875808716,0.8044158220291138,0.3047320544719696,0.7315845489501953,0.3414102792739868,0.6921916604042053,0.36917826533317566,0.7024440169334412,0.3986909091472626,0.7203963994979858,0.411690354347229,0.7125935554504395,0.3645724058151245,0.6761940121650696,0.3930845260620117,0.6869905591011047,0.4197608530521393,0.7037357687950134,0.4310709536075592,0.6986536383628845,0.3983585238456726,0.6561236381530762,0.4142932593822479,0.6643112301826477,0.43732592463493347,0.6814985871315002,0.44713348150253296,0.6891075968742371,0.43611612915992737,0.6413901448249817,0.4305196702480316,0.6077375411987305,0.4321903586387634,0.5812572836875916,0.4288935661315918,call
0.7898104190826416,0.489630788564682,0.7937950491905212,0.4349336326122284,0.7826445698738098,0.37719523906707764,0.780721127986908,0.3289574384689331,0.7974427342414856,0.30065539479255676,0.720535159111023,0.3359552323818207,0.6830361485481262,0.3583568334579468,0.6918784976005554,0.3868311047554016,0.7083436250686646,0.39938923716545105,0.6993640661239624,0.36032456159591675,0.6665107607841492,0.3824857771396637,0.6770536303520203,0.4085485339164734,0.6938505172729492,0.4198659360408783,0.6841887831687927,0.395440936088562,0.6436008810997009,0.40143492817878723,0.6517944931983948,0.42463618516921997,0.6695943474769592,0.4365631341934204,0.6743234992027283,0.4344409704208374,0.6280946731567383,0.42446866631507874,0.5948015451431274,0.4235643744468689,0.5688783526420593,0.4186896085739136,call
0.7905488610267639,0.487432599067688,0.7931219935417175,0.43272098898887634,0.7802990078926086,0.3741154372692108,0.7771590352058411,0.32547998428344727,0.7936895489692688,0.2970031499862671,0.7182082533836365,0.3334435522556305,0.6777966022491455,0.3600252568721771,0.6878526210784912,0.38835176825523376,0.7038041949272156,0.3980411887168884,0.6975390315055847,0.35910218954086304,0.6610278487205505,0.38412463665008545,0.6727311015129089,0.41001248359680176,0.6899016499519348,0.41994041204452515,0.6827402710914612,0.3954629600048065,0.6380743980407715,0.40223878622055054,0.6465160846710205,0.42653560638427734,0.6644417643547058,0.4386454224586487,0.673843264579773,0.4353261888027191,0.6274288892745972,0.4280906319618225,0.594019889831543,0.42986491322517395,0.5677825212478638,0.42777758836746216,call
0.7865639925003052,0.475964218378067,0.7859989404678345,0.42174580693244934,0.767700731754303,0.36205464601516724,0.7611701488494873,0.3128979802131653,0.7757793664932251,0.2821704149246216,0.7074841856956482,0.3300396203994751,0.6666399836540222,0.35560089349746704,0.6729571223258972,0.38337692618370056,0.6863627433776855,0.3934882581233978,0.6890562176704407,0.356891930103302,0.6477268934249878,0.38283947110176086,0.6598843336105347,0.40768805146217346,0.6768940091133118,0.4160092771053314,0.6761754155158997,0.3942139148712158,0.6251342296600342,0.40410876274108887,0.6365824937820435,0.4278392791748047,0.6551962494850159,0.43758586049079895,0.6701369285583496,0.43415161967277527,0.622718334197998,0.4410780966281891,0.5905110836029053,0.45143476128578186,0.5636610984802246,0.45464569330215454,call
0.7837115526199341,0.4726186990737915,0.779417097568512,0.41705575585365295,0.7610737681388855,0.3585187792778015,0.7538109421730042,0.3092045485973358,0.7680002450942993,0.2771208882331848,0.7004585266113281,0.33018356561660767,0.6576200723648071,0.3591153621673584,0.6661742329597473,0.38558337092399597,0.6827664971351624,0.39407095313072205,0.6841510534286499,0.3575277328491211,0.6400546431541443,0.38708528876304626,0.6542943120002747,0.41009876132011414,0.6735408902168274,0.41680222749710083,0.6735066175460815,0.39556512236595154,0.6211384534835815,0.41092583537101746,0.6352142095565796,0.4325609505176544,0.6555184721946716,0.43939340114593506,0.670046865940094,0.4366397559642792,0.6199009418487549,0.44863611459732056,0.588724672794342,0.4615635573863983,0.5622736215591431,0.46640172600746155,call
0.781579852104187,0.4828813374042511,0.7800569534301758,0.4241466820240021,0.7650718688964844,0.36448708176612854,0.7604389786720276,0.31366604566574097,0.7761363983154297,0.28336283564567566,0.7010788321495056,0.33420759439468384,0.6598774790763855,0.3557889461517334,0.6665645837783813,0.38459527492523193,0.68144291639328,0.39656078815460205,0.682835578918457,0.3592795729637146,0.6436079144477844,0.3835132122039795,0.6540318727493286,0.40947818756103516,0.6705417633056641,0.4197828769683838,0.6699868440628052,0.3955448567867279,0.6237033605575562,0.4053684175014496,0.6333677768707275,0.4277634918689728,0.6509329080581665,0.43781155347824097,0.6628606915473938,0.4356904625892639,0.6152783632278442,0.4342392683029175,0.5826820731163025,0.43949389457702637,0.5552815198898315,0.43982741236686707,call
0.7783080339431763,0.4929112493991852,0.7846150994300842,0.43416544795036316,0.7784939408302307,0.37404751777648926,0.7803705930709839,0.3234398663043976,0.7997836470603943,0.29639866948127747,0.7160086035728455,0.32882896065711975,0.6734441518783569,0.3485040068626404,0.6824761629104614,0.3785688579082489,0.6996397972106934,0.39173686504364014,0.6936905980110168,0.351845920085907,0.6552854180335999,0.3723471760749817,0.666086733341217,0.40033748745918274,0.684313952922821,0.41278043389320374,0.675628662109375,0.38619858026504517,0.6319279074668884,0.3904280364513397,0.6415268182754517,0.41571924090385437,0.6607146859169006,0.4291303753852844,0.6622928977012634,0.4244230389595032,0.6149084568023682,0.4132181704044342,0.5819000601768494,0.4121178984642029,0.5556490421295166,0.40674641728401184,call
0.7795717716217041,0.510896623134613,0.7914764881134033,0.4510268270969391,0.7921338677406311,0.39128580689430237,0.8002593517303467,0.34236738085746765,0.8224539160728455,0.3196966052055359,0.7352977395057678,0.3367347717285156,0.6923454999923706,0.3520432412624359,0.6998116970062256,0.38464120030403137,0.7167959213256836,0.4018349051475525,0.7101360559463501,0.354889452457428,0.6718966364860535,0.3725474774837494,0.6802921295166016,0.40229687094688416,0.6975670456886292,0.4164177477359772,0.6892009377479553,0.38738498091697693,0.644956111907959,0.3849668502807617,0.6526088118553162,0.41291794180870056,0.6706548929214478,0.4287571907043457,0.6732074022293091,0.4253619611263275,0.6268137097358704,0.4079761505126953,0.593690812587738,0.4040307104587555,0.5674412250518799,0.3958684206008911,call
0.7830949425697327,0.5244745016098022,0.795209527015686,0.4664258658885956,0.7963182926177979,0.40490806102752686,0.806179404258728,0.3554550111293793,0.8299651145935059,0.3341330289840698,0.7412627339363098,0.34647583961486816,0.697661280632019,0.358270525932312,0.7039229273796082,0.39061760902404785,0.7204768657684326,0.408159077167511,0.7163556218147278,0.36420854926109314,0.677277147769928,0.3787485957145691,0.6844640970230103,0.4079568386077881,0.7008700370788574,0.42191749811172485,0.6949355602264404,0.3958117663860321,0.651268482208252,0.39155226945877075,0.6571862101554871,0.4185657799243927,0.6741499900817871,0.434382826089859,0.6777188181877136,0.43266400694847107,0.6318126320838928,0.41194552183151245,0.598536491394043,0.4053203761577606,0.572519063949585,0.395148903131485,call
0.7827093601226807,0.5260907411575317,0.7955310940742493,0.4692261219024658,0.7968084216117859,0.41009384393692017,0.806479275226593,0.3629477322101593,0.8292875289916992,0.34164363145828247,0.7400009036064148,0.3512018620967865,0.6948133707046509,0.36462706327438354,0.7015702724456787,0.3977258801460266,0.7194817066192627,0.41743823885917664,0.7147258520126343,0.370333731174469,0.6753258109092712,0.3857502341270447,0.6833072900772095,0.41604286432266235,0.7002928853034973,0.43192827701568604,0.6938363909721375,0.40274778008461,0.650124192237854,0.3989088237285614,0.6570327281951904,0.427303284406662,0.6750750541687012,0.4446309208869934,0.6776268482208252,0.4397958815097809,0.6315505504608154,0.421601802110672,0.5981789231300354,0.4164256751537323,0.5723047256469727,0.4065483808517456,call
0.7863844633102417,0.5315181016921997,0.7987496852874756,0.4747941493988037,0.8005655407905579,0.41590043902397156,0.8100840449333191,0.3681001663208008,0.8336089253425598,0.3481351137161255,0.7445420622825623,0.35556864738464355,0.7002370357513428,0.36789417266845703,0.7052493691444397,0.4007675051689148,0.7216047048568726,0.42050573229789734,0.720293402671814,0.37323999404907227,0.6802394390106201,0.388384073972702,0.686492383480072,0.41823771595954895,0.7025390267372131,0.435345321893692,0.6994005441665649,0.4038960933685303,0.6556731462478638,0.4006417393684387,0.660601019859314,0.42716220021247864,0.6771630048751831,0.44425350427627563,0.6825710535049438,0.4396761357784271,0.6358322501182556,0.4187436103820801,0.6026660203933716,0.4098353087902069,0.5771611928939819,0.3976810574531555,call
0.7857118844985962,0.5238097906112671,0.790458083152771,0.46497842669487,0.783137321472168,0.4023897647857666,0.7874265909194946,0.35291731357574463,0.8093504905700684,0.32524916529655457,0.7276141047477722,0.3555913269519806,0.6777429580688477,0.3719407618045807,0.6834139823913574,0.4025286138057709,0.7005125284194946,0.4163457155227661,0.7073385119438171,0.3808969557285309,0.6593902707099915,0.396397203207016,0.6702900528907776,0.42453306913375854,0.6890355348587036,0.4374730885028839,0.6903324723243713,0.4173234701156616,0.6382795572280884,0.4162485599517822,0.6485533714294434,0.4424084722995758,0.6678550839424133,0.45585089921951294,0.6789116263389587,0.45774760842323303,0.6298238039016724,0.45188143849372864,0.5978689193725586,0.45324528217315674,0.5714073181152344,0.44835782051086426,call
0.7684492468833923,0.4332028031349182,0.7512492537498474,0.3745890259742737,0.7200663089752197,0.32208237051963806,0.703418493270874,0.27410319447517395,0.7126961946487427,0.2359982430934906,0.6573769450187683,0.32398247718811035,0.6238703727722168,0.36281079053878784,0.6355984807014465,0.38438302278518677,0.6507848501205444,0.38694119453430176,0.6464271545410156,0.361261248588562,0.6141108274459839,0.39928123354911804,0.6308283805847168,0.4144246280193329,0.648754894733429,0.4143596291542053,0.6447287797927856,0.4046536087989807,0.6006431579589844,0.43316447734832764,0.6171160340309143,0.4447975754737854,0.636884868144989,0.4428289532661438,0.6517802476882935,0.44536057114601135,0.610079288482666,0.48200103640556335,0.5848904848098755,0.5085225105285645,0.5613813400268555,0.5257056951522827,call
0.7525202631950378,0.4579024314880371,0.7360132932662964,0.39807024598121643,0.7022247314453125,0.34567540884017944,0.6853562593460083,0.29586851596832275,0.6933794021606445,0.2550773620605469,0.6387163400650024,0.3532554805278778,0.6141325831413269,0.38595080375671387,0.6220452189445496,0.4086764454841614,0.631298303604126,0.4138159155845642,0.6277024745941162,0.3944051265716553,0.6047965884208679,0.42511680722236633,0.6173644661903381,0.4393259584903717,0.6308170557022095,0.4429674446582794,0.6256833672523499,0.44020798802375793,0.5882441997528076,0.462945818901062,0.5991572737693787,0.4736408591270447,0.6143423318862915,0.475659042596817,0.63212651014328,0.48240935802459717,0.5959246754646301,0.5202701091766357,0.5716404914855957,0.548041582107544,0.5485385656356812,0.5680882334709167,call
0.746425986289978,0.4852505624294281,0.7290265560150146,0.4204956293106079,0.6933947801589966,0.365736722946167,0.675525963306427,0.31229373812675476,0.683724582195282,0.267956018447876,0.6183439493179321,0.37381333112716675,0.595086395740509,0.41830745339393616,0.6128842234611511,0.43444812297821045,0.6295159459114075,0.43237733840942383,0.6080510020256042,0.41704994440078735,0.5906202793121338,0.4535299837589264,0.6125996112823486,0.4635310769081116,0.6320093274116516,0.46106278896331787,0.6093218326568604,0.4634147584438324,0.5746128559112549,0.48729804158210754,0.5951672196388245,0.493926078081131,0.618394672870636,0.4890766441822052,0.6189776659011841,0.5050062537193298,0.5803787708282471,0.542786180973053,0.5552780628204346,0.5741723775863647,0.5315725207328796,0.597036600112915,call
0.7501241564750671,0.49189653992652893,0.7310431003570557,0.4264339506626129,0.6968480944633484,0.3725641965866089,0.6807704567909241,0.31984370946884155,0.6900091767311096,0.2762095332145691,0.6244291663169861,0.3780481219291687,0.5979484915733337,0.42042553424835205,0.6147147417068481,0.4381718337535858,0.6300626993179321,0.4359148442745209,0.6153650879859924,0.421350359916687,0.5974535346031189,0.45533767342567444,0.6157023906707764,0.4662642776966095,0.6321015954017639,0.46553951501846313,0.6162511110305786,0.4676239788532257,0.5845530033111572,0.4875413477420807,0.5993781685829163,0.4933513402938843,0.6173785924911499,0.4897144138813019,0.6241852641105652,0.5094475746154785,0.5857424139976501,0.5463412404060364,0.5613646507263184,0.5758715271949768,0.5380033850669861,0.5972871780395508,call
0.7481667399406433,0.48824217915534973,0.7309591174125671,0.42646050453186035,0.6964864134788513,0.3739159405231476,0.679148256778717,0.32230034470558167,0.6885047554969788,0.2802635431289673,0.6237576603889465,0.37855517864227295,0.5962924957275391,0.4269167184829712,0.6138042211532593,0.44389432668685913,0.6307881474494934,0.4411270320415497,0.6150201559066772,0.41994374990463257,0.5924127101898193,0.46097272634506226,0.6143515110015869,0.4722895622253418,0.6342178583145142,0.4695734977722168,0.6162865161895752,0.46569472551345825,0.5789584517478943,0.4942392408847809,0.5998544692993164,0.5030308961868286,0.6232483386993408,0.4986804127693176,0.6252802014350891,0.5073884129524231,0.5863860845565796,0.5469880104064941,0.5609034299850464,0.5792223215103149,0.5370708107948303,0.6020874381065369,call
0.7501201033592224,0.48553285002708435,0.7342748045921326,0.42247843742370605,0.7003647685050964,0.3695727288722992,0.6833582520484924,0.31977134943008423,0.6920934319496155,0.27920305728912354,0.6335869431495667,0.3762097954750061,0.6060160994529724,0.414740651845932,0.617024302482605,0.4341591000556946,0.6300878524780273,0.435354083776474,0.6225056052207947,0.41701582074165344,0.5981087684631348,0.4543519616127014,0.6157274842262268,0.46820151805877686,0.6334971189498901,0.4668368697166443,0.6213284730911255,0.4619588553905487,0.5828374624252319,0.4886428415775299,0.5997859239578247,0.49856996536254883,0.6201657056808472,0.49497777223587036,0.6286378502845764,0.5029053092002869,0.5903720855712891,0.5399655699729919,0.5659619569778442,0.5696101784706116,0.5435214638710022,0.5900525450706482,call
0.7547540664672852,0.4838446378707886,0.7401450276374817,0.42201414704322815,0.7063807249069214,0.3684092164039612,0.6895474791526794,0.31846264004707336,0.6988133788108826,0.27914294600486755,0.6386183500289917,0.3712306320667267,0.6094151735305786,0.41262441873550415,0.6215671300888062,0.43290361762046814,0.6352365016937256,0.4333978295326233,0.6275935173034668,0.4111291468143463,0.6024804711341858,0.4505409598350525,0.6210534572601318,0.4648878872394562,0.6388781070709229,0.46357330679893494,0.6263994574546814,0.4557928740978241,0.5871685147285461,0.48420780897140503,0.6054321527481079,0.4957845211029053,0.6260800361633301,0.4933694005012512,0.6336634755134583,0.49675023555755615,0.5945248603820801,0.5318310856819153,0.5702255964279175,0.5601056814193726,0.5476637482643127,0.5793025493621826,call
0.7608978748321533,0.4872516691684723,0.7471297979354858,0.42728522419929504,0.7138388752937317,0.3727971911430359,0.6970763802528381,0.32406458258628845,0.705295205116272,0.28830862045288086,0.6518120765686035,0.3752095401287079,0.6224325895309448,0.4055236876010895,0.6282157897949219,0.42929163575172424,0.6366468071937561,0.43610680103302,0.6394364237785339,0.4118049442768097,0.6099185943603516,0.44817036390304565,0.6252386569976807,0.4644213616847992,0.6405919790267944,0.46544456481933594,0.635977029800415,0.4540584683418274,0.5922669172286987,0.4814601540565491,0.6095994114875793,0.493761271238327,0.6295992136001587,0.4936869144439697,0.6410574913024902,0.49377956986427307,0.6000598073005676,0.5274792313575745,0.5750299096107483,0.5530985593795776,0.5518133044242859,0.5702602863311768,call
0.7730441689491272,0.4887984097003937,0.7614491581916809,0.4295997619628906,0.7302369475364685,0.3758675754070282,0.7155653238296509,0.32787537574768066,0.7252646684646606,0.2924407720565796,0.6653475165367126,0.3691154718399048,0.6315814852714539,0.4031355082988739,0.639928936958313,0.4248315691947937,0.6525454521179199,0.42891624569892883,0.6530198454856873,0.40385881066322327,0.6207977533340454,0.4390217065811157,0.6373341679573059,0.4557686448097229,0.6537423729896545,0.45671430230140686,0.6488355994224548,0.4451289176940918,0.6048747897148132,0.47143831849098206,0.6221308708190918,0.4853574335575104,0.6419346928596497,0.4848878085613251,0.6528356671333313,0.48515585064888,0.6102149486541748,0.5170149207115173,0.58439701795578,0.5405375361442566,0.5607896447181702,0.5548532605171204,call
0.7825801372528076,0.4926075041294098,0.7738081216812134,0.43718844652175903,0.7467066049575806,0.3813967704772949,0.7358681559562683,0.33272266387939453,0.7481163740158081,0.30055269598960876,0.6856874823570251,0.3619702458381653,0.6453793048858643,0.3965502381324768,0.6565004587173462,0.42067423462867737,0.6724483966827393,0.4247501492500305,0.672480583190918,0.39427438378334045,0.6312702298164368,0.42768341302871704,0.6493739485740662,0.44770026206970215,0.6685309410095215,0.4491099715232849,0.6655530333518982,0.4346671402454376,0.6140731573104858,0.4554303288459778,0.6311081051826477,0.4738922417163849,0.6519646048545837,0.4759956896305084,0.666252851486206,0.47457826137542725,0.6199462413787842,0.497016966342926,0.5913928747177124,0.5166253447532654,0.5659207105636597,0.5267333984375,call
0.7821405529975891,0.4984534978866577,0.7748410105705261,0.44060060381889343,0.7497695088386536,0.3842018246650696,0.7385818958282471,0.3363974094390869,0.7512805461883545,0.30346888303756714,0.688132107257843,0.3654450476169586,0.6487829089164734,0.397320419549942,0.6562298536300659,0.42117393016815186,0.6698219180107117,0.42716801166534424,0.6734632253646851,0.3958786725997925,0.6350464820861816,0.4282498359680176,0.6500132083892822,0.4466898441314697,0.6670659780502319,0.44957053661346436,0.6654984354972839,0.43535974621772766,0.6182839870452881,0.45802873373031616,0.6336656808853149,0.47442004084587097,0.6526686549186707,0.47683170437812805,0.6656938195228577,0.47549161314964294,0.6200606822967529,0.5003320574760437,0.5923616886138916,0.5199341773986816,0.5674625635147095,0.5310287475585938,call
0.782886266708374,0.4958818852901459,0.7752518653869629,0.4397440552711487,0.7490735054016113,0.3824663460254669,0.7378535866737366,0.3335028290748596,0.7495893836021423,0.3001742660999298,0.686860203742981,0.3647752106189728,0.6467140316963196,0.39861634373664856,0.6564688682556152,0.42275822162628174,0.6719706058502197,0.4275897443294525,0.6727808117866516,0.3960934281349182,0.6329208612442017,0.43088632822036743,0.6505520343780518,0.45073631405830383,0.6691385507583618,0.4523020386695862,0.6656522750854492,0.4356819987297058,0.6157751083374023,0.4578588604927063,0.6333258748054504,0.4757363796234131,0.6542021036148071,0.4771386981010437,0.6666927337646484,0.47517746686935425,0.6206501126289368,0.49930089712142944,0.5925799012184143,0.5192434191703796,0.5673982501029968,0.5296039581298828,call
0.7831321954727173,0.49613475799560547,0.7752159237861633,0.44039323925971985,0.7489224076271057,0.38188686966896057,0.7380592226982117,0.3323594331741333,0.7510855793952942,0.29831036925315857,0.6882977485656738,0.36263012886047363,0.6475361585617065,0.3950619399547577,0.6583679914474487,0.41815778613090515,0.6738587617874146,0.4222746193408966,0.673901379108429,0.3930562734603882,0.6344191431999207,0.4266485571861267,0.6523863077163696,0.4446108937263489,0.6704944968223572,0.44549280405044556,0.6657925248146057,0.4322679936885834,0.616762101650238,0.4539288878440857,0.6337552666664124,0.470715194940567,0.6536648869514465,0.4726218283176422,0.6656266450881958,0.4717049300670624,0.620249330997467,0.4968424141407013,0.5922660827636719,0.516292929649353,0.5666286945343018,0.5265416502952576,call
0.7821406722068787,0.4923667311668396,0.774128258228302,0.43626782298088074,0.7492767572402954,0.3802892863750458,0.7374155521392822,0.33239877223968506,0.7479209303855896,0.29872339963912964,0.6914728879928589,0.3638184666633606,0.6531953811645508,0.38890254497528076,0.6570726037025452,0.41344860196113586,0.6677995920181274,0.42194864153862,0.6763101816177368,0.3941631317138672,0.6366874575614929,0.4204614460468292,0.6497825980186462,0.44011080265045166,0.6658098697662354,0.4454365670681,0.6677414178848267,0.4325398802757263,0.6172060966491699,0.4501217007637024,0.6315968632698059,0.46759724617004395,0.6505962610244751,0.47200721502304077,0.6675997972488403,0.4710732400417328,0.6212522387504578,0.4958454370498657,0.5927437543869019,0.5149136781692505,0.567420482635498,0.52506422996521,call
0.7842758893966675,0.4953153431415558,0.7767419815063477,0.43863025307655334,0.7499949932098389,0.38193023204803467,0.7383489012718201,0.3329331874847412,0.7490170001983643,0.3001605272293091,0.6925569772720337,0.3641895055770874,0.6541697978973389,0.38884663581848145,0.6562420725822449,0.41574540734291077,0.6659664511680603,0.4257587194442749,0.6769900321960449,0.3936373293399811,0.6363726854324341,0.42237886786460876,0.6498425602912903,0.4444468319416046,0.6662112474441528,0.4493093490600586,0.6677864789962769,0.43222931027412415,0.616291344165802,0.4515698254108429,0.6314846277236938,0.47120922803878784,0.6508854627609253,0.4755825698375702,0.6667218804359436,0.4712523818016052,0.6202473044395447,0.4951492249965668,0.5918557643890381,0.5146059989929199,0.5662747621536255,0.5247600078582764,call
0.7742447853088379,0.5089976191520691,0.7697774767875671,0.45227253437042236,0.7474852204322815,0.3915226459503174,0.7379008531570435,0.3423151969909668,0.7510091066360474,0.30835944414138794,0.6865718364715576,0.3668467402458191,0.6456364393234253,0.39456453919410706,0.6524486541748047,0.42130306363105774,0.6664878129959106,0.43049535155296326,0.6700575351715088,0.39649978280067444,0.6286325454711914,0.42506012320518494,0.6422082185745239,0.4482826590538025,0.6605677008628845,0.4555564224720001,0.6592631340026855,0.4354567527770996,0.6090400218963623,0.4494965374469757,0.6220154166221619,0.4713113307952881,0.64187091588974,0.47924545407295227,0.6554313898086548,0.47617122530937195,0.608830988407135,0.4843044877052307,0.5775683522224426,0.49528852105140686,0.5511505603790283,0.4988073408603668,call
0.7548291087150574,0.5218637585639954,0.7523073554039001,0.46054407954216003,0.7317503690719604,0.3966658413410187,0.7243257761001587,0.34375670552253723,0.7399396896362305,0.3085373044013977,0.662537693977356,0.372700035572052,0.6257893443107605,0.4037891924381256,0.6346039772033691,0.43085572123527527,0.6504716873168945,0.44042885303497314,0.6445354223251343,0.40530410408973694,0.6092522740364075,0.4365992546081543,0.6231728196144104,0.4592320919036865,0.6414421796798706,0.466706782579422,0.6339491009712219,0.44699588418006897,0.5874313712120056,0.46255844831466675,0.6000775694847107,0.4833627939224243,0.6203286051750183,0.4913037419319153,0.6304248571395874,0.4898272156715393,0.582962155342102,0.5015498995780945,0.5498020052909851,0.513307511806488,0.5222765207290649,0.5175748467445374,call
0.7331051826477051,0.515752375125885,0.728266716003418,0.44734659790992737,0.7053401470184326,0.3826321065425873,0.6969309449195862,0.32657575607299805,0.7124079465866089,0.28932881355285645,0.6280361413955688,0.3667181730270386,0.5967488884925842,0.406796932220459,0.6129201650619507,0.43232831358909607,0.6319056153297424,0.43736904859542847,0.6091361045837402,0.4035630524158478,0.5836653113365173,0.4413272440433502,0.6033468246459961,0.4634619355201721,0.6239168643951416,0.4662523567676544,0.6008478403091431,0.4487855136394501,0.5604614019393921,0.4698587954044342,0.5800045728683472,0.49029430747032166,0.6043755412101746,0.4940926432609558,0.6003654599189758,0.49351784586906433,0.5529254674911499,0.5075635313987732,0.5211647748947144,0.5265114307403564,0.4939906597137451,0.5375351309776306,call
0.7380663156509399,0.513381838798523,0.7337565422058105,0.4461372196674347,0.7115775346755981,0.3808153569698334,0.70363450050354,0.32572704553604126,0.7190592288970947,0.28775835037231445,0.6331357359886169,0.36618584394454956,0.6041707396507263,0.40495043992996216,0.6194278001785278,0.42942577600479126,0.6372740864753723,0.4341334402561188,0.614155113697052,0.4031967520713806,0.590312659740448,0.4383554458618164,0.6088119745254517,0.4592955708503723,0.6281675100326538,0.46234652400016785,0.6060975790023804,0.4481185972690582,0.566906213760376,0.4680505096912384,0.5845417976379395,0.48692160844802856,0.6072441935539246,0.4899754822254181,0.6059708595275879,0.4924095869064331,0.5588196516036987,0.5070345401763916,0.526354193687439,0.5240631699562073,0.49891912937164307,0.5328245759010315,call
0.7538378238677979,0.5139480829238892,0.7483670711517334,0.44817203283309937,0.7242123484611511,0.3853631913661957,0.7155094146728516,0.3301737904548645,0.7310306429862976,0.2925330400466919,0.6496837735176086,0.3665415644645691,0.618086040019989,0.40808165073394775,0.6311596632003784,0.4345708191394806,0.6474331617355347,0.4400174915790558,0.630492627620697,0.40110066533088684,0.6045134663581848,0.4406323730945587,0.6225904226303101,0.462969034910202,0.641743540763855,0.4661865830421448,0.621930718421936,0.44521018862724304,0.5799336433410645,0.4673313796520233,0.5966928005218506,0.4876295328140259,0.6186727285385132,0.49161869287490845,0.621475338935852,0.4892587959766388,0.5739495754241943,0.5029764175415039,0.5409293174743652,0.5192651152610779,0.5125004053115845,0.5281354188919067,call
0.7725114822387695,0.5137084722518921,0.7693578004837036,0.45488348603248596,0.7475045919418335,0.3932146728038788,0.7386685609817505,0.34279489517211914,0.7527005076408386,0.31033822894096375,0.6791752576828003,0.3692333698272705,0.641247034072876,0.40356144309043884,0.6514521241188049,0.43050605058670044,0.6668152809143066,0.4375881850719452,0.6614094376564026,0.3993588089942932,0.6247512102127075,0.4347504675388336,0.6398126482963562,0.4578397572040558,0.6582844257354736,0.4630851745605469,0.6509279608726501,0.43987584114074707,0.602314293384552,0.45852968096733093,0.6160681247711182,0.4808443486690521,0.6358600854873657,0.4876212477684021,0.6480697393417358,0.48208627104759216,0.6004760265350342,0.49547287821769714,0.5684342384338379,0.509774923324585,0.5412794351577759,0.5160350203514099,call
0.7820611000061035,0.5222238898277283,0.7783390879631042,0.4674059748649597,0.7553914189338684,0.41045665740966797,0.74775230884552,0.3626323938369751,0.7615447044372559,0.33261001110076904,0.692425549030304,0.38388481736183167,0.6526654362678528,0.4170438349246979,0.662373960018158,0.4445812702178955,0.6768031120300293,0.45219823718070984,0.677044153213501,0.41123151779174805,0.6368448734283447,0.445148766040802,0.6508417129516602,0.4690553545951843,0.669011116027832,0.47602465748786926,0.6674243807792664,0.4492596685886383,0.6168752908706665,0.46725043654441833,0.6276669502258301,0.4905191957950592,0.6449559330940247,0.4993797540664673,0.6644114255905151,0.4899797737598419,0.6180744171142578,0.5010019540786743,0.5879659652709961,0.5129446983337402,0.5626367926597595,0.5178803205490112,call
0.7898881435394287,0.5192956328392029,0.7858529090881348,0.469323068857193,0.7621585726737976,0.4145929217338562,0.7532266974449158,0.36864346265792847,0.7655198574066162,0.3392484784126282,0.7040604948997498,0.3888276219367981,0.6631053686141968,0.41664162278175354,0.6658583283424377,0.44313597679138184,0.675929844379425,0.452679306268692,0.6892391443252563,0.414181113243103,0.6448171734809875,0.44399720430374146,0.6547261476516724,0.46738317608833313,0.6700078845024109,0.4757504463195801,0.6792554259300232,0.44928252696990967,0.6264209747314453,0.46570441126823425,0.6361804604530334,0.4875442385673523,0.6527792811393738,0.4964723587036133,0.676074743270874,0.4872190058231354,0.6293072700500488,0.4988129734992981,0.5992943048477173,0.5095857381820679,0.5743778347969055,0.5135200619697571,call
0.7912113070487976,0.5183538198471069,0.786852240562439,0.4681330919265747,0.7644863128662109,0.4150553047657013,0.7554289698600769,0.37059327960014343,0.7673062086105347,0.3422752320766449,0.7071435451507568,0.389791876077652,0.6674627661705017,0.4167051315307617,0.6682263016700745,0.4441632032394409,0.6767525672912598,0.45509961247444153,0.6916755437850952,0.41444873809814453,0.6483947038650513,0.44471412897109985,0.6563429236412048,0.4694988429546356,0.6703091859817505,0.47888538241386414,0.6815653443336487,0.44958677887916565,0.6295812129974365,0.46613097190856934,0.6372579336166382,0.48966842889785767,0.6520304083824158,0.4998438060283661,0.6784640550613403,0.4880405068397522,0.6318614482879639,0.4976997375488281,0.6020081639289856,0.5078961849212646,0.5772814750671387,0.5118129253387451,call
0.7178782224655151,0.5239410400390625,0.6898112297058105,0.4654528498649597,0.6439484357833862,0.4166449010372162,0.6080187559127808,0.3813358545303345,0.5846632719039917,0.35369986295700073,0.6028828620910645,0.4199013411998749,0.5526910424232483,0.4679960012435913,0.571439266204834,0.4801381230354309,0.5920157432556152,0.47296780347824097,0.5993670225143433,0.4620130658149719,0.5542739033699036,0.5022363066673279,0.5755530595779419,0.5103501677513123,0.5952722430229187,0.5041940808296204,0.6004503965377808,0.5092778205871582,0.5480460524559021,0.5354170203208923,0.5676798224449158,0.5436635613441467,0.5901291370391846,0.5379723906517029,0.6075577735900879,0.5543310046195984,0.562597930431366,0.5911771059036255,0.536810576915741,0.6206164956092834,0.5135183930397034,0.6410844326019287,call
0.716034471988678,0.5281181931495667,0.6871330738067627,0.4723737835884094,0.6363218426704407,0.42822253704071045,0.5993241667747498,0.3917232155799866,0.5823582410812378,0.35770994424819946,0.5921518802642822,0.43159371614456177,0.5468372106552124,0.48561355471611023,0.5674372911453247,0.49871498346328735,0.5870522260665894,0.48999080061912537,0.5909388661384583,0.4724891781806946,0.5491411089897156,0.5198007822036743,0.5736024379730225,0.5283761024475098,0.5922393798828125,0.5186982154846191,0.5950344204902649,0.517300546169281,0.5449590086936951,0.5543496012687683,0.5673882365226746,0.5638013482093811,0.5901743173599243,0.5560824275016785,0.6049431562423706,0.5605974793434143,0.5617718696594238,0.6031016707420349,0.5353874564170837,0.6378684639930725,0.5107637047767639,0.6621044874191284,call
0.7251706123352051,0.5305243134498596,0.7009108066558838,0.47380849719047546,0.6566956043243408,0.42571592330932617,0.6255663633346558,0.3870009183883667,0.6120963096618652,0.35410916805267334,0.6139684915542603,0.42396560311317444,0.5673314929008484,0.470257431268692,0.5856338739395142,0.4848897159099579,0.605809211730957,0.47839275002479553,0.6102873682975769,0.4622223377227783,0.5653148293495178,0.5011295676231384,0.5876979231834412,0.5118833780288696,0.6082162857055664,0.5050211548805237,0.6110206246376038,0.5053059458732605,0.5600438714027405,0.5331971645355225,0.5803188681602478,0.5435433387756348,0.6035544872283936,0.5377079248428345,0.6172575950622559,0.5478270649909973,0.5720453858375549,0.5827884674072266,0.5450974106788635,0.611752450466156,0.5218366384506226,0.6306034326553345,call
0.7350742220878601,0.5430773496627808,0.717040479183197,0.48889365792274475,0.679966151714325,0.4354323148727417,0.655414342880249,0.3929683566093445,0.6459760665893555,0.36059853434562683,0.6412331461906433,0.41794639825820923,0.5916337966918945,0.4609943628311157,0.6086163520812988,0.4797461926937103,0.6287513375282288,0.4764763116836548,0.6354833245277405,0.450897753238678,0.5860874652862549,0.4883846342563629,0.6072553396224976,0.503785252571106,0.6261855959892273,0.49998939037323,0.6322608590126038,0.48955124616622925,0.5796239376068115,0.5141512155532837,0.5994118452072144,0.5273982882499695,0.6219757795333862,0.5239359736442566,0.6333240866661072,0.529896080493927,0.5832198858261108,0.5528823733329773,0.5523565411567688,0.5742122530937195,0.5255780220031738,0.5861731171607971,call
0.7405856847763062,0.5546399354934692,0.7278884053230286,0.5013765692710876,0.7003466486930847,0.44833803176879883,0.6802398562431335,0.40648403763771057,0.6735467910766602,0.37261924147605896,0.6597173810005188,0.41922974586486816,0.6075209379196167,0.4544854760169983,0.6193950176239014,0.4790780544281006,0.6375502347946167,0.4820823073387146,0.6492983102798462,0.448327898979187,0.5979794263839722,0.4787093698978424,0.6137061715126038,0.5013918876647949,0.6318145990371704,0.5049847960472107,0.6420345306396484,0.48409926891326904,0.5869840383529663,0.4999482333660126,0.6007964015007019,0.5221090912818909,0.6207034587860107,0.5273782014846802,0.639825165271759,0.5223208069801331,0.5877008438110352,0.5329304933547974,0.5553186535835266,0.5454666614532471,0.5286614298820496,0.5500433444976807,call
0.7443530559539795,0.5760940313339233,0.7449133992195129,0.5239441394805908,0.7295246124267578,0.466882586479187,0.7154052257537842,0.4219000041484833,0.7167545557022095,0.38828906416893005,0.6888875365257263,0.4219726026058197,0.6373894214630127,0.4444468915462494,0.6436174511909485,0.47404444217681885,0.6605316400527954,0.4871310591697693,0.6720395684242249,0.44535812735557556,0.6210013628005981,0.4650139808654785,0.6315176486968994,0.49333903193473816,0.6485523581504822,0.5061244964599609,0.6569663882255554,0.4781145751476288,0.6025856733322144,0.48377153277397156,0.6111194491386414,0.5104731321334839,0.6281391978263855,0.5229223966598511,0.6460806727409363,0.5160038471221924,0.5951581001281738,0.5101341605186462,0.5620805621147156,0.5124799013137817,0.5352907776832581,0.5086561441421509,call
0.7480322122573853,0.5873349905014038,0.7533442378044128,0.5324971675872803,0.743989109992981,0.47425228357315063,0.7333484888076782,0.4284776747226715,0.7408385276794434,0.39689624309539795,0.7036911249160767,0.42643076181411743,0.652936577796936,0.4388743042945862,0.6551253199577332,0.4686290919780731,0.669056236743927,0.48443377017974854,0.6844788193702698,0.44643378257751465,0.6352342367172241,0.45637112855911255,0.6394109129905701,0.48536768555641174,0.6531203985214233,0.5015069246292114,0.6671000123023987,0.47588756680488586,0.6173708438873291,0.47246789932250977,0.6192722320556641,0.49890607595443726,0.6319988369941711,0.5140035152435303,0.6538495421409607,0.5114379525184631,0.6073933243751526,0.4942666292190552,0.5768157839775085,0.49165183305740356,0.5534722805023193,0.48589977622032166,call
0.7437983155250549,0.5877761840820312,0.7548725008964539,0.5350850820541382,0.7490031719207764,0.47753235697746277,0.7437758445739746,0.4305001199245453,0.7565642595291138,0.4023442268371582,0.7046741843223572,0.4279853105545044,0.6596683263778687,0.437292218208313,0.6638415455818176,0.46557432413101196,0.6780391335487366,0.4809378683567047,0.6818850040435791,0.4471575617790222,0.6404880285263062,0.45491617918014526,0.6466827392578125,0.4822245240211487,0.6608996987342834,0.4977281391620636,0.6613758206367493,0.47530245780944824,0.6189039945602417,0.47125062346458435,0.6231707334518433,0.4949232041835785,0.6378087401390076,0.509590744972229,0.6451551914215088,0.5088806748390198,0.6008414626121521,0.48781338334083557,0.5694243311882019,0.4787287712097168,0.5457223653793335,0.4669625163078308,call
0.7452309131622314,0.5894951820373535,0.758083164691925,0.5389667749404907,0.7568705677986145,0.4860422611236572,0.7548609375953674,0.4402802288532257,0.7724757194519043,0.4183189868927002,0.7095527648925781,0.4262429177761078,0.665565550327301,0.44136327505111694,0.6717150211334229,0.4732170104980469,0.6870618462562561,0.4888657331466675,0.6869669556617737,0.4422682523727417,0.6491450667381287,0.4604783058166504,0.6561235189437866,0.4894527792930603,0.6707409620285034,0.5036035776138306,0.6656657457351685,0.4697619676589966,0.6275767683982849,0.4761935770511627,0.6331440806388855,0.5003634095191956,0.6493414640426636,0.5131170153617859,0.6466930508613586,0.5025076270103455,0.6071089506149292,0.4718969166278839,0.5765880346298218,0.45665377378463745,0.5539056062698364,0.4400554895401001,call
0.7490741610527039,0.5949748158454895,0.7633289098739624,0.5397050380706787,0.7655781507492065,0.488376259803772,0.7668912410736084,0.44245827198028564,0.788158655166626,0.4216401278972626,0.720003068447113,0.42460834980010986,0.6789336204528809,0.43768808245658875,0.6831143498420715,0.4707871377468109,0.6986474394798279,0.4902542531490326,0.6963453888893127,0.43611451983451843,0.6605675220489502,0.45699816942214966,0.6676973104476929,0.4875583350658417,0.6839565634727478,0.5046886801719666,0.6737293004989624,0.46142512559890747,0.6399106979370117,0.47409293055534363,0.6489452123641968,0.5019198060035706,0.6682769656181335,0.5169526934623718,0.6526715755462646,0.49183958768844604,0.6160869598388672,0.4534449577331543,0.5886813998222351,0.43139633536338806,0.5690312385559082,0.4091636538505554,call
0.7459537386894226,0.5983673334121704,0.757824718952179,0.5427483320236206,0.7590118646621704,0.491417795419693,0.7619353532791138,0.4484531879425049,0.7832209467887878,0.43064039945602417,0.7164214849472046,0.4221820533275604,0.666934072971344,0.4371175169944763,0.6693817377090454,0.47356823086738586,0.6845769286155701,0.49379411339759827,0.6959905028343201,0.43361279368400574,0.648917019367218,0.45450934767723083,0.6543886661529541,0.48788022994995117,0.6697106957435608,0.5073111653327942,0.6743465662002563,0.45760777592658997,0.632719874382019,0.4706350862979889,0.6392577290534973,0.5046471357345581,0.6568959951400757,0.5241762399673462,0.652772843837738,0.48652252554893494,0.6175984144210815,0.4421074688434601,0.5924594402313232,0.41650956869125366,0.5743604898452759,0.39257320761680603,call
0.7394418120384216,0.5999751091003418,0.7477828860282898,0.5428991317749023,0.7470411658287048,0.5001696944236755,0.750179648399353,0.464242160320282,0.7707633972167969,0.45167291164398193,0.7093823552131653,0.429898738861084,0.6600865721702576,0.44980311393737793,0.6622216701507568,0.4863671064376831,0.677412211894989,0.5051747560501099,0.6897390484809875,0.43682724237442017,0.638841986656189,0.4697604179382324,0.6466673016548157,0.5041148066520691,0.665808916091919,0.5196930170059204,0.6684369444847107,0.45805278420448303,0.6231857538223267,0.48285773396492004,0.6295817494392395,0.5201694965362549,0.6481216549873352,0.5367009043693542,0.647404670715332,0.483045756816864,0.6120686531066895,0.44200241565704346,0.5859425067901611,0.418658047914505,0.5667096376419067,0.39456692337989807,call
0.7415896058082581,0.5992907881736755,0.7376150488853455,0.5478602647781372,0.7297160625457764,0.5110536217689514,0.7292808294296265,0.4804530441761017,0.7429240942001343,0.46125635504722595,0.689513623714447,0.4403049945831299,0.6334875822067261,0.4587527811527252,0.6384233832359314,0.49216845631599426,0.6539109945297241,0.50686115026474,0.680739164352417,0.45063167810440063,0.6207284927368164,0.4750446379184723,0.6267618536949158,0.4993903636932373,0.6396970152854919,0.5114839673042297,0.6693496704101562,0.4747776687145233,0.6149746179580688,0.4837851822376251,0.6181588172912598,0.4996986985206604,0.6307070851325989,0.5030404925346375,0.658750057220459,0.5025269389152527,0.6156423091888428,0.47501325607299805,0.5893161296844482,0.4533796012401581,0.5693284273147583,0.42998307943344116,call
0.7455084919929504,0.5941309928894043,0.7389528751373291,0.550341784954071,0.7282744646072388,0.5083944797515869,0.726763129234314,0.47120732069015503,0.7401532530784607,0.45460253953933716,0.6883655190467834,0.43889206647872925,0.6237930059432983,0.47222447395324707,0.6339526772499084,0.5135859847068787,0.6548247337341309,0.5290840864181519,0.6824035048484802,0.44747886061668396,0.6150872707366943,0.4916631579399109,0.6336169838905334,0.5255619287490845,0.6540680527687073,0.535313069820404,0.6714885234832764,0.4682738184928894,0.6129486560821533,0.5034015774726868,0.6312066316604614,0.537281334400177,0.6532073616981506,0.5487564206123352,0.6600353121757507,0.4960172176361084,0.6082597374916077,0.4784560203552246,0.5797997713088989,0.46746113896369934,0.5569581985473633,0.45088356733322144,call
0.7229104042053223,0.595600426197052,0.72173672914505,0.5324631929397583,0.703790545463562,0.4634203314781189,0.7035069465637207,0.41038185358047485,0.7208879590034485,0.376818984746933,0.6432614922523499,0.44035881757736206,0.6008152365684509,0.4615417420864105,0.6054003834724426,0.4868885576725006,0.6190385818481445,0.49615487456321716,0.6252166628837585,0.4720984995365143,0.5871138572692871,0.49303531646728516,0.590265154838562,0.514552116394043,0.6021629571914673,0.5239999294281006,0.6130175590515137,0.5101494789123535,0.5741176605224609,0.5172141790390015,0.5756940841674805,0.5370137691497803,0.5880423188209534,0.547471284866333,0.6063824892044067,0.5493863224983215,0.5689849853515625,0.553533136844635,0.5497478246688843,0.5656119585037231,0.5371795296669006,0.5730551481246948,call
0.6284887194633484,0.4933129847049713,0.5980071425437927,0.4368375539779663,0.5576478242874146,0.39929014444351196,0.5288885831832886,0.3570338487625122,0.519572377204895,0.3105858564376831,0.4919097423553467,0.44165733456611633,0.47917795181274414,0.48974183201789856,0.5013998746871948,0.49703913927078247,0.5222970247268677,0.487914115190506,0.4908604919910431,0.489444375038147,0.4871828854084015,0.5246495604515076,0.5098514556884766,0.5249674320220947,0.5289327502250671,0.5122441649436951,0.5016800761222839,0.5356631278991699,0.48255807161331177,0.5681648254394531,0.5041543245315552,0.567404568195343,0.5248551368713379,0.5515797734260559,0.5180333256721497,0.5750051736831665,0.4922720789909363,0.6210142374038696,0.4786975681781769,0.6589419841766357,0.4637710154056549,0.6875074505805969,call
0.6105366945266724,0.4896106719970703,0.5759379267692566,0.4391811490058899,0.5311295390129089,0.40809255838394165,0.49851861596107483,0.37289294600486755,0.4850015342235565,0.328670859336853,0.4659126400947571,0.4632284939289093,0.46594470739364624,0.5096518993377686,0.49095258116722107,0.5116339921951294,0.5103435516357422,0.4992881715297699,0.46815550327301025,0.5107359290122986,0.4736309349536896,0.5442017912864685,0.496558278799057,0.541076123714447,0.5134185552597046,0.5264891982078552,0.4834551513195038,0.55373215675354,0.4712851941585541,0.5895227193832397,0.49154898524284363,0.5855027437210083,0.5101754665374756,0.5670363903045654,0.5038322806358337,0.588935136795044,0.4862782061100006,0.6389772891998291,0.4756346046924591,0.6776979565620422,0.46374747157096863,0.7075211405754089,call
0.610146701335907,0.4877682626247406,0.5720070600509644,0.4414536952972412,0.5263985991477966,0.41495946049690247,0.49318087100982666,0.383442223072052,0.4803062379360199,0.34420540928840637,0.4665065109729767,0.47458338737487793,0.4628816843032837,0.5252172946929932,0.48703300952911377,0.5263533592224121,0.5059724450111389,0.5110758543014526,0.47188442945480347,0.5196881890296936,0.47144120931625366,0.5601029396057129,0.49447402358055115,0.5578932166099548,0.5113733410835266,0.5422354936599731,0.48900148272514343,0.5606090426445007,0.47613465785980225,0.6024240255355835,0.4969055652618408,0.5996707677841187,0.5148206949234009,0.5811747908592224,0.5106419920921326,0.5946879386901855,0.48964613676071167,0.6443982124328613,0.48002132773399353,0.6837945580482483,0.47017866373062134,0.7135837078094482,call
0.6227073669433594,0.4911458194255829,0.5876535177230835,0.44524145126342773,0.5431086421012878,0.4166626036167145,0.5113789439201355,0.3839975595474243,0.5000947713851929,0.3441650867462158,0.4842049181461334,0.4720599055290222,0.4834941327571869,0.5173371434211731,0.5063782334327698,0.5215533375740051,0.523878276348114,0.5102132558822632,0.4876123368740082,0.5166593194007874,0.48910459876060486,0.553052544593811,0.5105268359184265,0.5532717704772949,0.5264907479286194,0.5399628281593323,0.5024875402450562,0.5568584203720093,0.48752447962760925,0.5976758599281311,0.5071839690208435,0.5976311564445496,0.5244881510734558,0.5814623832702637,0.5222052335739136,0.5899800062179565,0.5016381740570068,0.640294075012207,0.49018383026123047,0.6784943342208862,0.47792187333106995,0.7066720128059387,call
0.6371548175811768,0.48556140065193176,0.6014016270637512,0.4415053129196167,0.5543106198310852,0.4142105281352997,0.5223742723464966,0.38082754611968994,0.5110520124435425,0.3403424322605133,0.49304693937301636,0.4656918942928314,0.48692405223846436,0.5175719857215881,0.5106000900268555,0.5225422978401184,0.5288662910461426,0.5100064277648926,0.49703559279441833,0.5085598230361938,0.49452370405197144,0.5508798360824585,0.517241895198822,0.5505849123001099,0.5334274172782898,0.5359330177307129,0.5121610164642334,0.5484559535980225,0.49406570196151733,0.5915501713752747,0.514788031578064,0.5911241769790649,0.5328271389007568,0.574237048625946,0.5317330360412598,0.581851065158844,0.5101302862167358,0.6311179399490356,0.4980759620666504,0.669911801815033,0.4849761426448822,0.6985996961593628,call
0.6444136500358582,0.49096980690956116,0.6065889000892639,0.44602659344673157,0.5615168213844299,0.4213031232357025,0.5299083590507507,0.3894428610801697,0.5174612998962402,0.3493175804615021,0.5020272135734558,0.47209835052490234,0.5009284019470215,0.5242224931716919,0.5203415751457214,0.5403521060943604,0.534027636051178,0.5403289198875427,0.5054399967193604,0.5157618522644043,0.5072360038757324,0.5629096627235413,0.5260990858078003,0.5734096765518188,0.5401286482810974,0.5690280795097351,0.5208019018173218,0.5554659962654114,0.506103515625,0.6042792797088623,0.5196272730827332,0.6210801601409912,0.5316895246505737,0.6219914555549622,0.5419875383377075,0.5877655744552612,0.521713376045227,0.6385636925697327,0.5105766654014587,0.6772884130477905,0.4982225000858307,0.7080956101417542,call
0.6557029485702515,0.46526795625686646,0.6154912114143372,0.4237171411514282,0.5658502578735352,0.40210190415382385,0.5303378701210022,0.3727085590362549,0.5150448083877563,0.330721914768219,0.5131139755249023,0.4596727788448334,0.50649094581604,0.5099323391914368,0.5284724831581116,0.5129445195198059,0.5472398996353149,0.4989408552646637,0.5198246240615845,0.5036762356758118,0.5159448981285095,0.5433325171470642,0.5376176238059998,0.5408366322517395,0.5543619394302368,0.5253924131393433,0.5380134582519531,0.5430533289909363,0.5208560824394226,0.5866861343383789,0.5402662754058838,0.5854430794715881,0.556602418422699,0.5690694451332092,0.5610855221748352,0.5736338496208191,0.5431258082389832,0.6246490478515625,0.5357325077056885,0.6644304990768433,0.5262601971626282,0.695165753364563,call
0.688755214214325,0.44448158144950867,0.6455941796302795,0.4006885290145874,0.590081512928009,0.3802231550216675,0.5516777634620667,0.34973204135894775,0.5348499417304993,0.30653661489486694,0.5347685217857361,0.4349144399166107,0.5256286263465881,0.4905824661254883,0.5468248724937439,0.49433889985084534,0.5652754306793213,0.48150870203971863,0.5422202348709106,0.48006415367126465,0.5352392196655273,0.5247565507888794,0.5573626160621643,0.5217141509056091,0.5756573677062988,0.5070539116859436,0.5607059001922607,0.5209393501281738,0.538851261138916,0.5643758773803711,0.556144654750824,0.5644838809967041,0.5727798938751221,0.5512315630912781,0.5848351120948792,0.5524677038192749,0.5670406818389893,0.6026868224143982,0.5602145791053772,0.6415804624557495,0.5520520210266113,0.6729040741920471,call
0.7605406641960144,0.3476944863796234,0.7214597463607788,0.30364367365837097,0.6666895151138306,0.277263879776001,0.6311748623847961,0.24401545524597168,0.6215490102767944,0.20170308649539948,0.6177058219909668,0.31330814957618713,0.5904597043991089,0.3722846806049347,0.6111382842063904,0.3752058744430542,0.629452109336853,0.36054280400276184,0.6266031861305237,0.3549770712852478,0.5985241532325745,0.4038669466972351,0.6198914051055908,0.40032297372817993,0.638809859752655,0.3865903615951538,0.6423383355140686,0.39625608921051025,0.601744532585144,0.4394892156124115,0.6190308332443237,0.4354344308376312,0.6367244124412537,0.4192086160182953,0.6628759503364563,0.42982545495033264,0.638619601726532,0.48399627208709717,0.627116322517395,0.5250540971755981,0.6146992444992065,0.5570569634437561,call
0.7965632081031799,0.3023814558982849,0.758897602558136,0.2617154121398926,0.7061012983322144,0.23356375098228455,0.6730204224586487,0.19940629601478577,0.662632167339325,0.1598631739616394,0.6579728722572327,0.2600666880607605,0.6243371367454529,0.3281744420528412,0.6458293795585632,0.333192378282547,0.6650908589363098,0.3175782561302185,0.6664419770240784,0.29739534854888916,0.6314800381660461,0.3583400845527649,0.6555204391479492,0.35666435956954956,0.6744620203971863,0.33976081013679504,0.6818429827690125,0.33799296617507935,0.6332817673683167,0.3885018229484558,0.6554818153381348,0.38577061891555786,0.6759377121925354,0.3675881624221802,0.7029497027397156,0.3731923997402191,0.6756534576416016,0.4268967807292938,0.6633697748184204,0.4686100482940674,0.6493092775344849,0.5006051063537598,call
0.8244276642799377,0.2863762080669403,0.7878221273422241,0.24132917821407318,0.7378710508346558,0.2075871080160141,0.7072048187255859,0.16991399228572845,0.7000702619552612,0.12823480367660522,0.6903088092803955,0.22688432037830353,0.6491644382476807,0.29307422041893005,0.6703025698661804,0.30179858207702637,0.6911134123802185,0.28876176476478577,0.697540819644928,0.2649124264717102,0.6569209694862366,0.3248668611049652,0.6802206039428711,0.3270000219345093,0.6998392939567566,0.3130687177181244,0.7112921476364136,0.3066425323486328,0.6582716107368469,0.35460180044174194,0.6800767779350281,0.35434356331825256,0.7014819979667664,0.3383890986442566,0.73048996925354,0.3436422049999237,0.6987632513046265,0.3982083201408386,0.6829371452331543,0.43867456912994385,0.6661250591278076,0.46850669384002686,call
0.8351020812988281,0.29019296169281006,0.7987275123596191,0.24391910433769226,0.7480071783065796,0.2074255794286728,0.7171239852905273,0.1677660048007965,0.7091081738471985,0.12429516017436981,0.7003531455993652,0.22707296907901764,0.6570596098899841,0.2917085289955139,0.6778449416160583,0.2995826005935669,0.6992922425270081,0.28659918904304504,0.707793653011322,0.2668735384941101,0.663979709148407,0.3246147036552429,0.6872649788856506,0.32620957493782043,0.7076998949050903,0.31257399916648865,0.7209312319755554,0.3100105822086334,0.6645544171333313,0.35440513491630554,0.6867048740386963,0.35330086946487427,0.7098861932754517,0.33710387349128723,0.7391332387924194,0.3483322858810425,0.7065108418464661,0.4012334942817688,0.6903103590011597,0.44134196639060974,0.6735416650772095,0.4711311161518097,call
0.8337453603744507,0.2887769341468811,0.7974686622619629,0.2439478039741516,0.7462460398674011,0.20834895968437195,0.7147676348686218,0.1697348654270172,0.7064676284790039,0.12862087786197662,0.6985577344894409,0.22921444475650787,0.6567890048027039,0.29384610056877136,0.6766974329948425,0.3016663193702698,0.6968449950218201,0.288513720035553,0.7059061527252197,0.2668599784374237,0.6627233624458313,0.3261285424232483,0.6856657266616821,0.32901105284690857,0.705426037311554,0.31524547934532166,0.7194026708602905,0.3079990744590759,0.6637506484985352,0.35366156697273254,0.6842940449714661,0.35497885942459106,0.7052875757217407,0.3399215638637543,0.7387705445289612,0.3446478545665741,0.7063210010528564,0.3981868326663971,0.690129280090332,0.4386956989765167,0.6737626791000366,0.4686695337295532,call
0.8315137624740601,0.2929929196834564,0.7948370575904846,0.2480122447013855,0.7422950267791748,0.21467234194278717,0.7099465131759644,0.17637667059898376,0.7025505900382996,0.13289982080459595,0.6933062672615051,0.23375758528709412,0.6522425413131714,0.3007082939147949,0.6742588877677917,0.3082129955291748,0.6958397626876831,0.29440271854400635,0.7005299925804138,0.2736062705516815,0.6599718928337097,0.33372992277145386,0.6850249767303467,0.3349107801914215,0.7049451470375061,0.32015183568000793,0.7144876718521118,0.3172001242637634,0.6602094173431396,0.3625336289405823,0.6840398907661438,0.36184918880462646,0.7080504894256592,0.3454745411872864,0.7342649102210999,0.35583364963531494,0.7018264532089233,0.40846389532089233,0.6847341060638428,0.44910991191864014,0.6673779487609863,0.479373574256897,call
0.8285334706306458,0.3021797239780426,0.7926158308982849,0.2546480894088745,0.7398071885108948,0.21981742978096008,0.7067221999168396,0.1809196174144745,0.6975383162498474,0.1380585879087448,0.6895116567611694,0.24130219221115112,0.6492713689804077,0.306700199842453,0.6714429259300232,0.3129478693008423,0.6920995712280273,0.2973859906196594,0.6963992714881897,0.2834910750389099,0.6556432843208313,0.33866408467292786,0.6815438866615295,0.3384547531604767,0.7023112773895264,0.32310551404953003,0.7095238566398621,0.3278060257434845,0.6561521887779236,0.37220442295074463,0.6799938082695007,0.3702024817466736,0.7030894160270691,0.352669358253479,0.7282106280326843,0.3663133382797241,0.6958538889884949,0.417395681142807,0.6796830892562866,0.45787322521209717,0.6623529195785522,0.4876585304737091,call
0.8286874294281006,0.29958513379096985,0.7918878197669983,0.2530178427696228,0.7391257286071777,0.2182537466287613,0.7068471312522888,0.17974236607551575,0.6985698938369751,0.13723210990428925,0.6897957921028137,0.23994240164756775,0.6486805081367493,0.30416449904441833,0.670362114906311,0.31056591868400574,0.6918199062347412,0.2964823842048645,0.6963340640068054,0.2808496356010437,0.6549584865570068,0.3379957675933838,0.6799846291542053,0.3384111225605011,0.700636625289917,0.3238517642021179,0.709332287311554,0.3250497877597809,0.6552245020866394,0.3708115518093109,0.6789298057556152,0.3700767755508423,0.7022236585617065,0.3540346920490265,0.7281208634376526,0.3645099997520447,0.6954433917999268,0.41673213243484497,0.6791712045669556,0.45638883113861084,0.6621140837669373,0.4860568344593048,call
0.8297674655914307,0.2991633415222168,0.7928701639175415,0.25322267413139343,0.7394487261772156,0.2199394404888153,0.706680953502655,0.1813332438468933,0.6978666186332703,0.1382821649312973,0.6909989714622498,0.2406529188156128,0.6488532423973083,0.3053514361381531,0.6696146726608276,0.3131644129753113,0.6901622414588928,0.2998124361038208,0.6976587176322937,0.2824806869029999,0.6559919118881226,0.3385683000087738,0.6790733933448792,0.33997970819473267,0.6994336247444153,0.32600438594818115,0.7112724184989929,0.32721012830734253,0.6573699116706848,0.37088608741760254,0.677848756313324,0.37077292799949646,0.6995886564254761,0.3552299439907074,0.7305545806884766,0.36664798855781555,0.6975181102752686,0.41887030005455017,0.6805028319358826,0.45850253105163574,0.6635500192642212,0.4878544509410858,call
0.8291265964508057,0.3006349205970764,0.7917752265930176,0.2543956935405731,0.7397876381874084,0.21862757205963135,0.7078965306282043,0.17959293723106384,0.6989220976829529,0.1374877393245697,0.6919477581977844,0.2400372326374054,0.6498031616210938,0.3053479492664337,0.6712498664855957,0.3128998577594757,0.6917996406555176,0.29876139760017395,0.6985802054405212,0.2805478274822235,0.6557755470275879,0.337526798248291,0.6805649995803833,0.33995044231414795,0.7015913724899292,0.32582658529281616,0.7118992209434509,0.3243870139122009,0.6567099690437317,0.3702399730682373,0.6787134408950806,0.3719266355037689,0.7012505531311035,0.3572187125682831,0.7305618524551392,0.36349189281463623,0.696433424949646,0.41558408737182617,0.6798180937767029,0.45532137155532837,0.663077712059021,0.48455655574798584,call
0.8299633264541626,0.30042028427124023,0.7932888269424438,0.2542386054992676,0.7394207119941711,0.2190091907978058,0.7068408727645874,0.18042004108428955,0.6982834935188293,0.13832047581672668,0.6905559301376343,0.24310506880283356,0.6492235064506531,0.30685287714004517,0.6709719300270081,0.31463101506233215,0.6921189427375793,0.3005323112010956,0.6969530582427979,0.2845947742462158,0.6559084057807922,0.3380623757839203,0.680152177810669,0.34001436829566956,0.7011253833770752,0.32623380422592163,0.7100473046302795,0.3284960687160492,0.6569392085075378,0.37168776988983154,0.6776355504989624,0.37237679958343506,0.6989302039146423,0.3574170172214508,0.7288899421691895,0.36742740869522095,0.6956233978271484,0.41772350668907166,0.6787302494049072,0.4565543234348297,0.661465585231781,0.4853048324584961,call
0.8306363224983215,0.30424317717552185,0.7948551177978516,0.25624385476112366,0.7404263019561768,0.2201717346906662,0.7070310711860657,0.18099135160446167,0.6978453397750854,0.1382794976234436,0.6908544301986694,0.23805376887321472,0.6481871604919434,0.30572712421417236,0.6701773405075073,0.31426408886909485,0.6909763216972351,0.3002217710018158,0.6966283917427063,0.27918902039527893,0.6553947925567627,0.3374732434749603,0.6804764866828918,0.33936432003974915,0.7007952928543091,0.32479071617126465,0.7090110778808594,0.32448291778564453,0.6557744741439819,0.37086358666419983,0.6784525513648987,0.3724381625652313,0.7003843188285828,0.3575209379196167,0.7273743748664856,0.36553314328193665,0.6937651038169861,0.4161607027053833,0.6774352192878723,0.4559014141559601,0.6604412794113159,0.48492684960365295,call
0.8278429508209229,0.30391040444374084,0.7909628748893738,0.2570571303367615,0.7373063564300537,0.2222769856452942,0.7040588855743408,0.1834368109703064,0.6941171884536743,0.14102524518966675,0.6862435936927795,0.2434949427843094,0.6461592316627502,0.30983367562294006,0.6694480180740356,0.3168005645275116,0.6902841925621033,0.3013620972633362,0.6924543380737305,0.2851838171482086,0.6522958278656006,0.34174999594688416,0.679399311542511,0.3428201973438263,0.7005016803741455,0.32778263092041016,0.7053372263908386,0.33000218868255615,0.6528467535972595,0.3755967617034912,0.6768830418586731,0.37542474269866943,0.6998989582061768,0.35933101177215576,0.7243014574050903,0.36943745613098145,0.6911642551422119,0.42117881774902344,0.6742143630981445,0.46123600006103516,0.656438410282135,0.49091410636901855,call
0.8256319165229797,0.3007839024066925,0.7891167998313904,0.25477170944213867,0.7350863814353943,0.221289724111557,0.7023499011993408,0.18203511834144592,0.6938657760620117,0.1386355310678482,0.6824915409088135,0.24374593794345856,0.644844114780426,0.31074202060699463,0.6682669520378113,0.3171041011810303,0.6890075206756592,0.3017783761024475,0.6886617541313171,0.28439101576805115,0.6513973474502563,0.3415622413158417,0.6772153377532959,0.34232959151268005,0.6975064873695374,0.32808560132980347,0.7015846371650696,0.32888785004615784,0.6521841287612915,0.3752920627593994,0.6740946769714355,0.3749197721481323,0.6951687932014465,0.35933366417884827,0.72071772813797,0.36858975887298584,0.6890875697135925,0.42082270979881287,0.6728260517120361,0.4600590169429779,0.65572589635849,0.48919761180877686,call
0.8125688433647156,0.30652916431427,0.7744652032852173,0.25993284583091736,0.7205308079719543,0.22529920935630798,0.6872240900993347,0.18659868836402893,0.6782971024513245,0.1433054655790329,0.6701287627220154,0.248712420463562,0.6307656168937683,0.3173252046108246,0.6547560095787048,0.32249218225479126,0.675305187702179,0.30534401535987854,0.6772493720054626,0.2909451425075531,0.6380289793014526,0.34849855303764343,0.6653387546539307,0.3471282124519348,0.6858934164047241,0.330769807100296,0.6908143162727356,0.33617016673088074,0.6397364139556885,0.3839534521102905,0.6640215516090393,0.3817720413208008,0.6864584684371948,0.36426690220832825,0.7095948457717896,0.3764084279537201,0.6761631965637207,0.428311824798584,0.6597627997398376,0.46835067868232727,0.642369270324707,0.498553991317749,call
0.7988093495368958,0.30432379245758057,0.7605301737785339,0.25793418288230896,0.7049990892410278,0.22393986582756042,0.6704130172729492,0.18506596982479095,0.6606240272521973,0.14168883860111237,0.6528360247612,0.24780449271202087,0.6141598224639893,0.31590861082077026,0.6381329894065857,0.32188236713409424,0.6582366228103638,0.30507850646972656,0.6603652834892273,0.2893024682998657,0.6230201721191406,0.3467327058315277,0.6494925618171692,0.34659653902053833,0.6692987084388733,0.33028465509414673,0.6746352314949036,0.3344251811504364,0.6243267059326172,0.38105353713035583,0.6466267704963684,0.3799413740634918,0.6674550771713257,0.36215606331825256,0.6942120790481567,0.3750477731227875,0.6613759398460388,0.4287611246109009,0.6447256803512573,0.4685981571674347,0.627070963382721,0.4970722198486328,call
0.7683997750282288,0.30653098225593567,0.7299693822860718,0.25998714566230774,0.6788990497589111,0.227415531873703,0.6467256546020508,0.19201518595218658,0.6361581087112427,0.15215735137462616,0.6254702806472778,0.2525593042373657,0.5888424515724182,0.3188888132572174,0.6123335957527161,0.32483959197998047,0.6321520805358887,0.3086264133453369,0.6330059766769409,0.29297304153442383,0.5976122617721558,0.34725964069366455,0.6222759485244751,0.3480328619480133,0.64222252368927,0.33362236618995667,0.647636353969574,0.33659324049949646,0.5992955565452576,0.3801462650299072,0.6200206279754639,0.37994328141212463,0.6402658820152283,0.3640541434288025,0.6675448417663574,0.37533968687057495,0.636116087436676,0.42859214544296265,0.6190152168273926,0.4685772955417633,0.6014466881752014,0.4975704848766327,call
0.7505083084106445,0.3202429413795471,0.715572714805603,0.272202730178833,0.6641274094581604,0.23502454161643982,0.6323384642601013,0.1956898272037506,0.624139130115509,0.15444636344909668,0.6122334003448486,0.25556719303131104,0.5720718502998352,0.31809717416763306,0.5943601131439209,0.32641124725341797,0.6151524782180786,0.31259483098983765,0.6171098351478577,0.2972050607204437,0.5782678127288818,0.3490705192089081,0.6029959917068481,0.35144177079200745,0.6234809756278992,0.3378202021121979,0.628635585308075,0.34199604392051697,0.5771102905273438,0.38355931639671326,0.5991640090942383,0.3851125240325928,0.621100664138794,0.3703468143939972,0.6459516286849976,0.3822475075721741,0.6127098202705383,0.4315183460712433,0.5952296853065491,0.4705124497413635,0.5773361325263977,0.49849164485931396,call
0.7240748405456543,0.39981719851493835,0.6966813206672668,0.3514588177204132,0.6515977382659912,0.30545559525489807,0.6257624626159668,0.26203227043151855,0.6250748634338379,0.22210900485515594,0.6120774149894714,0.3080274760723114,0.5633623003959656,0.3534638583660126,0.5776790976524353,0.3703450560569763,0.5956395268440247,0.3674619793891907,0.6131126284599304,0.34415146708488464,0.5667122602462769,0.38549673557281494,0.5814675688743591,0.3953019082546234,0.5977768898010254,0.391526460647583,0.6186234951019287,0.386330783367157,0.564191460609436,0.41086480021476746,0.5780041217803955,0.41527584195137024,0.5958859324455261,0.4083639979362488,0.6295425295829773,0.42698538303375244,0.5928508043289185,0.4677177667617798,0.5706115961074829,0.49962759017944336,0.5492505431175232,0.5224701762199402,call
0.7232623100280762,0.42361563444137573,0.6952784061431885,0.3764120638370514,0.65354323387146,0.3330090045928955,0.6311327219009399,0.2896643280982971,0.6314210891723633,0.2504626512527466,0.6143606305122375,0.3297194242477417,0.5642150044441223,0.38192763924598694,0.5837135314941406,0.39744722843170166,0.6051645874977112,0.39144906401634216,0.6172892451286316,0.3629969656467438,0.5699357390403748,0.41415441036224365,0.5920175313949585,0.4220506250858307,0.6106487512588501,0.41150397062301636,0.6240890622138977,0.4034723937511444,0.568248450756073,0.435168981552124,0.5889455080032349,0.43989038467407227,0.6109153628349304,0.42903321981430054,0.635217010974884,0.44289278984069824,0.5967566967010498,0.48380041122436523,0.5748808979988098,0.5155920386314392,0.5539650917053223,0.5368928909301758,call
0.7185398936271667,0.4193810224533081,0.6908029913902283,0.37434279918670654,0.6514260768890381,0.3332471549510956,0.6298770308494568,0.2927650809288025,0.6289401650428772,0.2563322186470032,0.6139487028121948,0.33469241857528687,0.5662520527839661,0.3818117380142212,0.5843756198883057,0.3955266773700714,0.6050533652305603,0.39026689529418945,0.617145299911499,0.36550796031951904,0.5705891847610474,0.413374125957489,0.59354567527771,0.421317994594574,0.6117271780967712,0.41103243827819824,0.624518871307373,0.40382120013237,0.5699115991592407,0.4358872175216675,0.5917738080024719,0.44029223918914795,0.613816499710083,0.42928022146224976,0.6359297633171082,0.441330224275589,0.5979934334754944,0.48058897256851196,0.5764784216880798,0.5115706920623779,0.5549161434173584,0.5329456329345703,call
0.7223820090293884,0.4179437756538391,0.6941755414009094,0.3719285726547241,0.6543492078781128,0.332562655210495,0.6319140791893005,0.2925252914428711,0.6302787661552429,0.2569279074668884,0.6164243221282959,0.33359599113464355,0.568841814994812,0.38268089294433594,0.5874742269515991,0.39628541469573975,0.608267068862915,0.39017200469970703,0.6196383833885193,0.36445480585098267,0.5736978650093079,0.4129795432090759,0.5965492129325867,0.42014679312705994,0.614604651927948,0.4097483456134796,0.6270529627799988,0.4031318724155426,0.5731310844421387,0.4354202151298523,0.5950939655303955,0.4388720989227295,0.6167370676994324,0.42783671617507935,0.6387428045272827,0.44068443775177,0.6012152433395386,0.4812752604484558,0.580363929271698,0.5124129056930542,0.5591081380844116,0.5340319871902466,call
0.7300243377685547,0.41856589913368225,0.7026820778846741,0.37323203682899475,0.662851870059967,0.33294856548309326,0.640460193157196,0.2917478680610657,0.6389539837837219,0.25400882959365845,0.6250619292259216,0.3299208879470825,0.5775887370109558,0.3796992301940918,0.5960295796394348,0.3947742283344269,0.6161569356918335,0.3890520930290222,0.6284640431404114,0.36030614376068115,0.5817508697509766,0.41052865982055664,0.6043442487716675,0.4190126657485962,0.6226905584335327,0.4085277318954468,0.6357209086418152,0.3989511728286743,0.5810756683349609,0.43236008286476135,0.6025171279907227,0.43696990609169006,0.6242172122001648,0.4257708191871643,0.6471250057220459,0.43683502078056335,0.6104133129119873,0.4778937101364136,0.5893532037734985,0.5096533298492432,0.5683510303497314,0.5309309959411621,call
0.7280429601669312,0.41307222843170166,0.7007409334182739,0.36755943298339844,0.6625685691833496,0.329211562871933,0.6412070393562317,0.29029059410095215,0.6403291821479797,0.255339652299881,0.6241753101348877,0.3301931917667389,0.5781626105308533,0.37895846366882324,0.596124529838562,0.391751766204834,0.616244375705719,0.38599956035614014,0.6274591088294983,0.361377477645874,0.5832176804542542,0.40931034088134766,0.605334460735321,0.4157276451587677,0.6233531832695007,0.4053075313568115,0.635168194770813,0.399718314409256,0.583008885383606,0.429612934589386,0.6035254001617432,0.43226203322410583,0.6246971487998962,0.42055097222328186,0.6472668051719666,0.43697935342788696,0.6104609966278076,0.4750162363052368,0.5896022319793701,0.5056977272033691,0.5692471265792847,0.5270138382911682,call
0.7294019460678101,0.4136121869087219,0.7014578580856323,0.3688471019268036,0.6629678606987,0.33079248666763306,0.641322135925293,0.2915320098400116,0.6401858925819397,0.2559230327606201,0.6265018582344055,0.3279417157173157,0.5790136456489563,0.37879905104637146,0.5968482494354248,0.39197853207588196,0.6163009405136108,0.38580766320228577,0.6300362944602966,0.3574506640434265,0.5840995907783508,0.4096974730491638,0.6073148250579834,0.4164380133152008,0.6247392296791077,0.4048076570034027,0.6373180747032166,0.3953278958797455,0.5838798880577087,0.42951324582099915,0.6052011847496033,0.43312644958496094,0.6255976557731628,0.42142289876937866,0.6486561894416809,0.4332253932952881,0.6111316680908203,0.47279828786849976,0.5899263024330139,0.5032563805580139,0.568455696105957,0.5239666700363159,call
0.728122353553772,0.42079153656959534,0.7021127939224243,0.37728777527809143,0.6632855534553528,0.33673733472824097,0.6412791013717651,0.29742902517318726,0.641001284122467,0.2617148458957672,0.6255915760993958,0.33469560742378235,0.5787068009376526,0.3809663653373718,0.5949357151985168,0.3959331214427948,0.613970160484314,0.3916005790233612,0.6272833943367004,0.36603260040283203,0.581756591796875,0.4116610288619995,0.6007828116416931,0.41971245408058167,0.6181413531303406,0.41137072443962097,0.6331384181976318,0.40412238240242004,0.5796706080436707,0.4317338168621063,0.5980013012886047,0.4361860752105713,0.6184908747673035,0.4264471232891083,0.6436482071876526,0.4414204955101013,0.6070331931114197,0.4804547429084778,0.5853270888328552,0.5103044509887695,0.5647346377372742,0.5302494764328003,call
0.7242018580436707,0.43335410952568054,0.6972076296806335,0.3841433525085449,0.6539621949195862,0.3393094539642334,0.6287021040916443,0.29655420780181885,0.6265133619308472,0.25742051005363464,0.6071833372116089,0.34534668922424316,0.5602788329124451,0.3891579806804657,0.5773841142654419,0.40274950861930847,0.5973874926567078,0.3961738646030426,0.6071754097938538,0.3822310268878937,0.5616416931152344,0.4192129671573639,0.5826777219772339,0.42832332849502563,0.6033085584640503,0.42205607891082764,0.6119202971458435,0.4236370921134949,0.5572688579559326,0.44894492626190186,0.5748030543327332,0.45627233386039734,0.5955823659896851,0.44908690452575684,0.6225748062133789,0.4624226689338684,0.585430920124054,0.5036133527755737,0.563698947429657,0.5346203446388245,0.543180525302887,0.5553165078163147,call
0.6942447423934937,0.4075893461704254,0.6612116694450378,0.34838229417800903,0.6118221879005432,0.30358320474624634,0.5821836590766907,0.2584662437438965,0.5774176120758057,0.2121238112449646,0.558117687702179,0.3310306668281555,0.5162075757980347,0.38088440895080566,0.5354297161102295,0.39038076996803284,0.555118978023529,0.38038700819015503,0.5596829056739807,0.37894120812416077,0.5206546187400818,0.41575145721435547,0.541007399559021,0.4183797836303711,0.561593234539032,0.409401535987854,0.567637026309967,0.427869588136673,0.5190258622169495,0.4546912908554077,0.5332433581352234,0.4565439522266388,0.5508580207824707,0.44653940200805664,0.5817318558692932,0.47051650285720825,0.5484054088592529,0.5141825079917908,0.5302274227142334,0.5490753650665283,0.5126229524612427,0.5751019716262817,call
0.6960621476173401,0.39054426550865173,0.6613165140151978,0.33036306500434875,0.6065109968185425,0.2873585820198059,0.5726826786994934,0.24140915274620056,0.565356969833374,0.1915333867073059,0.5417220592498779,0.32186123728752136,0.5093402862548828,0.382280558347702,0.5338501930236816,0.38880687952041626,0.555323600769043,0.3748427927494049,0.5444116592407227,0.37201952934265137,0.5160554051399231,0.41749829053878784,0.5422186851501465,0.41614627838134766,0.5644821524620056,0.40302738547325134,0.5563850402832031,0.4226953089237213,0.516078531742096,0.45933276414871216,0.5357179045677185,0.45826151967048645,0.5552634000778198,0.44510361552238464,0.5751755833625793,0.46696433424949646,0.5443702936172485,0.5107609629631042,0.5307133197784424,0.546586275100708,0.5171939134597778,0.5755409002304077,call
0.7650635242462158,0.36692216992378235,0.7277291417121887,0.30885812640190125,0.6708680987358093,0.2698671817779541,0.6346352100372314,0.22662755846977234,0.6249225735664368,0.17800664901733398,0.6061444878578186,0.30751892924308777,0.5780369639396667,0.36824098229408264,0.6015791893005371,0.3757631778717041,0.6212886571884155,0.3625067472457886,0.609639585018158,0.3572065532207489,0.5862431526184082,0.40369927883148193,0.6107562780380249,0.40371978282928467,0.6308260560035706,0.39036989212036133,0.623267650604248,0.4070446491241455,0.5867016315460205,0.44501835107803345,0.6029470562934875,0.4457269012928009,0.6191713213920593,0.43310630321502686,0.6431734561920166,0.45041799545288086,0.6142861247062683,0.4938983917236328,0.6011626124382019,0.5303006172180176,0.5884237885475159,0.5593778491020203,call
0.7633621096611023,0.3118833303451538,0.7281802892684937,0.2633677124977112,0.6736728549003601,0.2291494756937027,0.6395539045333862,0.19025997817516327,0.6294602155685425,0.14858143031597137,0.6162489652633667,0.25886398553848267,0.5855662822723389,0.3192133903503418,0.6079033017158508,0.32868239283561707,0.6267471313476562,0.3167964220046997,0.6199460625648499,0.3025696873664856,0.5874799489974976,0.3515583574771881,0.6130231618881226,0.35440826416015625,0.6346521973609924,0.34166717529296875,0.6321640014648438,0.34826651215553284,0.5876767039299011,0.3894340991973877,0.6062694191932678,0.39292481541633606,0.6248331069946289,0.38126951456069946,0.650713324546814,0.388576865196228,0.61915123462677,0.4352812170982361,0.6018050312995911,0.4722038507461548,0.5841453671455383,0.499845027923584,call
0.7461366653442383,0.29450711607933044,0.7103901505470276,0.2446931004524231,0.6585113406181335,0.21340981125831604,0.6249404549598694,0.17761898040771484,0.6150698661804199,0.13837313652038574,0.6022878289222717,0.24662058055400848,0.5744057893753052,0.30959922075271606,0.5960840582847595,0.31604284048080444,0.6139311790466309,0.30254197120666504,0.606741726398468,0.289858877658844,0.5783816576004028,0.3411329984664917,0.6019631624221802,0.34213244915008545,0.6210222244262695,0.3280314803123474,0.6196092367172241,0.3338148593902588,0.5765884518623352,0.37668782472610474,0.5951567888259888,0.3791199326515198,0.6131338477134705,0.3666625916957855,0.6388087868690491,0.3712567687034607,0.6095067858695984,0.4204953908920288,0.5937845706939697,0.4588167667388916,0.5770456790924072,0.48719674348831177,call
0.7391406297683716,0.29424118995666504,0.7042477130889893,0.2457103580236435,0.6493163704872131,0.21560899913311005,0.6142733097076416,0.17990615963935852,0.6046342253684998,0.1393141746520996,0.5919014811515808,0.2497175633907318,0.5665285587310791,0.3120913803577423,0.5883823037147522,0.31868892908096313,0.6052350401878357,0.3051598370075226,0.596440851688385,0.2939334213733673,0.5711818933486938,0.3450212776660919,0.594287633895874,0.3454801142215729,0.6125470399856567,0.33041858673095703,0.6092421412467957,0.33833691477775574,0.5696207284927368,0.3815368115901947,0.5873409509658813,0.3835389018058777,0.6043568849563599,0.3698551058769226,0.6283096671104431,0.37544187903404236,0.6014161705970764,0.42488425970077515,0.5869415998458862,0.4631180763244629,0.5713835954666138,0.4910459816455841,call
0.7330865263938904,0.2917904257774353,0.6984859704971313,0.2445550262928009,0.6455203294754028,0.2138936072587967,0.6115153431892395,0.17796339094638824,0.6014649868011475,0.13868911564350128,0.5858253836631775,0.24521486461162567,0.5618597865104675,0.31094181537628174,0.5843703746795654,0.31898897886276245,0.6020424365997314,0.30663761496543884,0.5898473262786865,0.28834331035614014,0.5667073130607605,0.3431588411331177,0.5908868908882141,0.34431174397468567,0.609585702419281,0.32988429069519043,0.603168785572052,0.33216166496276855,0.5659108757972717,0.3791772127151489,0.5859647393226624,0.38068991899490356,0.6044155359268188,0.36618858575820923,0.6230444312095642,0.3695518970489502,0.5954173803329468,0.4212501347064972,0.5809564590454102,0.45927396416664124,0.5650193095207214,0.4870142340660095,call
0.7423012852668762,0.3003704845905304,0.7114067077636719,0.2514367699623108,0.6595007181167603,0.21822357177734375,0.6267914772033691,0.1806441843509674,0.620620608329773,0.14041313529014587,0.598567545413971,0.24408292770385742,0.5726583003997803,0.30717429518699646,0.5936704277992249,0.3175143003463745,0.6106163263320923,0.30727890133857727,0.600490152835846,0.2862881124019623,0.574501633644104,0.33949756622314453,0.5986156463623047,0.34228670597076416,0.6178284883499146,0.32910144329071045,0.611393392086029,0.33074602484703064,0.571958065032959,0.3764878511428833,0.5918542146682739,0.38024261593818665,0.610822856426239,0.36755624413490295,0.6290627121925354,0.3697107136249542,0.6005755662918091,0.42032918334007263,0.5851944088935852,0.4587523341178894,0.5685038566589355,0.48618561029434204,call
0.741873025894165,0.510168731212616,0.7307488322257996,0.45561620593070984,0.7005890607833862,0.4040922522544861,0.6848160624504089,0.35828909277915955,0.6936247944831848,0.3244750499725342,0.6395708322525024,0.38933104276657104,0.6027347445487976,0.42822256684303284,0.6153681874275208,0.45110979676246643,0.6313804984092712,0.4549517333507538,0.6282195448875427,0.4173141121864319,0.5908894538879395,0.456253319978714,0.6075334548950195,0.47558027505874634,0.6253901720046997,0.47899526357650757,0.6227220296859741,0.45396220684051514,0.5745759606361389,0.48233166337013245,0.5904482007026672,0.5006603002548218,0.609089732170105,0.5052880048751831,0.6241117119789124,0.49228206276893616,0.5786086916923523,0.5155013203620911,0.5515440702438354,0.5326306819915771,0.5268729329109192,0.5426703095436096,call
0.7332983613014221,0.5882187485694885,0.7253738641738892,0.5425975918769836,0.7079823613166809,0.4993820786476135,0.7014325857162476,0.46258658170700073,0.7115890383720398,0.4349425137042999,0.6568168997764587,0.4455600082874298,0.6030541658401489,0.4792747497558594,0.6110332608222961,0.5136396884918213,0.6279537677764893,0.5246376991271973,0.6507880687713623,0.4600360095500946,0.5961118340492249,0.49779820442199707,0.6058067083358765,0.5259750485420227,0.6213762760162354,0.536030113697052,0.6432896256446838,0.48724478483200073,0.5914115309715271,0.5109980702400208,0.5950024127960205,0.5377923846244812,0.6069081425666809,0.547649085521698,0.6365547180175781,0.5211846232414246,0.592170000076294,0.5070679187774658,0.5637170672416687,0.4992942214012146,0.5419460535049438,0.4887481927871704,call
0.7317521572113037,0.6210997104644775,0.7339890003204346,0.5684829354286194,0.7250843644142151,0.5236793160438538,0.7221631407737732,0.4831334948539734,0.739700973033905,0.4601314067840576,0.6813644766807556,0.4583798050880432,0.6247618198394775,0.47922036051750183,0.6269997358322144,0.5151981115341187,0.6437160968780518,0.5352562665939331,0.6690880060195923,0.468792587518692,0.6114916801452637,0.4943218529224396,0.6178366541862488,0.5270833969116211,0.6348042488098145,0.5459885001182556,0.6544639468193054,0.49256810545921326,0.6006729602813721,0.5051228404045105,0.6045069694519043,0.5359024405479431,0.6196284294128418,0.5523467659950256,0.6408987641334534,0.5235875844955444,0.5958809852600098,0.5009124279022217,0.5672818422317505,0.48871123790740967,0.5460123419761658,0.4744564890861511,call
0.7272672057151794,0.6165158152580261,0.7420689463615417,0.566381573677063,0.743211030960083,0.514786422252655,0.7514137029647827,0.4718198776245117,0.7724325656890869,0.45529767870903015,0.6942732334136963,0.4526323080062866,0.6571798920631409,0.4701210856437683,0.6610025763511658,0.5000170469284058,0.6750191450119019,0.5169583559036255,0.6691880226135254,0.46340423822402954,0.640508770942688,0.4879085123538971,0.6475051641464233,0.5155125856399536,0.6621525287628174,0.5290839076042175,0.6473687887191772,0.4890100061893463,0.6173495650291443,0.5014310479164124,0.6238865852355957,0.5259034037590027,0.6401404738426208,0.5394744873046875,0.6290941834449768,0.5204101204872131,0.5905402898788452,0.4934292435646057,0.5603684186935425,0.47906410694122314,0.5382251739501953,0.46385011076927185,call
0.709130585193634,0.6250545978546143,0.734148383140564,0.5711888670921326,0.745044469833374,0.5087718367576599,0.7616174817085266,0.4607710838317871,0.7879570722579956,0.44367802143096924,0.6845936179161072,0.44572675228118896,0.6590553522109985,0.46103256940841675,0.667020320892334,0.49243682622909546,0.6811172962188721,0.5081552863121033,0.6533722877502441,0.4597678482532501,0.637990415096283,0.4813094735145569,0.6476269960403442,0.5113036632537842,0.6627430319786072,0.5263262391090393,0.6285471320152283,0.4890201687812805,0.6053452491760254,0.4906468987464905,0.6150643229484558,0.5171337723731995,0.633566677570343,0.5347390174865723,0.6074609160423279,0.5227648615837097,0.5718477368354797,0.4964010715484619,0.5421633720397949,0.48382559418678284,0.5198927521705627,0.4703617990016937,call
0.687440812587738,0.6276968121528625,0.7168859839439392,0.5695242881774902,0.7304893732070923,0.50588458776474,0.7480678558349609,0.4554572105407715,0.7756165266036987,0.4353828728199005,0.6632674932479858,0.446459025144577,0.6464018821716309,0.4629509747028351,0.6543342471122742,0.49444252252578735,0.6670634746551514,0.5115527510643005,0.628790020942688,0.4599786698818207,0.6215859651565552,0.4854241609573364,0.6325432658195496,0.5144427418708801,0.6466748118400574,0.5269632339477539,0.6031572818756104,0.49011459946632385,0.5869966149330139,0.49579811096191406,0.6010905504226685,0.521608293056488,0.6203500032424927,0.5366067290306091,0.582546591758728,0.5255767703056335,0.5461680889129639,0.4986411929130554,0.5169051885604858,0.48691385984420776,0.49281567335128784,0.473025381565094,call
0.6613225936889648,0.6198466420173645,0.6996946930885315,0.5658679604530334,0.7189065217971802,0.5056972503662109,0.7401479482650757,0.4560481011867523,0.7686019539833069,0.43510279059410095,0.6489587426185608,0.4440121054649353,0.6474187970161438,0.46612727642059326,0.6538864374160767,0.49511781334877014,0.6614668965339661,0.5138937830924988,0.6125549674034119,0.45521965622901917,0.6214205622673035,0.4891718029975891,0.6336392164230347,0.5150742530822754,0.6440578103065491,0.5282484292984009,0.5858001708984375,0.4842591881752014,0.5862966775894165,0.5008123517036438,0.6046106219291687,0.5253753066062927,0.6204826235771179,0.5407810807228088,0.5652377605438232,0.519850492477417,0.5291410684585571,0.49776193499565125,0.501997709274292,0.4853818118572235,0.477678507566452,0.47026923298835754,call
0.6677245497703552,0.621071457862854,0.7044105529785156,0.5664851069450378,0.7218688130378723,0.5039991736412048,0.7427840232849121,0.45428401231765747,0.7717623710632324,0.43626493215560913,0.651811420917511,0.4417499899864197,0.6473502516746521,0.46566784381866455,0.6541810631752014,0.4954971373081207,0.6629638075828552,0.5127707719802856,0.6157578229904175,0.453752338886261,0.6205101609230042,0.4880416691303253,0.6325790286064148,0.514091432094574,0.643791139125824,0.5256848335266113,0.589411735534668,0.4833371341228485,0.5855609178543091,0.5001184940338135,0.6032440066337585,0.5250827670097351,0.6199825406074524,0.5394264459609985,0.5690458416938782,0.5193629264831543,0.5337064266204834,0.4957199692726135,0.5060220956802368,0.48240476846694946,0.48125508427619934,0.4670901894569397,call
0.6838692426681519,0.6294063925743103,0.7080124616622925,0.5718467831611633,0.7177218198776245,0.5096045732498169,0.7335927486419678,0.4604797959327698,0.760424017906189,0.44148552417755127,0.6578114628791809,0.44508156180381775,0.6261696815490723,0.4642466902732849,0.630065381526947,0.49547839164733887,0.644163191318512,0.5125110745429993,0.6258928775787354,0.4567202031612396,0.6039565205574036,0.4827146828174591,0.611048698425293,0.5125740170478821,0.6270121932029724,0.5267215371131897,0.5996912717819214,0.4847320318222046,0.5715306997299194,0.49181222915649414,0.579853355884552,0.5197794437408447,0.5982933044433594,0.5357569456100464,0.5772072076797485,0.5186953544616699,0.538614809513092,0.4914781153202057,0.5080451965332031,0.4793049693107605,0.4849911332130432,0.4652062654495239,call
0.6894948482513428,0.613671064376831,0.7020720839500427,0.561100423336029,0.7021297812461853,0.5121549963951111,0.7113633155822754,0.47306904196739197,0.733400821685791,0.45969805121421814,0.6556643843650818,0.4473291039466858,0.6150739789009094,0.4749254882335663,0.6142663955688477,0.5068520903587341,0.6274110078811646,0.5276187658309937,0.6323460340499878,0.4539961814880371,0.596871018409729,0.4866258502006531,0.6018419861793518,0.5154767036437988,0.6177371740341187,0.5335157513618469,0.6101112365722656,0.47666746377944946,0.5756336450576782,0.4972517490386963,0.5820173025131226,0.5256669521331787,0.5990235805511475,0.5421186685562134,0.5899024605751038,0.505653440952301,0.5486327409744263,0.4813024401664734,0.5182346105575562,0.4676109850406647,0.495725154876709,0.45281052589416504,call
0.7006984353065491,0.6283782124519348,0.7025173306465149,0.5841856598854065,0.6937388181686401,0.5383399128913879,0.6934317350387573,0.49361923336982727,0.7122367024421692,0.47460633516311646,0.6524493098258972,0.4605303406715393,0.5943141579627991,0.4828757047653198,0.6026784181594849,0.5218201279640198,0.6241459250450134,0.5386143326759338,0.6399396657943726,0.4624270498752594,0.5828064680099487,0.49566763639450073,0.5966875553131104,0.5303908586502075,0.6186934113502502,0.5453985929489136,0.6235468983650208,0.47943878173828125,0.5736485719680786,0.50285804271698,0.5871893763542175,0.5356701016426086,0.6079866290092468,0.5506902933120728,0.6068745255470276,0.5040865540504456,0.5614003539085388,0.4784054756164551,0.5341532826423645,0.46587154269218445,0.5140070915222168,0.4515829086303711,call
0.7001297473907471,0.6134485602378845,0.7223246097564697,0.566312313079834,0.7293746471405029,0.5071189403533936,0.7443183660507202,0.4597271978855133,0.7692081928253174,0.4428660571575165,0.6718043684959412,0.4430813193321228,0.6438862681388855,0.4638396203517914,0.6508800983428955,0.49471673369407654,0.664373517036438,0.5097332000732422,0.6413346529006958,0.45570048689842224,0.6213333606719971,0.4811151623725891,0.6301900744438171,0.509233295917511,0.6447160243988037,0.5218880772590637,0.6165634989738464,0.48313960433006287,0.5893806219100952,0.4896348714828491,0.5976229906082153,0.5143641829490662,0.6151787638664246,0.5293898582458496,0.5965144634246826,0.515872597694397,0.5576106309890747,0.4939890205860138,0.5261585116386414,0.48264721035957336,0.5029470920562744,0.4696863889694214,call
0.6766118407249451,0.6128206849098206,0.7106794714927673,0.5567460060119629,0.726757287979126,0.49675023555755615,0.747637927532196,0.44820472598075867,0.7759585976600647,0.42807096242904663,0.656485915184021,0.43956780433654785,0.6552126407623291,0.46330466866493225,0.6628372073173523,0.4907853603363037,0.6711519360542297,0.5073664784431458,0.6218301057815552,0.4538683593273163,0.6299406886100769,0.4850175678730011,0.641935408115387,0.5088120102882385,0.6516536474227905,0.5205236077308655,0.5972789525985718,0.48527413606643677,0.5947058796882629,0.49774739146232605,0.6128033995628357,0.5187258124351501,0.6293191313743591,0.5315823554992676,0.5798332095146179,0.5227282047271729,0.5432398915290833,0.5072146058082581,0.5163066983222961,0.4994106590747833,0.49129778146743774,0.4880833923816681,call
0.6803390979766846,0.6108917593955994,0.7118211984634399,0.5530761480331421,0.7256840467453003,0.49043723940849304,0.7453812956809998,0.4400283098220825,0.7727319002151489,0.41870689392089844,0.6545316576957703,0.43144863843917847,0.6525300145149231,0.4591088891029358,0.6596110463142395,0.4884280264377594,0.668749213218689,0.505734384059906,0.6201177835464478,0.44726333022117615,0.6282404065132141,0.48085176944732666,0.640666127204895,0.5057566165924072,0.6520296931266785,0.5184574127197266,0.5956611037254333,0.4803522527217865,0.5926865339279175,0.49368157982826233,0.6113970875740051,0.5160400867462158,0.6291072964668274,0.5296359062194824,0.5784275531768799,0.5200385451316833,0.5404026508331299,0.5051199793815613,0.511573314666748,0.49942725896835327,0.4851541519165039,0.48944807052612305,call
0.6931678056716919,0.5609374642372131,0.7065870761871338,0.49809446930885315,0.7043496370315552,0.43724122643470764,0.7129215598106384,0.3839213252067566,0.7378208041191101,0.3506288528442383,0.6309923529624939,0.39548173546791077,0.6137491464614868,0.4309193789958954,0.6286628842353821,0.4569289982318878,0.6466809511184692,0.4670211374759674,0.6031144857406616,0.4216965436935425,0.596633791923523,0.45605209469795227,0.6132890582084656,0.4783147871494293,0.6308733224868774,0.485577255487442,0.5855017900466919,0.4619012176990509,0.5666507482528687,0.4757329225540161,0.5855962038040161,0.49425190687179565,0.6092880368232727,0.5006504058837891,0.575290858745575,0.5048787593841553,0.535037100315094,0.5080668926239014,0.5051239728927612,0.5185802578926086,0.4788239896297455,0.5221065878868103,call
0.6605939269065857,0.47297677397727966,0.6471422910690308,0.40913835167884827,0.6180893778800964,0.3585315942764282,0.6047526001930237,0.3078739643096924,0.6134454011917114,0.2665799856185913,0.5393275618553162,0.36730828881263733,0.5342738628387451,0.4114431142807007,0.5565834641456604,0.4248228669166565,0.5757803916931152,0.4219689965248108,0.5262073278427124,0.40898770093917847,0.5310021042823792,0.44409531354904175,0.5532328486442566,0.45222076773643494,0.5717219710350037,0.4471108019351959,0.5262441039085388,0.4551423192024231,0.5136082172393799,0.4797649383544922,0.5357452630996704,0.4845513701438904,0.5581538677215576,0.47576001286506653,0.5334668755531311,0.49843257665634155,0.49983546137809753,0.526872992515564,0.4759647846221924,0.5549488067626953,0.4534972906112671,0.5752367973327637,call
0.6373991966247559,0.47784072160720825,0.6050297617912292,0.4226815402507782,0.561282753944397,0.3864985406398773,0.533027708530426,0.3435245156288147,0.5277459025382996,0.29403358697891235,0.49239200353622437,0.4288862943649292,0.4857320785522461,0.474597692489624,0.508230984210968,0.48299187421798706,0.5291233062744141,0.47605639696121216,0.4921623170375824,0.47639399766921997,0.4921490252017975,0.5074471831321716,0.514860987663269,0.5087426900863647,0.5352929830551147,0.4986889362335205,0.5044294595718384,0.521822452545166,0.48589766025543213,0.551773726940155,0.5050441026687622,0.5569391846656799,0.5263349413871765,0.5485681891441345,0.5234602093696594,0.5603933930397034,0.49829912185668945,0.6039890050888062,0.48365533351898193,0.6414773464202881,0.469354510307312,0.6713057160377502,call
0.6324477195739746,0.4858550727367401,0.5940396189689636,0.4331515431404114,0.5502170920372009,0.4004583954811096,0.519053041934967,0.3618251383304596,0.5094862580299377,0.3140714764595032,0.487260639667511,0.4552540183067322,0.4810194969177246,0.4964044690132141,0.5015133619308472,0.5024818778038025,0.5203660130500793,0.4949997663497925,0.4903615117073059,0.5015075206756592,0.4886353313922882,0.5313512086868286,0.5084004402160645,0.5316519737243652,0.5266744494438171,0.5212844610214233,0.5063578486442566,0.5442453622817993,0.48918139934539795,0.5744127035140991,0.5066081285476685,0.5747233629226685,0.5254024863243103,0.5622909665107727,0.5285759568214417,0.5801554322242737,0.5040909647941589,0.622778058052063,0.4919399619102478,0.6586533784866333,0.4802895486354828,0.6879231929779053,call
0.6307691931724548,0.49091577529907227,0.5913752317428589,0.43834802508354187,0.5462643504142761,0.406686007976532,0.5144230127334595,0.3676941394805908,0.5036786198616028,0.31913888454437256,0.48558565974235535,0.4598499536514282,0.48107805848121643,0.49964848160743713,0.500537633895874,0.5095713138580322,0.5191516280174255,0.5057840943336487,0.4885890483856201,0.5061600804328918,0.48748162388801575,0.5352603197097778,0.5067818760871887,0.5384686589241028,0.5254966020584106,0.5313633680343628,0.5042783617973328,0.5484752058982849,0.4876266121864319,0.5791099071502686,0.5035095810890198,0.5826383829116821,0.5209349989891052,0.5739299654960632,0.5264573097229004,0.5835741758346558,0.5031194686889648,0.6283454895019531,0.4918230175971985,0.6656689643859863,0.48046475648880005,0.6965929865837097,call
0.6296703219413757,0.49436384439468384,0.5904146432876587,0.44070789217948914,0.5458301305770874,0.4080311059951782,0.5146321058273315,0.369476854801178,0.5036534667015076,0.32363805174827576,0.488155335187912,0.46512526273727417,0.4817402958869934,0.5042983889579773,0.5034208297729492,0.5090287923812866,0.5235408544540405,0.49999967217445374,0.49096447229385376,0.51164311170578,0.4893750846385956,0.5386171340942383,0.5101445913314819,0.5381291508674622,0.5294744372367859,0.5270999073982239,0.5061323046684265,0.5543093681335449,0.4887374937534332,0.5842679738998413,0.5060773491859436,0.5839448571205139,0.5242502093315125,0.5710717439651489,0.5271664261817932,0.5898205041885376,0.5045844316482544,0.6344922184944153,0.49457699060440063,0.6713656783103943,0.48486801981925964,0.7010554075241089,call
0.6932083368301392,0.40827834606170654,0.6536410450935364,0.3595513105392456,0.6013989448547363,0.3286789357662201,0.5690832138061523,0.29202407598495483,0.560715913772583,0.2468315213918686,0.5435233116149902,0.365473210811615,0.523674488067627,0.42013248801231384,0.5470892786979675,0.42290452122688293,0.5642532110214233,0.408695250749588,0.5477856397628784,0.4113786220550537,0.5284551382064819,0.45620834827423096,0.5529481768608093,0.45163100957870483,0.5711424946784973,0.435833215713501,0.5609489679336548,0.4555702209472656,0.5253679156303406,0.4977717995643616,0.5475273132324219,0.4938885569572449,0.5688563585281372,0.47579506039619446,0.5791130065917969,0.4904918968677521,0.5529178380966187,0.5431236624717712,0.5398645997047424,0.5813284516334534,0.5271897912025452,0.610032320022583,call
0.7363742589950562,0.33908388018608093,0.6985032558441162,0.29296255111694336,0.6447349786758423,0.26265043020248413,0.6135508418083191,0.22399242222309113,0.6098315715789795,0.18171079456806183,0.5914595127105713,0.29213815927505493,0.5615613460540771,0.3556894361972809,0.5844274759292603,0.36004751920700073,0.6041451096534729,0.34483689069747925,0.5982898473739624,0.3338589370250702,0.5686913728713989,0.3874776363372803,0.5925353765487671,0.38586750626564026,0.6118360161781311,0.37109124660491943,0.6124948859214783,0.3771700859069824,0.569809079170227,0.422984778881073,0.5897645950317383,0.42052939534187317,0.60862135887146,0.40342235565185547,0.6320077180862427,0.4142370820045471,0.6031089425086975,0.46861690282821655,0.5876897573471069,0.5076407194137573,0.5710226893424988,0.536400318145752,call
0.7513182759284973,0.31347382068634033,0.7146827578544617,0.26896166801452637,0.6621522307395935,0.24028891324996948,0.6306825876235962,0.20318174362182617,0.6257746815681458,0.16249212622642517,0.6101481318473816,0.2651764452457428,0.5765740871429443,0.33285093307495117,0.6004002094268799,0.33707091212272644,0.6197702884674072,0.31987327337265015,0.6174747943878174,0.3040855824947357,0.5847349166870117,0.36268526315689087,0.6094191670417786,0.36226949095726013,0.6281587481498718,0.3462373614311218,0.6309553980827332,0.34611669182777405,0.5848013758659363,0.3947919011116028,0.605977475643158,0.3941348195075989,0.6258845925331116,0.377013623714447,0.6497178077697754,0.3831236958503723,0.6198068261146545,0.43849611282348633,0.6036591529846191,0.47818523645401,0.5863377451896667,0.506183922290802,call
0.7654315829277039,0.3044649362564087,0.7285839915275574,0.26000118255615234,0.6762855648994446,0.22822685539722443,0.6456724405288696,0.18912312388420105,0.639920711517334,0.14730513095855713,0.6253869533538818,0.24989600479602814,0.5888842940330505,0.31673699617385864,0.6118419170379639,0.3217664957046509,0.6316962242126465,0.3054298460483551,0.6326437592506409,0.28769463300704956,0.5952219367027283,0.3468015491962433,0.6210611462593079,0.34701064229011536,0.6405187845230103,0.331269770860672,0.6459944248199463,0.32985109090805054,0.594863772392273,0.379916787147522,0.6189755201339722,0.38046157360076904,0.6415117383003235,0.36450567841529846,0.6649718880653381,0.3675139546394348,0.6315364241600037,0.4221178889274597,0.6142637729644775,0.46262502670288086,0.5956414341926575,0.49233144521713257,call
0.7642167806625366,0.3097870945930481,0.7280527949333191,0.26363229751586914,0.6764985918998718,0.22983673214912415,0.6455695033073425,0.1913413554430008,0.6389225721359253,0.15010881423950195,0.6241852641105652,0.2503839433193207,0.5880467295646667,0.31667008996009827,0.6105859279632568,0.3242321014404297,0.6303889155387878,0.30941537022590637,0.6299320459365845,0.2898235619068146,0.5951119065284729,0.3474413752555847,0.6208041310310364,0.3490218222141266,0.6407275795936584,0.3339001536369324,0.64225834608078,0.3332805037498474,0.5947484374046326,0.3815953731536865,0.6179567575454712,0.3825538754463196,0.6390866041183472,0.36640968918800354,0.6605461835861206,0.37213951349258423,0.6277217268943787,0.4251173138618469,0.6107720732688904,0.4647507667541504,0.5922574996948242,0.4932980239391327,call
0.7640441060066223,0.3159954249858856,0.7293634414672852,0.27064836025238037,0.6774830222129822,0.2351541370153427,0.6461378335952759,0.1958998441696167,0.6396555304527283,0.15506123006343842,0.6230348348617554,0.2527715563774109,0.5868589878082275,0.31953367590904236,0.6102871894836426,0.32978567481040955,0.6305991411209106,0.31597569584846497,0.6273744702339172,0.29215678572654724,0.5913088917732239,0.35110703110694885,0.6177830696105957,0.35526585578918457,0.6376789212226868,0.34080907702445984,0.6383100152015686,0.33617234230041504,0.5882270932197571,0.3854961395263672,0.6126222610473633,0.38916271924972534,0.6352090239524841,0.3746533989906311,0.6553725004196167,0.37595731019973755,0.6214549541473389,0.4291955530643463,0.6036851406097412,0.46882563829421997,0.5846984386444092,0.496886670589447,call
0.7649561166763306,0.32669883966445923,0.7331327199935913,0.27833688259124756,0.6823431253433228,0.23884229362010956,0.6537673473358154,0.19566524028778076,0.6528842449188232,0.15314581990242004,0.6243379712104797,0.25250154733657837,0.5876054167747498,0.3165166974067688,0.6103211641311646,0.32833704352378845,0.6293432116508484,0.315184623003006,0.6270431280136108,0.29446837306022644,0.5933216214179993,0.3488488793373108,0.616858720779419,0.35441842675209045,0.6359431743621826,0.3412531912326813,0.636347234249115,0.3397814631462097,0.5885815620422363,0.3815501034259796,0.6090936660766602,0.386414498090744,0.6301366090774536,0.37229403853416443,0.6517812013626099,0.3804308772087097,0.615304172039032,0.4296480715274811,0.5940497517585754,0.4669659733772278,0.5736430287361145,0.49136272072792053,call
0.7702546119689941,0.3676426112651825,0.748563826084137,0.31146350502967834,0.7082148790359497,0.2603919804096222,0.6861553192138672,0.21221667528152466,0.6912780404090881,0.17184969782829285,0.644802987575531,0.26265573501586914,0.6097636222839355,0.3070218861103058,0.6245903968811035,0.3276571035385132,0.640714704990387,0.32725411653518677,0.6382179260253906,0.303323358297348,0.6044899821281433,0.34134748578071594,0.6226819753646851,0.35490792989730835,0.6417911648750305,0.3540743589401245,0.6395753622055054,0.34933435916900635,0.5914852023124695,0.3727710247039795,0.6069172620773315,0.38313421607017517,0.6272843480110168,0.3802913725376129,0.6483420729637146,0.3921566903591156,0.6075877547264099,0.43033096194267273,0.5825152397155762,0.4614536762237549,0.559592068195343,0.4824589490890503,call
0.7777316570281982,0.39624184370040894,0.7615823149681091,0.33756276965141296,0.7271799445152283,0.27957412600517273,0.7114846706390381,0.22852399945259094,0.7215420603752136,0.18905624747276306,0.6665580868721008,0.2719661593437195,0.624701738357544,0.30501827597618103,0.6370993852615356,0.32872575521469116,0.6540772318840027,0.330878347158432,0.6561880707740784,0.30914008617401123,0.6144940853118896,0.3375494182109833,0.6311402916908264,0.35604995489120483,0.651256263256073,0.35926949977874756,0.6523001194000244,0.35386359691619873,0.5972220301628113,0.36960119009017944,0.612550675868988,0.38559749722480774,0.6338932514190674,0.388260155916214,0.6559638977050781,0.3969241678714752,0.6093073487281799,0.4268561601638794,0.5800809264183044,0.452694296836853,0.5547208189964294,0.4689590334892273,call
0.7801358699798584,0.44409599900245667,0.7704278826713562,0.3826746940612793,0.7420201897621155,0.3219223916530609,0.7302586436271667,0.26906895637512207,0.7422462701797485,0.23128221929073334,0.6783132553100586,0.298705518245697,0.6353361010551453,0.33454015851020813,0.6488949060440063,0.3597394526004791,0.6675167083740234,0.36400726437568665,0.6646464467048645,0.33349549770355225,0.6214712262153625,0.36510756611824036,0.6406911015510559,0.3864743411540985,0.6619594097137451,0.39010345935821533,0.6570582985877991,0.3773573637008667,0.6035183668136597,0.3929436206817627,0.6217871308326721,0.4111228287220001,0.644982099533081,0.41424041986465454,0.6571148633956909,0.4219112992286682,0.6077919602394104,0.4429563283920288,0.5774799585342407,0.46232864260673523,0.5506805777549744,0.4730612635612488,call
0.7817733287811279,0.48859527707099915,0.7762980461120605,0.4300398528575897,0.7529212236404419,0.36650723218917847,0.7462891340255737,0.31391507387161255,0.7620581984519958,0.279529333114624,0.6959779262542725,0.3293837010860443,0.6461194753646851,0.36058709025382996,0.6611568331718445,0.3876524865627289,0.6804532408714294,0.392416387796402,0.6815047264099121,0.3605474829673767,0.6306638717651367,0.38548776507377625,0.649815559387207,0.40995344519615173,0.6704555749893188,0.4162411391735077,0.6706383228302002,0.4009227454662323,0.6133900880813599,0.4109427034854889,0.6310033798217773,0.43331053853034973,0.6539319157600403,0.4412330389022827,0.6645457148551941,0.444621741771698,0.6129241585731506,0.45209431648254395,0.5804279446601868,0.4633306562900543,0.5523065328598022,0.46803826093673706,call
0.7769739627838135,0.5159290432929993,0.776631236076355,0.4620547592639923,0.7622312307357788,0.39795053005218506,0.7577280402183533,0.34555357694625854,0.7741616368293762,0.31309130787849426,0.7100457549095154,0.35284164547920227,0.6580894589424133,0.37300968170166016,0.6664004325866699,0.40332433581352234,0.6837709546089172,0.41420742869377136,0.6925128698348999,0.38019615411758423,0.6399125456809998,0.3947089612483978,0.6519943475723267,0.4230000674724579,0.6705606579780579,0.434691846370697,0.6766030788421631,0.41661596298217773,0.6184570789337158,0.4130052626132965,0.6300055980682373,0.4392566680908203,0.6508263945579529,0.4526277780532837,0.6655829548835754,0.4562639594078064,0.6141971349716187,0.4545847773551941,0.580775797367096,0.45965009927749634,0.5534619688987732,0.45812463760375977,call
0.7674225568771362,0.5448659658432007,0.7712166905403137,0.49254724383354187,0.7635078430175781,0.4306085407733917,0.7638466954231262,0.3801474869251251,0.7827556729316711,0.3530324399471283,0.7168477177619934,0.37653082609176636,0.6602587103843689,0.38543444871902466,0.667119026184082,0.4173726439476013,0.6844437122344971,0.4310060143470764,0.6978316307067871,0.3999088406562805,0.6426435708999634,0.4039500951766968,0.6523637771606445,0.43501922488212585,0.6693498492240906,0.44904011487960815,0.6794674396514893,0.43231362104415894,0.6221815347671509,0.4184575080871582,0.630200207233429,0.44722020626068115,0.6481425762176514,0.46391189098358154,0.664768636226654,0.4688197076320648,0.6148870587348938,0.4536672830581665,0.5815486907958984,0.45094364881515503,0.5545473694801331,0.4431857764720917,call
0.7559739351272583,0.5586971640586853,0.7671741247177124,0.5083107948303223,0.7678698301315308,0.4516580402851105,0.7719017267227173,0.4054071605205536,0.791100263595581,0.3846057057380676,0.7255206108093262,0.39116984605789185,0.6705124378204346,0.3954406976699829,0.6737616658210754,0.42807307839393616,0.6891348958015442,0.44688645005226135,0.7043493986129761,0.4088854193687439,0.6507431268692017,0.41072946786880493,0.6561735272407532,0.4422450661659241,0.6704667210578918,0.4603729546070099,0.6834441423416138,0.4361017346382141,0.628699541091919,0.4199085235595703,0.6326581835746765,0.4495289623737335,0.6470472812652588,0.46858617663383484,0.6657765507698059,0.4691932499408722,0.6176116466522217,0.4472430348396301,0.5865539312362671,0.4381852149963379,0.5620466470718384,0.4243396818637848,call
0.742424726486206,0.574858546257019,0.7533015608787537,0.5232139229774475,0.7540628910064697,0.467399001121521,0.7580521106719971,0.4216853976249695,0.77855384349823,0.39961621165275574,0.712139904499054,0.40606072545051575,0.6597273349761963,0.4094555974006653,0.6614438891410828,0.44099223613739014,0.6744540333747864,0.4601260721683502,0.6907165050506592,0.4212770164012909,0.6398295164108276,0.42060601711273193,0.6436129212379456,0.4516347348690033,0.6567952036857605,0.47172868251800537,0.6698693037033081,0.4472431540489197,0.6185598969459534,0.42846575379371643,0.6190615892410278,0.456210196018219,0.6310931444168091,0.47613275051116943,0.6516948342323303,0.480109304189682,0.6071004867553711,0.44971781969070435,0.576156497001648,0.4354119300842285,0.5523508787155151,0.419670969247818,call
0.7120688557624817,0.5900783538818359,0.7277836799621582,0.5420542359352112,0.7333459854125977,0.49020832777023315,0.7416496872901917,0.44719913601875305,0.7630505561828613,0.43241971731185913,0.6902496814727783,0.4220189154148102,0.6364169716835022,0.4274274706840515,0.6366613507270813,0.4600711762905121,0.6497470736503601,0.4809921681880951,0.6680006384849548,0.43407875299453735,0.6177731156349182,0.43921414017677307,0.6201719641685486,0.4711630046367645,0.6324846148490906,0.4919905662536621,0.6457338929176331,0.4573970437049866,0.5980267524719238,0.4486137926578522,0.5982522964477539,0.47566431760787964,0.6114399433135986,0.49462199211120605,0.6251958608627319,0.48706260323524475,0.5816764235496521,0.45389968156814575,0.5501435399055481,0.43538767099380493,0.5272320508956909,0.4156132638454437,call
0.6906249523162842,0.6140868067741394,0.7166017293930054,0.5578417181968689,0.7304276823997498,0.49267634749412537,0.7477858662605286,0.4425387382507324,0.7752313613891602,0.4263208508491516,0.6779378652572632,0.4217732548713684,0.630014181137085,0.4216079115867615,0.6337938904762268,0.45713141560554504,0.6488150954246521,0.47843581438064575,0.6465016603469849,0.43397289514541626,0.6062504649162292,0.4367325007915497,0.6102283000946045,0.4712657332420349,0.6253316402435303,0.4923449456691742,0.6177277565002441,0.4595719873905182,0.5760579705238342,0.4391496479511261,0.5786874890327454,0.4710933268070221,0.5942721962928772,0.49482738971710205,0.5922830700874329,0.49162498116493225,0.5528171062469482,0.4546077251434326,0.5218249559402466,0.43706774711608887,0.49893614649772644,0.4178194999694824,call
0.6565852761268616,0.618665874004364,0.6962617039680481,0.5554322600364685,0.7210544347763062,0.49037909507751465,0.7460262775421143,0.437716007232666,0.778410792350769,0.4162421226501465,0.6532763838768005,0.4210987687110901,0.6395199298858643,0.42349252104759216,0.6461964845657349,0.4594762921333313,0.6574453711509705,0.4836960434913635,0.61494380235672,0.43203845620155334,0.6108183860778809,0.4411202669143677,0.6202107071876526,0.4749715328216553,0.6309621334075928,0.49713554978370667,0.5854533910751343,0.4593636393547058,0.5737734436988831,0.4453113377094269,0.5879491567611694,0.47534799575805664,0.6045623421669006,0.5002700686454773,0.5620993375778198,0.49217310547828674,0.5235134959220886,0.46066299080848694,0.4968571662902832,0.444260835647583,0.47388705611228943,0.4253184199333191,call
0.6570578813552856,0.6158536076545715,0.6962425708770752,0.5548357963562012,0.7204566597938538,0.4899541735649109,0.7439248561859131,0.4373437464237213,0.7763513922691345,0.4174739718437195,0.6531394124031067,0.4212052822113037,0.6341401934623718,0.42649388313293457,0.6406512260437012,0.46063798666000366,0.6533317565917969,0.4834403395652771,0.6150168776512146,0.4329407811164856,0.6071319580078125,0.4452773332595825,0.6170005202293396,0.4766578674316406,0.629910945892334,0.4981320798397064,0.5856845378875732,0.4611925184726715,0.5708223581314087,0.4509574770927429,0.5853095054626465,0.4792090654373169,0.6038020849227905,0.5023058652877808,0.5624147653579712,0.4951021075248718,0.5256474614143372,0.46569886803627014,0.49721190333366394,0.45116692781448364,0.4724727272987366,0.43394288420677185,call
0.676433801651001,0.6206351518630981,0.7093261480331421,0.5574494004249573,0.7293266654014587,0.49104055762290955,0.7508254647254944,0.43892958760261536,0.7819021940231323,0.4181259274482727,0.6672865748405457,0.4211235046386719,0.6426203846931458,0.4266865849494934,0.6473315954208374,0.4616342782974243,0.6605293154716492,0.4832448661327362,0.6303317546844482,0.4331147074699402,0.6164005398750305,0.44693535566329956,0.6248558759689331,0.48035308718681335,0.6394424438476562,0.5005562901496887,0.6007965207099915,0.4614589512348175,0.5807596445083618,0.45208436250686646,0.5929253101348877,0.4830367863178253,0.6122646927833557,0.5063299536705017,0.5767653584480286,0.49519386887550354,0.539696455001831,0.46494337916374207,0.5100193619728088,0.4514394700527191,0.48542413115501404,0.43533387780189514,call
0.6918002963066101,0.618873119354248,0.7208260893821716,0.5568394064903259,0.7369415760040283,0.4901772737503052,0.7559448480606079,0.4383735656738281,0.7843839526176453,0.4202243387699127,0.6784402132034302,0.4201014041900635,0.6445427536964417,0.4241388440132141,0.6485379338264465,0.46028566360473633,0.662268877029419,0.4824294149875641,0.644188642501831,0.4329244792461395,0.6202569603919983,0.4423867464065552,0.6269292235374451,0.47602126002311707,0.6417272090911865,0.49744531512260437,0.6154533624649048,0.46013379096984863,0.586978554725647,0.4471126198768616,0.5952949523925781,0.4775537848472595,0.6132811307907104,0.5010137557983398,0.5911410450935364,0.4924396872520447,0.5518738627433777,0.4631611704826355,0.5217314958572388,0.45064976811408997,0.49791401624679565,0.43581724166870117,call
0.7155662775039673,0.5886471271514893,0.7348997592926025,0.5303589701652527,0.7417077422142029,0.4644874036312103,0.7557874321937561,0.414215087890625,0.7827252745628357,0.3943040072917938,0.6845571398735046,0.4002133905887604,0.6435306072235107,0.41028231382369995,0.6489576697349548,0.4451921880245209,0.6646580100059509,0.4645659625530243,0.6553958654403687,0.41683322191238403,0.6213411688804626,0.42880675196647644,0.6293147802352905,0.46136197447776794,0.6454444527626038,0.47826728224754333,0.6309792995452881,0.4469989240169525,0.5907958149909973,0.4351310729980469,0.5981464982032776,0.465603768825531,0.6162368059158325,0.4852059781551361,0.6116499900817871,0.48243245482444763,0.566685140132904,0.4612012207508087,0.5338796377182007,0.4543473422527313,0.5083752870559692,0.4432602822780609,call
0.7255589962005615,0.5387201309204102,0.7366498708724976,0.4820084869861603,0.7332430481910706,0.4188481569290161,0.7410901784896851,0.36685293912887573,0.7653546929359436,0.34044891595840454,0.6728416681289673,0.3607040345668793,0.6316393613815308,0.38283228874206543,0.6423051953315735,0.41542384028434753,0.6611528396606445,0.43057307600975037,0.6467458009719849,0.38249605894088745,0.6129400730133057,0.4056965410709381,0.62599778175354,0.4343903064727783,0.6447083950042725,0.445832759141922,0.626117467880249,0.4178219139575958,0.585157573223114,0.41801851987838745,0.5969865322113037,0.44418564438819885,0.6181752681732178,0.4572954475879669,0.6113734841346741,0.4569224715232849,0.5649255514144897,0.44858238101005554,0.5315232276916504,0.45013174414634705,0.5048286318778992,0.4451896548271179,call
0.7152288556098938,0.4885517954826355,0.7170085310935974,0.4290935695171356,0.70414137840271,0.367052286863327,0.7032424211502075,0.31469985842704773,0.7233966588973999,0.28308331966400146,0.6446559429168701,0.3339889645576477,0.6099793314933777,0.347906231880188,0.6187499761581421,0.3775130808353424,0.6352712512016296,0.3908061981201172,0.6214897632598877,0.3607387840747833,0.5893776416778564,0.37975266575813293,0.6011088490486145,0.40337422490119934,0.6181200742721558,0.4132912755012512,0.6044471859931946,0.3973639905452728,0.5602889657020569,0.3977122902870178,0.5718685388565063,0.41861313581466675,0.5914064645767212,0.4298431873321533,0.5950754880905151,0.4357675015926361,0.5482451915740967,0.4408770501613617,0.5161977410316467,0.4481092691421509,0.4897429943084717,0.4493856132030487,call
0.706793487071991,0.45542314648628235,0.7006649971008301,0.39633333683013916,0.6783202290534973,0.3388543725013733,0.6709043979644775,0.28928765654563904,0.6863119006156921,0.2568471431732178,0.6117879748344421,0.31500697135925293,0.5791319012641907,0.35209745168685913,0.5934086441993713,0.37830203771591187,0.6105770468711853,0.38438257575035095,0.5944437980651855,0.3465172350406647,0.5648338794708252,0.3836769461631775,0.5827216506004333,0.40470707416534424,0.6015520095825195,0.4082810878753662,0.5850538015365601,0.3886071741580963,0.5417131185531616,0.40908926725387573,0.5592631697654724,0.4287559986114502,0.5808731913566589,0.4333312511444092,0.5831342339515686,0.4314095973968506,0.5390977263450623,0.4495852589607239,0.5103880167007446,0.46627095341682434,0.4848279356956482,0.4746115207672119,call
0.6751702427864075,0.4891076385974884,0.6621472835540771,0.43807730078697205,0.6316090226173401,0.39202600717544556,0.6169936656951904,0.350206196308136,0.6249947547912598,0.318548321723938,0.5840073227882385,0.3857737183570862,0.551754891872406,0.40758460760116577,0.5467192530632019,0.4359518885612488,0.5492895245552063,0.4505104720592499,0.5712926387786865,0.41628777980804443,0.5379964113235474,0.44185134768486023,0.5418251752853394,0.4621767997741699,0.5509852766990662,0.4706626236438751,0.5648009181022644,0.45416000485420227,0.5207955837249756,0.47507625818252563,0.5266753435134888,0.4925112724304199,0.5379995703697205,0.4990278482437134,0.5659362077713013,0.4913807511329651,0.5244220495223999,0.5217656493186951,0.49954792857170105,0.5458706617355347,0.47810620069503784,0.5620337724685669,call
0.6898259520530701,0.4995400607585907,0.6741568446159363,0.44382452964782715,0.6441580057144165,0.3978411555290222,0.6280252933502197,0.3539024591445923,0.6366891860961914,0.3194214105606079,0.5788719654083252,0.4002811908721924,0.5543198585510254,0.44346851110458374,0.5697841644287109,0.46065187454223633,0.5864247679710388,0.46094200015068054,0.5678871870040894,0.4367348551750183,0.5462629199028015,0.4769805073738098,0.5652952790260315,0.4907897412776947,0.5836848020553589,0.4898700714111328,0.5660261511802673,0.4781208336353302,0.5298067331314087,0.5105749368667603,0.5480254888534546,0.52370685338974,0.5684940814971924,0.5211403369903564,0.5719034075737,0.5162831544876099,0.5322149395942688,0.5537202954292297,0.5084026455879211,0.5831416249275208,0.48699072003364563,0.6023210883140564,call
0.7014032602310181,0.4944192171096802,0.6859481930732727,0.43859151005744934,0.653590202331543,0.39224332571029663,0.6368004083633423,0.3475361168384552,0.6441033482551575,0.3118917942047119,0.5844324231147766,0.39791998267173767,0.5628455281257629,0.44531676173210144,0.5788876414299011,0.46080127358436584,0.5958519577980042,0.459028959274292,0.5742852687835693,0.4357907474040985,0.557680070400238,0.4779514968395233,0.5769612193107605,0.48892757296562195,0.5957615971565247,0.48605018854141235,0.5742907524108887,0.47849953174591064,0.5430305004119873,0.5103263854980469,0.5603767037391663,0.5193575620651245,0.5804241299629211,0.5139920115470886,0.5818383693695068,0.518447995185852,0.544960081577301,0.5539625287055969,0.523051381111145,0.5819754004478455,0.5035347938537598,0.6004126071929932,call
0.7081551551818848,0.5040135979652405,0.6927919387817383,0.44421064853668213,0.6617104411125183,0.39328327775001526,0.6446342468261719,0.3451084494590759,0.6523536443710327,0.30727022886276245,0.5884854793548584,0.4028657078742981,0.5669344663619995,0.4492456316947937,0.5865957736968994,0.4641055166721344,0.606145977973938,0.4622145891189575,0.5782709717750549,0.4439878463745117,0.5616841912269592,0.481898695230484,0.5840227603912354,0.49161696434020996,0.6044921875,0.49003684520721436,0.5788676738739014,0.4884299337863922,0.5454226732254028,0.5172509551048279,0.5661687850952148,0.524513304233551,0.5893929600715637,0.5194240808486938,0.5873592495918274,0.5291895866394043,0.5474279522895813,0.5720653533935547,0.5229254961013794,0.6031803488731384,0.5009932518005371,0.6243612766265869,call
0.6929616928100586,0.5281201004981995,0.6764879822731018,0.4588087797164917,0.6431701183319092,0.40453314781188965,0.6250794529914856,0.349786639213562,0.6333593726158142,0.3023492097854614,0.5643911361694336,0.4185071885585785,0.5527169704437256,0.4615766704082489,0.5749793648719788,0.4749501049518585,0.595827043056488,0.47331345081329346,0.5520653128623962,0.4636780023574829,0.5470006465911865,0.49601951241493225,0.5702149271965027,0.5044829845428467,0.591118335723877,0.5012822151184082,0.552772581577301,0.5134417414665222,0.5271695256233215,0.5378084182739258,0.5488232970237732,0.5456309914588928,0.5720006227493286,0.5407931804656982,0.5623719692230225,0.5585586428642273,0.5277127027511597,0.5985702872276306,0.5051323175430298,0.6337648630142212,0.4822004735469818,0.6600494384765625,call
0.6816694140434265,0.5224041938781738,0.6663942933082581,0.45078787207603455,0.6333699822425842,0.39809277653694153,0.6155795454978943,0.34318575263023376,0.6246151328086853,0.2956879138946533,0.5535743832588196,0.42002472281455994,0.558134913444519,0.45088082551956177,0.5818520188331604,0.46380284428596497,0.599517285823822,0.46607503294944763,0.5418012738227844,0.4653490483760834,0.5534479022026062,0.48747190833091736,0.5753128528594971,0.49371403455734253,0.592706024646759,0.4938778281211853,0.5448667407035828,0.5132651329040527,0.5297402739524841,0.5309791564941406,0.5500926375389099,0.5351736545562744,0.569557785987854,0.5317259430885315,0.5570406317710876,0.5563125610351562,0.5252703428268433,0.593521773815155,0.5048860907554626,0.6270310282707214,0.48277467489242554,0.654167652130127,call
0.6846851706504822,0.5010078549385071,0.66742342710495,0.43472298979759216,0.6343533992767334,0.38415196537971497,0.6161351799964905,0.3317556381225586,0.6236664056777954,0.28663426637649536,0.5565415024757385,0.4065779745578766,0.5520668029785156,0.44915223121643066,0.574540913105011,0.4607881009578705,0.5934590101242065,0.45817556977272034,0.5456904768943787,0.45098453760147095,0.5500651597976685,0.4839029014110565,0.5733689665794373,0.48945969343185425,0.5922430753707886,0.4849104583263397,0.5486730337142944,0.49774429202079773,0.5307280421257019,0.5238312482833862,0.5534903407096863,0.526830792427063,0.5761887431144714,0.5179179906845093,0.5597928166389465,0.5391454100608826,0.5254107713699341,0.5809288024902344,0.50223708152771,0.6176135540008545,0.47908544540405273,0.6458958387374878,call
0.6953662037849426,0.4922258257865906,0.6796464920043945,0.4293995499610901,0.6444706320762634,0.3800777196884155,0.6260160803794861,0.3280729055404663,0.634406566619873,0.28302568197250366,0.5734476447105408,0.3927214741706848,0.5604006052017212,0.43590861558914185,0.5793694853782654,0.4489544928073883,0.5967771410942078,0.44553741812705994,0.5616110563278198,0.43451935052871704,0.5555718541145325,0.470829576253891,0.5760651230812073,0.47890305519104004,0.593709409236908,0.4739110469818115,0.561825156211853,0.4805893898010254,0.5351880788803101,0.5094138979911804,0.5539993643760681,0.5156903266906738,0.574002742767334,0.5077954530715942,0.5704131126403809,0.5225801467895508,0.5348424911499023,0.5671072006225586,0.5125619769096375,0.6031437516212463,0.4915202856063843,0.6292532086372375,call
0.687205970287323,0.5071650743484497,0.6712206602096558,0.44107741117477417,0.6362013220787048,0.38950103521347046,0.617355227470398,0.3371713161468506,0.6245671510696411,0.29042893648147583,0.5623106360435486,0.40685200691223145,0.5498043298721313,0.45191940665245056,0.5726287961006165,0.46279290318489075,0.5926960706710815,0.45846688747406006,0.5524357557296753,0.45148569345474243,0.546380877494812,0.4855765104293823,0.5692421197891235,0.4910726845264435,0.5886742472648621,0.48588261008262634,0.554168164730072,0.5001559853553772,0.5299479365348816,0.5270220041275024,0.5507261753082275,0.5302162170410156,0.5722445845603943,0.5224230885505676,0.5633272528648376,0.5443989634513855,0.5313178300857544,0.5821092128753662,0.5117477774620056,0.6139562129974365,0.4921932518482208,0.6388332843780518,call
0.6890307068824768,0.5119813680648804,0.6729073524475098,0.44517195224761963,0.6374790668487549,0.3925183117389679,0.6177873611450195,0.3386194705963135,0.6252341866493225,0.29184862971305847,0.5594561100006104,0.41519856452941895,0.558702826499939,0.4471885859966278,0.5814814567565918,0.4615081548690796,0.5974594950675964,0.46249938011169434,0.549223005771637,0.4603746831417084,0.5539236664772034,0.48458653688430786,0.5770106315612793,0.4907812178134918,0.5946564674377441,0.4900587797164917,0.551520586013794,0.5065962076187134,0.532048225402832,0.5246691703796387,0.5524435043334961,0.5261140465736389,0.572456419467926,0.5206922888755798,0.5619713068008423,0.5467487573623657,0.5316988229751587,0.584753155708313,0.5129156708717346,0.6163164377212524,0.492728054523468,0.6420186758041382,call
0.6910305023193359,0.5083844065666199,0.6739662885665894,0.4411451816558838,0.638921320438385,0.3895711302757263,0.6208227276802063,0.3371562361717224,0.627895712852478,0.29127106070518494,0.5635493993759155,0.4076243042945862,0.5558532476425171,0.4502224624156952,0.5778312087059021,0.46322789788246155,0.5971113443374634,0.461040198802948,0.5527837872505188,0.4528493881225586,0.5521494150161743,0.4843272566795349,0.5732994675636292,0.4916883111000061,0.5921192169189453,0.48834896087646484,0.5551202297210693,0.501067042350769,0.5347458720207214,0.5247451663017273,0.5519914627075195,0.5298737287521362,0.5704146027565002,0.5239944458007812,0.5657561421394348,0.5448838472366333,0.5342522263526917,0.581403911113739,0.5156406164169312,0.6127629280090332,0.4972512722015381,0.6368519067764282,call
0.6919202208518982,0.5060909390449524,0.6760491728782654,0.4394867718219757,0.6414626836776733,0.3875431418418884,0.6224249005317688,0.33539140224456787,0.6288567781448364,0.29034101963043213,0.5669125318527222,0.40567487478256226,0.5549936294555664,0.44995564222335815,0.5777889490127563,0.46288126707077026,0.597536563873291,0.45952510833740234,0.5560652017593384,0.4505709409713745,0.5523533225059509,0.4841547906398773,0.5754320025444031,0.49075815081596375,0.5950195789337158,0.4862612187862396,0.5573647618293762,0.49797627329826355,0.5341919660568237,0.5234882831573486,0.55399489402771,0.5271711349487305,0.5742863416671753,0.5196574926376343,0.5669082403182983,0.5405192375183105,0.5344429016113281,0.5782288312911987,0.5153201818466187,0.6101782321929932,0.49654239416122437,0.6347838640213013,call
0.6951125860214233,0.5061251521110535,0.6778737306594849,0.43999460339546204,0.6423528790473938,0.38939785957336426,0.6237546801567078,0.3377687335014343,0.6303611397743225,0.29216253757476807,0.5672191977500916,0.40663713216781616,0.5601879954338074,0.4487616717815399,0.5826764106750488,0.4605866074562073,0.6004448533058167,0.4564283788204193,0.557266891002655,0.45026421546936035,0.5579967498779297,0.48117852210998535,0.580137312412262,0.48714911937713623,0.598395049571991,0.48351192474365234,0.559536337852478,0.4964757561683655,0.5382651686668396,0.5190686583518982,0.556477427482605,0.5218384265899658,0.5753000378608704,0.5143545269966125,0.5697493553161621,0.5384320616722107,0.5369900465011597,0.5764080286026001,0.5178279280662537,0.6092070937156677,0.4990713596343994,0.6350308656692505,call
0.6947408318519592,0.5019251108169556,0.6775784492492676,0.4364379644393921,0.6433600187301636,0.3857998251914978,0.6247445344924927,0.3344889283180237,0.6325260400772095,0.2900579869747162,0.5675790309906006,0.40217024087905884,0.5587243437767029,0.4505787789821625,0.5804681181907654,0.46346327662467957,0.5986375212669373,0.4596787393093109,0.5573353171348572,0.4459931552410126,0.5556144714355469,0.4819740653038025,0.5776031017303467,0.4899851381778717,0.5965232849121094,0.4871865510940552,0.5593833923339844,0.4925219714641571,0.5373906493186951,0.5182061791419983,0.5562295317649841,0.5232426524162292,0.5757424235343933,0.5170865058898926,0.5696543455123901,0.5344042778015137,0.5359607338905334,0.5733848810195923,0.516313374042511,0.6068704128265381,0.4973340928554535,0.6328961849212646,call
0.6986169219017029,0.503840982913971,0.6832250356674194,0.43896961212158203,0.6468536853790283,0.38828590512275696,0.626709520816803,0.33593371510505676,0.6337184906005859,0.28908342123031616,0.5718793272972107,0.3998754024505615,0.5611677169799805,0.44723209738731384,0.5822573304176331,0.4601697325706482,0.6004948019981384,0.4561131000518799,0.560712993144989,0.44306570291519165,0.5578423142433167,0.4799616038799286,0.5800710320472717,0.4869789183139801,0.5984556674957275,0.48258113861083984,0.5621822476387024,0.48989465832710266,0.5381479859352112,0.5171068906784058,0.5568682551383972,0.5219385623931885,0.5761516094207764,0.5150090456008911,0.5722886323928833,0.5324317812919617,0.5372804999351501,0.5727428197860718,0.5160439610481262,0.6063988208770752,0.4953443109989166,0.6317324638366699,call
0.6979154348373413,0.4989352226257324,0.6811750531196594,0.434490442276001,0.6473477482795715,0.3848471939563751,0.6292168498039246,0.3338254690170288,0.6366701126098633,0.288615345954895,0.5737313032150269,0.3988214135169983,0.5645038485527039,0.44435128569602966,0.5850573778152466,0.45519235730171204,0.6024104356765747,0.4509347677230835,0.5617620348930359,0.44130218029022217,0.5605800151824951,0.4774799346923828,0.5828888416290283,0.4827466905117035,0.6008124947547913,0.4772985875606537,0.5626041889190674,0.48822516202926636,0.5398000478744507,0.5162405371665955,0.559580385684967,0.5183918476104736,0.5797223448753357,0.5084015130996704,0.5718945860862732,0.5307199954986572,0.5363870859146118,0.5752183198928833,0.5136269927024841,0.6108753085136414,0.49119967222213745,0.6374264359474182,call
0.7037598490715027,0.4961996078491211,0.6855273246765137,0.4355124235153198,0.6492810845375061,0.3846060037612915,0.6302424669265747,0.33270564675331116,0.6373482942581177,0.28690600395202637,0.5770179033279419,0.39485645294189453,0.5603935718536377,0.44307684898376465,0.5798910856246948,0.4564138352870941,0.5973884463310242,0.45215317606925964,0.5669469237327576,0.43728259205818176,0.5558510422706604,0.4764784276485443,0.5781617760658264,0.48464906215667725,0.5971899032592773,0.47929951548576355,0.5683775544166565,0.4835275709629059,0.538005530834198,0.5137251019477844,0.5586151480674744,0.5199862122535706,0.5806616544723511,0.512019693851471,0.5778913497924805,0.5251559019088745,0.5404990315437317,0.5673885345458984,0.5177527070045471,0.6028316020965576,0.49629464745521545,0.6286153197288513,call
0.6972274780273438,0.4950021505355835,0.6822160482406616,0.4322623014450073,0.6481132507324219,0.38260605931282043,0.6300308704376221,0.33246809244155884,0.6378251910209656,0.28939753770828247,0.5753178596496582,0.39658892154693604,0.5609102845191956,0.44537609815597534,0.5808042883872986,0.4576147496700287,0.5989546775817871,0.4527212381362915,0.5649164319038391,0.4382859468460083,0.5587025880813599,0.4778883755207062,0.5793036818504333,0.4857568144798279,0.5971488356590271,0.4811664819717407,0.5660250782966614,0.4832252562046051,0.5415828227996826,0.5124568939208984,0.5596153736114502,0.5180686712265015,0.5786514282226562,0.5104901790618896,0.5752366781234741,0.5243760943412781,0.539972722530365,0.5648202300071716,0.5184265971183777,0.5985726118087769,0.49838703870773315,0.6234825253486633,call
0.702806293964386,0.49380263686180115,0.6850478649139404,0.43114227056503296,0.6511843204498291,0.3813689947128296,0.6336058974266052,0.33145517110824585,0.641304075717926,0.2900635898113251,0.5810019969940186,0.39366328716278076,0.5663207173347473,0.43273982405662537,0.5835771560668945,0.4472846984863281,0.6001746654510498,0.4458805322647095,0.569976806640625,0.434174507856369,0.5616231560707092,0.46808743476867676,0.5806366205215454,0.4777615964412689,0.5984405279159546,0.4753290116786957,0.570399284362793,0.47868216037750244,0.5432068705558777,0.5030499696731567,0.5590608716011047,0.5093244314193726,0.5775921940803528,0.5038386583328247,0.5788455605506897,0.5194687843322754,0.5443038940429688,0.5593177676200867,0.5233697295188904,0.5926706790924072,0.5039042830467224,0.6177177429199219,call
0.7056457996368408,0.4861045181751251,0.6888285279273987,0.42636317014694214,0.6552915573120117,0.3776509165763855,0.6390109062194824,0.3289983868598938,0.6479080319404602,0.28807511925697327,0.5867851972579956,0.38888314366340637,0.5677263736724854,0.4339062571525574,0.5854446291923523,0.44752368330955505,0.6032065153121948,0.4446590542793274,0.5766672492027283,0.4284480810165405,0.5621066689491272,0.46671462059020996,0.5821060538291931,0.4765228033065796,0.6012808084487915,0.4730343818664551,0.5771384835243225,0.4723621606826782,0.545440673828125,0.5003460049629211,0.5628907084465027,0.5086073875427246,0.5831174254417419,0.5030805468559265,0.585889995098114,0.5125566720962524,0.5508521199226379,0.550579845905304,0.5286163091659546,0.5821013450622559,0.5080925226211548,0.6041055917739868,call
0.7095330953598022,0.4884246587753296,0.693882942199707,0.43017417192459106,0.659830629825592,0.38188380002975464,0.6428188681602478,0.3344586193561554,0.6504338383674622,0.2956329584121704,0.5910605788230896,0.39015036821365356,0.5705112218856812,0.4381086230278015,0.5881224870681763,0.45352429151535034,0.6058259606361389,0.4514070749282837,0.5814522504806519,0.42812883853912354,0.5666636228561401,0.4707958698272705,0.5869042873382568,0.4816323220729828,0.6054155826568604,0.478110671043396,0.5824639797210693,0.470992773771286,0.5507299900054932,0.5034271478652954,0.5693449974060059,0.513057291507721,0.5898196697235107,0.50779789686203,0.5913809537887573,0.5103963017463684,0.555375337600708,0.5485808849334717,0.5321775674819946,0.578571617603302,0.5107516050338745,0.599053680896759,call
0.7107542753219604,0.4868294596672058,0.6945794224739075,0.42851030826568604,0.6602232456207275,0.3792620301246643,0.6430054903030396,0.3328098654747009,0.6510310769081116,0.29377326369285583,0.590981662273407,0.3860992193222046,0.5698438882827759,0.43402722477912903,0.5887770652770996,0.4493013620376587,0.6072104573249817,0.44714659452438354,0.5815601944923401,0.4247553050518036,0.5646988749504089,0.46719565987586975,0.5860028862953186,0.4768725633621216,0.6054083108901978,0.4727114140987396,0.5825114250183105,0.4682449996471405,0.5498121380805969,0.5007878541946411,0.569521963596344,0.5086154937744141,0.5906537175178528,0.5020183324813843,0.5913159847259521,0.5081517696380615,0.5564802289009094,0.5459254384040833,0.5343326926231384,0.5751221179962158,0.5134406089782715,0.5951209664344788,call
0.711826741695404,0.48568347096443176,0.6961907148361206,0.4279545545578003,0.6626424193382263,0.37946441769599915,0.6450574398040771,0.3329075574874878,0.6524388194084167,0.293457955121994,0.5931821465492249,0.3864489793777466,0.5705305933952332,0.43638429045677185,0.5893256068229675,0.4520206153392792,0.6077049970626831,0.4496912360191345,0.5840244889259338,0.42434003949165344,0.566166877746582,0.4678927958011627,0.5877914428710938,0.47805073857307434,0.6072603464126587,0.47396641969680786,0.5851870179176331,0.4673190414905548,0.5509777665138245,0.4996376633644104,0.5707210302352905,0.5085404515266418,0.5923673510551453,0.50278240442276,0.5942171216011047,0.5074238777160645,0.5571491718292236,0.5458382368087769,0.5331098437309265,0.5756363868713379,0.5109267234802246,0.5956476330757141,call
0.7107938528060913,0.4986709952354431,0.6944376826286316,0.441025972366333,0.6623055934906006,0.3927796483039856,0.6454558372497559,0.34597066044807434,0.65257328748703,0.30715328454971313,0.5975867509841919,0.40072953701019287,0.5746573209762573,0.43915945291519165,0.5891221761703491,0.4575555920600891,0.6040255427360535,0.4581880271434784,0.5872375965118408,0.43881136178970337,0.5671512484550476,0.473916232585907,0.5855228304862976,0.48706382513046265,0.6035653352737427,0.4863109886646271,0.5861823558807373,0.4817156195640564,0.5501753687858582,0.5087347626686096,0.5673777461051941,0.5186923146247864,0.5874554514884949,0.5150258541107178,0.5926709175109863,0.521131694316864,0.5553473830223083,0.5595107078552246,0.5316243171691895,0.5889837741851807,0.5095337629318237,0.6086407899856567,call
0.7168488502502441,0.5032508373260498,0.6998706459999084,0.44641557335853577,0.6657054424285889,0.39792943000793457,0.6489194631576538,0.3519938290119171,0.657217800617218,0.3152400851249695,0.5970166325569153,0.4027532935142517,0.574204683303833,0.4541758596897125,0.5933322906494141,0.4707532525062561,0.6110289096832275,0.4683191478252411,0.5880167484283447,0.44019272923469543,0.5697057247161865,0.48610156774520874,0.5911311507225037,0.497424840927124,0.6098632216453552,0.4934176206588745,0.5889018774032593,0.48321953415870667,0.5544923543930054,0.5177704691886902,0.5745273232460022,0.5275447368621826,0.5956507921218872,0.521759569644928,0.5970447063446045,0.523540735244751,0.5594943761825562,0.5614356994628906,0.5353736281394958,0.5905277132987976,0.5128565430641174,0.6098392605781555,call
0.7243539094924927,0.5131229758262634,0.7087329626083374,0.45575830340385437,0.6759089231491089,0.4083704948425293,0.6602174043655396,0.36377212405204773,0.6683178544044495,0.32711029052734375,0.6090472936630249,0.4103355407714844,0.5848739743232727,0.4615541100502014,0.6029800772666931,0.4777326285839081,0.6199245452880859,0.47469717264175415,0.5991823077201843,0.44674718379974365,0.5799167156219482,0.4920629560947418,0.5998537540435791,0.5033650994300842,0.6178430318832397,0.4999406337738037,0.598803699016571,0.48857125639915466,0.5648122429847717,0.5217183232307434,0.5831067562103271,0.5314849019050598,0.6030538082122803,0.5264281630516052,0.6060197949409485,0.5276781320571899,0.5686013102531433,0.5631675124168396,0.5457203984260559,0.5898084044456482,0.5250676870346069,0.6069879531860352,call
0.7427772283554077,0.5225048065185547,0.7311124801635742,0.46655571460723877,0.7007619738578796,0.41693130135536194,0.6863744854927063,0.3714696168899536,0.6950993537902832,0.33663272857666016,0.6386653780937195,0.4160201847553253,0.6101984977722168,0.4484328329563141,0.6205039024353027,0.4689270853996277,0.6331795454025269,0.4718050956726074,0.626358687877655,0.44957348704338074,0.6004746556282043,0.4834531843662262,0.6168338060379028,0.49754801392555237,0.632628858089447,0.4960213899612427,0.6220868229866028,0.4893379211425781,0.5828165411949158,0.5149033069610596,0.5982666015625,0.5263147950172424,0.6161378622055054,0.5227102637290955,0.6257385015487671,0.5262952446937561,0.586962878704071,0.5588937401771545,0.56141197681427,0.5830088257789612,0.5376462340354919,0.5970509648323059,call
0.7610906362533569,0.5320690274238586,0.749744713306427,0.4773109257221222,0.7180114388465881,0.4242326021194458,0.7040073275566101,0.37785375118255615,0.7147440314292908,0.34577885270118713,0.6545383334159851,0.4131981134414673,0.6194844245910645,0.4568920433521271,0.6349676847457886,0.4777986705303192,0.6524456739425659,0.47897642850875854,0.6423859000205994,0.4442378878593445,0.6095083355903625,0.4874733090400696,0.6299401521682739,0.5031406283378601,0.6486610770225525,0.501575231552124,0.6374258399009705,0.4834153652191162,0.5921698808670044,0.5127775073051453,0.6116626858711243,0.5276764035224915,0.6329135298728943,0.5260194540023804,0.640251874923706,0.5213952660560608,0.5973854064941406,0.550333559513092,0.5710679292678833,0.5737497806549072,0.547386646270752,0.586982011795044,call
0.7968365550041199,0.5215866565704346,0.7898027300834656,0.4730471670627594,0.7645377516746521,0.4219238758087158,0.7551687359809875,0.3775700032711029,0.7669277787208557,0.3505735397338867,0.7028406262397766,0.39458662271499634,0.6613597869873047,0.44057223200798035,0.6768304109573364,0.4649338722229004,0.6941955089569092,0.4677348732948303,0.6897683143615723,0.4210549592971802,0.6494107246398926,0.46459856629371643,0.6681261658668518,0.4843722879886627,0.6855475902557373,0.4862084686756134,0.6823424696922302,0.4572750926017761,0.632051944732666,0.48336926102638245,0.6493943929672241,0.5031799077987671,0.6698384881019592,0.5070987343788147,0.6818263530731201,0.49502795934677124,0.6347885131835938,0.5134809613227844,0.604454755783081,0.5316354036331177,0.5783198475837708,0.5412557721138,call
0.8113108277320862,0.5369436740875244,0.8105647563934326,0.48574742674827576,0.7916302680969238,0.43146249651908875,0.7867903113365173,0.38543185591697693,0.8025403022766113,0.3591248393058777,0.7273320555686951,0.3959854245185852,0.684640645980835,0.4334716200828552,0.6953040957450867,0.4629577696323395,0.7122479677200317,0.4730873703956604,0.7092480063438416,0.41959068179130554,0.6687009930610657,0.45693477988243103,0.6835203766822815,0.4817436635494232,0.7013427019119263,0.4897734820842743,0.6979564428329468,0.4555034041404724,0.6479824781417847,0.47414639592170715,0.6619542837142944,0.4984012842178345,0.6816107034683228,0.5076639652252197,0.6936777830123901,0.49580028653144836,0.6447144746780396,0.505688488483429,0.6129924058914185,0.5186250805854797,0.5865587592124939,0.5240150094032288,call
0.803438663482666,0.5642815828323364,0.8087831139564514,0.5124132037162781,0.7971166372299194,0.4573540687561035,0.7962889671325684,0.4108375012874603,0.814037024974823,0.38527220487594604,0.7331830263137817,0.4104527533054352,0.6942020058631897,0.4432225823402405,0.7023266553878784,0.4739096462726593,0.717519223690033,0.48582902550697327,0.7109923958778381,0.4304729700088501,0.6754288077354431,0.46386826038360596,0.6858302354812622,0.4911692142486572,0.7020689249038696,0.5014646053314209,0.6955268979072571,0.4634380340576172,0.6507304906845093,0.4781770706176758,0.6582075953483582,0.5038783550262451,0.6743560433387756,0.5152072906494141,0.6864926815032959,0.5016262531280518,0.6385794878005981,0.4989738166332245,0.6046904921531677,0.5037739276885986,0.5778139233589172,0.503507137298584,call
0.7893081903457642,0.5972159504890442,0.8026966452598572,0.5392817854881287,0.7980704307556152,0.4775564968585968,0.8044019937515259,0.42740631103515625,0.8287671208381653,0.40546244382858276,0.7377297282218933,0.42010799050331116,0.7128795385360718,0.44943007826805115,0.718576192855835,0.4802645146846771,0.7304520010948181,0.49362900853157043,0.7092798948287964,0.4362667202949524,0.6885005831718445,0.4658942222595215,0.6974954009056091,0.49233198165893555,0.7116678357124329,0.5058803558349609,0.6877841949462891,0.4672401249408722,0.6547031998634338,0.47656574845314026,0.6630968451499939,0.5004218816757202,0.6795809864997864,0.5150152444839478,0.6733824014663696,0.5039302706718445,0.6279893517494202,0.4945385456085205,0.5944057703018188,0.4921205937862396,0.5671827793121338,0.48702138662338257,call
0.7527840733528137,0.6339175701141357,0.7800511121749878,0.5770684480667114,0.7917076349258423,0.5118215680122375,0.8101768493652344,0.46315303444862366,0.838982880115509,0.44606077671051025,0.7299408912658691,0.44023597240448,0.7117137908935547,0.46946460008621216,0.7193190455436707,0.5046453475952148,0.7322589755058289,0.5205682516098022,0.6963925361633301,0.45178860425949097,0.6870635747909546,0.49034932255744934,0.7001495361328125,0.5198945999145508,0.7159680128097534,0.5323112607002258,0.6689064502716064,0.47907283902168274,0.6556434631347656,0.5026717185974121,0.6719037294387817,0.5311188101768494,0.6916423439979553,0.5467804074287415,0.6456933617591858,0.5108131766319275,0.6092216372489929,0.48353850841522217,0.5798418521881104,0.4672302007675171,0.5567630529403687,0.45097580552101135,call
0.6979284882545471,0.6453317403793335,0.7467375993728638,0.5963259935379028,0.7758400440216064,0.5344587564468384,0.8020864129066467,0.48590752482414246,0.8351656198501587,0.46569645404815674,0.7069664001464844,0.46031203866004944,0.7119035124778748,0.48166415095329285,0.71653151512146,0.5163501501083374,0.7200319766998291,0.5392932295799255,0.6686871647834778,0.4664631485939026,0.6804571747779846,0.506329357624054,0.6920093297958374,0.5365215539932251,0.7003906965255737,0.5530611872673035,0.6389585137367249,0.49127396941185,0.6457303166389465,0.5179247856140137,0.6640080213546753,0.5500963926315308,0.6768865585327148,0.5708555579185486,0.614367663860321,0.5220341086387634,0.5857627391815186,0.49201342463493347,0.5648593902587891,0.47001129388809204,0.546880304813385,0.44962626695632935,call
0.6314259171485901,0.6514869928359985,0.692908763885498,0.6064900159835815,0.7316660284996033,0.5440425872802734,0.7639923095703125,0.49319612979888916,0.7970238924026489,0.46876922249794006,0.6670398116111755,0.46311649680137634,0.6775258779525757,0.48740774393081665,0.6780346035957336,0.5215342044830322,0.6750759482383728,0.5439425706863403,0.6283146739006042,0.46706724166870117,0.6417943239212036,0.504595935344696,0.6477112770080566,0.5341252684593201,0.6495779156684875,0.5522465109825134,0.5978118181228638,0.48977094888687134,0.6082001328468323,0.511375367641449,0.6200662851333618,0.5449312925338745,0.6263574957847595,0.5676706433296204,0.5726208090782166,0.5194404721260071,0.5552760362625122,0.486123263835907,0.5396637916564941,0.4634890556335449,0.5248966217041016,0.44448161125183105,call
0.6120365262031555,0.6608201265335083,0.6729840636253357,0.6160895228385925,0.7142263054847717,0.5507963299751282,0.7467143535614014,0.4978411793708801,0.779635488986969,0.47494983673095703,0.6501537561416626,0.4685802459716797,0.662325382232666,0.491770476102829,0.6615964770317078,0.5260436534881592,0.6564949750900269,0.5478187799453735,0.6124187111854553,0.47244682908058167,0.6252391934394836,0.509175181388855,0.6307891011238098,0.5394206643104553,0.6311511993408203,0.5568831562995911,0.5832473039627075,0.4946085214614868,0.5925366282463074,0.5157849788665771,0.6029821634292603,0.5498024821281433,0.6070067286491394,0.5725150108337402,0.5594648718833923,0.5232769250869751,0.5454570055007935,0.48812228441238403,0.5300641059875488,0.4662380814552307,0.5134329199790955,0.4485781490802765,call
0.6083810329437256,0.6589525938034058,0.6716393828392029,0.617131233215332,0.7130560874938965,0.5553104281425476,0.7449448108673096,0.5035083889961243,0.7777655124664307,0.48120149970054626,0.6477153301239014,0.47527384757995605,0.6628331542015076,0.4971838593482971,0.6618890166282654,0.5300087928771973,0.6551986932754517,0.5512269735336304,0.610083281993866,0.47798481583595276,0.6254549622535706,0.5125736594200134,0.6303843259811401,0.5406989455223083,0.6293274164199829,0.5582520961761475,0.5810976624488831,0.49858996272087097,0.5922943353652954,0.5172622799873352,0.602545440196991,0.5491692423820496,0.6058365106582642,0.5715741515159607,0.5574198961257935,0.5254555940628052,0.545403778553009,0.48937997221946716,0.5328555107116699,0.4650937020778656,0.5189838409423828,0.4455629587173462,call
0.6260552406311035,0.6570982933044434,0.684514045715332,0.615233838558197,0.7233681678771973,0.5552003383636475,0.7549341917037964,0.5051444172859192,0.7882537841796875,0.4834090769290924,0.6608095765113831,0.4734864830970764,0.667244553565979,0.49999743700027466,0.6683849692344666,0.5330262184143066,0.6666755676269531,0.5548993349075317,0.6228289604187012,0.4739689230918884,0.6329208016395569,0.514581561088562,0.6392949819564819,0.5445210337638855,0.643010675907135,0.5628339052200317,0.5921538472175598,0.4939473569393158,0.6001154184341431,0.519778311252594,0.6108775734901428,0.5545098185539246,0.6177083253860474,0.5770570635795593,0.5660592317581177,0.5216077566146851,0.5516659617424011,0.48332786560058594,0.5377109050750732,0.45665156841278076,0.5245280861854553,0.43446314334869385,call
0.6463921666145325,0.6596775054931641,0.7029910683631897,0.6139600872993469,0.7395706176757812,0.5554805994033813,0.7705683708190918,0.5076535940170288,0.8042969703674316,0.48719069361686707,0.674786388874054,0.4742068648338318,0.6823735237121582,0.4978564977645874,0.6839274764060974,0.5303759574890137,0.6823290586471558,0.5528559684753418,0.6364332437515259,0.4753631055355072,0.648012638092041,0.5149969458580017,0.6551706194877625,0.5440686345100403,0.6593723893165588,0.562344491481781,0.605654239654541,0.49625322222709656,0.6146122217178345,0.521806538105011,0.6269788146018982,0.5559354424476624,0.6346925497055054,0.5779845714569092,0.5794902443885803,0.5246275663375854,0.5618360042572021,0.48349881172180176,0.5470806360244751,0.4545980393886566,0.5338208675384521,0.4301195740699768,call
0.6824525594711304,0.6444007158279419,0.7309991717338562,0.6028188467025757,0.7630734443664551,0.5497141480445862,0.7908955812454224,0.5067501664161682,0.8217555284500122,0.4911011755466461,0.699340283870697,0.47550636529922485,0.698896586894989,0.49129658937454224,0.7016065120697021,0.5223906636238098,0.7057012915611267,0.5452311038970947,0.6618708968162537,0.47611385583877563,0.6695983409881592,0.5102220177650452,0.6777269244194031,0.538304328918457,0.6857470273971558,0.5551237463951111,0.632127046585083,0.49565571546554565,0.6363524198532104,0.5173279047012329,0.649970531463623,0.5487043261528015,0.6614976525306702,0.5688393115997314,0.606021523475647,0.5219454169273376,0.5832900404930115,0.4832586646080017,0.5654379725456238,0.4561220407485962,0.5510712265968323,0.4323488771915436,call
0.7137502431869507,0.6465787291526794,0.7554146647453308,0.6001904606819153,0.7803139686584473,0.5413580536842346,0.8047498464584351,0.49564242362976074,0.83405601978302,0.48044320940971375,0.7159717679023743,0.47135111689567566,0.710326075553894,0.48714613914489746,0.714102566242218,0.5186640024185181,0.7214446663856506,0.5408168435096741,0.6796159148216248,0.4751397371292114,0.6822624206542969,0.5082300901412964,0.6909282207489014,0.5363035798072815,0.7015944719314575,0.5526926517486572,0.6501615047454834,0.4973222315311432,0.6497781276702881,0.5158713459968567,0.6629772782325745,0.5454275608062744,0.676826536655426,0.5656144022941589,0.6243579387664795,0.5262268781661987,0.5962679386138916,0.4916868805885315,0.5743657946586609,0.46831727027893066,0.5579976439476013,0.4470745623111725,call
0.7526763081550598,0.6315611004829407,0.7814756631851196,0.56992107629776,0.7915759086608887,0.5052598714828491,0.8076945543289185,0.4517247676849365,0.8349211812019348,0.4229932427406311,0.7205376029014587,0.44817978143692017,0.7192554473876953,0.4851934015750885,0.72776198387146,0.515790581703186,0.7387868762016296,0.531717836856842,0.686329185962677,0.4673118591308594,0.6950696110725403,0.50958251953125,0.7088912129402161,0.535779595375061,0.7222814559936523,0.5472618341445923,0.6618879437446594,0.5026860237121582,0.6598877906799316,0.5238156914710999,0.6790353655815125,0.5477622151374817,0.6985173225402832,0.5615159273147583,0.6440142393112183,0.5439569354057312,0.6060550212860107,0.5283635258674622,0.5761387944221497,0.5204051733016968,0.5500937700271606,0.5092266201972961,call
0.7573222517967224,0.5761563181877136,0.7614548206329346,0.508552074432373,0.7476529479026794,0.44775325059890747,0.7459017634391785,0.39329659938812256,0.764204740524292,0.3583049774169922,0.6687592267990112,0.4279012084007263,0.6649457812309265,0.4634304940700531,0.6818625330924988,0.48677900433540344,0.697651207447052,0.4942256510257721,0.6453074216842651,0.46200791001319885,0.6509444117546082,0.4951536953449249,0.6698234677314758,0.5128682851791382,0.6864569187164307,0.5162585377693176,0.6344168782234192,0.5054773688316345,0.6216557621955872,0.5242227911949158,0.6427786946296692,0.5380209684371948,0.6654071807861328,0.5397791862487793,0.6308844685554504,0.5500664114952087,0.5904277563095093,0.5582770109176636,0.5601811408996582,0.5729782581329346,0.5329652428627014,0.5823366045951843,call
0.7840585708618164,0.5365276336669922,0.7836171388626099,0.4805062711238861,0.7655156850814819,0.42791134119033813,0.7612630724906921,0.380094438791275,0.7773451209068298,0.3506683111190796,0.6958692669868469,0.4033658802509308,0.6756208539009094,0.4421611726284027,0.6876017451286316,0.4662292003631592,0.7022139430046082,0.47240984439849854,0.6760385632514954,0.43329763412475586,0.6601762175559998,0.46988874673843384,0.6737058758735657,0.4902042746543884,0.6897622346878052,0.49400216341018677,0.6655727624893188,0.4722183048725128,0.6351443529129028,0.493408739566803,0.6474435329437256,0.5129567980766296,0.6659082174301147,0.5179155468940735,0.6620657444000244,0.5121510624885559,0.6200050115585327,0.5261189341545105,0.5902442336082458,0.5415520071983337,0.5659231543540955,0.5495978593826294,call
0.7805827856063843,0.5284292697906494,0.775981068611145,0.47553420066833496,0.7565637230873108,0.42645034193992615,0.7516664266586304,0.38151347637176514,0.7663969993591309,0.35457828640937805,0.6875863671302795,0.4068886637687683,0.6628290414810181,0.44953086972236633,0.6739035844802856,0.47398409247398376,0.6881014108657837,0.47980406880378723,0.670377790927887,0.4348539113998413,0.6486376523971558,0.4778110086917877,0.6613518595695496,0.4980922043323517,0.6767352223396301,0.5015137195587158,0.6625498533248901,0.47210413217544556,0.6282978057861328,0.5018671154975891,0.6398168802261353,0.5216737985610962,0.6566277146339417,0.5261104106903076,0.661392092704773,0.5107805132865906,0.6178632974624634,0.5266215205192566,0.5881363153457642,0.5427469611167908,0.5634609460830688,0.5516554117202759,call
